-- 快递初始化数据，add by tt, 20170504
INSERT INTO `eh_express_companies` (`id`, `namespace_id`, `owner_type`, `owner_id`, `parent_id`, `name`, `logo`, `status`, `creator_uid`, `create_time`, `update_time`, `operator_uid`) VALUES (1, 0, '', 0, 0, 'ems', 'cs://1/image/aW1hZ2UvTVRwak9XSTJOVFJqWXpjMVkyTmtNVGt4WW1NNU1qaGlNR0k1WlRNelpXRTJNdw', 2, 0, now(), now(), 0);
select max(id) into @id from `eh_locale_strings`;
INSERT INTO `eh_locale_strings` (`id`, `scope`, `code`, `locale`, `text`) VALUES (@id:=@id+1, 'express', '10000', 'zh_CN', '订单状态错误');
INSERT INTO `eh_locale_strings` (`id`, `scope`, `code`, `locale`, `text`) VALUES (@id:=@id+1, 'express', '10001', 'zh_CN', '您没有相关权限');
INSERT INTO `eh_locale_strings` (`id`, `scope`, `code`, `locale`, `text`) VALUES (@id:=@id+1, 'express', '10002', 'zh_CN', '用户（%s）未注册，无法添加');

-- 添加菜单，add by tt, 20170504
INSERT INTO `eh_web_menus` (`id`, `name`, `parent_id`, `icon_url`, `data_type`, `leaf_flag`, `status`, `path`, `type`, `sort_num`, `module_id`) VALUES (40700, '快递管理', 40000, NULL, NULL, 1, 2, '/40000/70100', 'park', 495, 40700);
INSERT INTO `eh_web_menus` (`id`, `name`, `parent_id`, `icon_url`, `data_type`, `leaf_flag`, `status`, `path`, `type`, `sort_num`, `module_id`) VALUES (40710, '快递员管理', 40700, NULL, 'react:/deliver-management/permission-setting/40700', 0, 2, '/40000/40700/40710', 'park', 496, 40700);
INSERT INTO `eh_web_menus` (`id`, `name`, `parent_id`, `icon_url`, `data_type`, `leaf_flag`, `status`, `path`, `type`, `sort_num`, `module_id`) VALUES (40720, '订单记录', 40700, NULL, 'react:/deliver-management/order-record/40700', 0, 2, '/40000/40700/40720', 'park', 497, 40700);

-- 添加权限，add by tt, 20170504
INSERT INTO `eh_acl_privileges` (`id`, `app_id`, `name`, `description`, `tag`) VALUES (30025, 0, '快递管理 管理员', '快递管理 业务模块权限', NULL);
INSERT INTO `eh_acl_privileges` (`id`, `app_id`, `name`, `description`, `tag`) VALUES (30026, 0, '快递管理 快递员', '快递管理 业务模块权限', NULL);

-- 关联菜单和权限，add by tt, 20170504
select max(id) into @id from `eh_web_menu_privileges`;
INSERT INTO `eh_web_menu_privileges` (`id`, `privilege_id`, `menu_id`, `name`, `show_flag`, `status`, `discription`, `sort_num`) VALUES (@id:=@id+1, 30025, 40700, '快递管理', 1, 1, '快递管理 全部权限', 711);
INSERT INTO `eh_web_menu_privileges` (`id`, `privilege_id`, `menu_id`, `name`, `show_flag`, `status`, `discription`, `sort_num`) VALUES (@id:=@id+1, 30025, 40710, '快递管理', 1, 1, '快递管理 全部权限', 712);
INSERT INTO `eh_web_menu_privileges` (`id`, `privilege_id`, `menu_id`, `name`, `show_flag`, `status`, `discription`, `sort_num`) VALUES (@id:=@id+1, 30025, 40720, '快递管理', 1, 1, '快递管理 全部权限', 713);
INSERT INTO `eh_web_menu_privileges` (`id`, `privilege_id`, `menu_id`, `name`, `show_flag`, `status`, `discription`, `sort_num`) VALUES (@id:=@id+1, 30026, 40700, '快递管理', 1, 1, '快递管理 快递员权限', 711);
INSERT INTO `eh_web_menu_privileges` (`id`, `privilege_id`, `menu_id`, `name`, `show_flag`, `status`, `discription`, `sort_num`) VALUES (@id:=@id+1, 30026, 40720, '快递管理', 1, 1, '快递管理 快递员权限', 713);

-- 添加快递部门，add by tt, 20170504
INSERT INTO `eh_organizations` (`id`, `parent_id`, `organization_type`, `name`, `address_id`, `description`, `path`, `level`, `status`, `department_type`, `group_type`, `create_time`, `update_time`, `directly_enterprise_id`, `namespace_id`, `group_id`, `integral_tag1`, `integral_tag2`, `integral_tag3`, `integral_tag4`, `integral_tag5`, `string_tag1`, `string_tag2`, `string_tag3`, `string_tag4`, `string_tag5`, `show_flag`, `namespace_organization_token`, `namespace_organization_type`, `size`) VALUES (1007018, 1007144, 'PM', '快递部', 0, NULL, '/1007144/1007018', 2, 2, NULL, 'DEPARTMENT', '2016-10-31 15:02:13', '2016-10-31 15:02:13', 1007144, 999985, NULL, NULL, NULL, NULL, NULL, NULL, NULL, NULL, NULL, NULL, NULL, 1, NULL, NULL, NULL);

-- 关联权限，add by tt, 20170504
select max(id) into @id from `eh_acls`;
INSERT INTO `eh_acls` (`id`, `owner_type`, `owner_id`, `grant_type`, `privilege_id`, `role_id`, `order_seq`, `creator_uid`, `create_time`, `namespace_id`, `role_type`, `scope`, `integral_tag1`, `integral_tag2`, `integral_tag3`, `integral_tag4`, `integral_tag5`, `comment_tag1`, `comment_tag2`, `comment_tag3`, `comment_tag4`, `comment_tag5`) VALUES (@id:=@id+1, 'EhCommunities', 240111044331055035, 1, 30026, 1007018, 0, 1, now(), 999985, 'EhOrganizations', 'EhCommunities240111044331055035.M20000', NULL, NULL, NULL, NULL, NULL, NULL, NULL, NULL, NULL, NULL);
INSERT INTO `eh_acls` (`id`, `owner_type`, `owner_id`, `grant_type`, `privilege_id`, `role_id`, `order_seq`, `creator_uid`, `create_time`, `namespace_id`, `role_type`, `scope`, `integral_tag1`, `integral_tag2`, `integral_tag3`, `integral_tag4`, `integral_tag5`, `comment_tag1`, `comment_tag2`, `comment_tag3`, `comment_tag4`, `comment_tag5`) VALUES (@id:=@id+1, 'EhCommunities', 240111044331055036, 1, 30026, 1007018, 0, 1, now(), 999985, 'EhOrganizations', 'EhCommunities240111044331055036.M20000', NULL, NULL, NULL, NULL, NULL, NULL, NULL, NULL, NULL, NULL);
INSERT INTO `eh_acls` (`id`, `owner_type`, `owner_id`, `grant_type`, `privilege_id`, `role_id`, `order_seq`, `creator_uid`, `create_time`, `namespace_id`, `role_type`, `scope`, `integral_tag1`, `integral_tag2`, `integral_tag3`, `integral_tag4`, `integral_tag5`, `comment_tag1`, `comment_tag2`, `comment_tag3`, `comment_tag4`, `comment_tag5`) VALUES (@id:=@id+1, 'EhOrganizations', NULL, 1, 30025, 1005, 0, 1, now(), 0, 'EhAclRoles', NULL, NULL, NULL, NULL, NULL, NULL, NULL, NULL, NULL, NULL, NULL);
INSERT INTO `eh_acls` (`id`, `owner_type`, `owner_id`, `grant_type`, `privilege_id`, `role_id`, `order_seq`, `creator_uid`, `create_time`, `namespace_id`, `role_type`, `scope`, `integral_tag1`, `integral_tag2`, `integral_tag3`, `integral_tag4`, `integral_tag5`, `comment_tag1`, `comment_tag2`, `comment_tag3`, `comment_tag4`, `comment_tag5`) VALUES (@id:=@id+1, 'EhOrganizations', NULL, 1, 30025, 1001, 0, 1, now(), 0, 'EhAclRoles', NULL, NULL, NULL, NULL, NULL, NULL, NULL, NULL, NULL, NULL, NULL);

-- 显示的菜单，add by tt, 20170504
select max(id) into @id from `eh_web_menu_scopes`;
INSERT INTO `eh_web_menu_scopes` (`id`, `menu_id`, `menu_name`, `owner_type`, `owner_id`, `apply_policy`) VALUES (@id:=@id+1, 40700, '', 'EhNamespaces', 999985, 2);
INSERT INTO `eh_web_menu_scopes` (`id`, `menu_id`, `menu_name`, `owner_type`, `owner_id`, `apply_policy`) VALUES (@id:=@id+1, 40710, '', 'EhNamespaces', 999985, 2);
INSERT INTO `eh_web_menu_scopes` (`id`, `menu_id`, `menu_name`, `owner_type`, `owner_id`, `apply_policy`) VALUES (@id:=@id+1, 40720, '', 'EhNamespaces', 999985, 2);

-- 服务广场配置，add by tt, 20170523(alpha)
select max(id) into @id from `eh_launch_pad_items`;
INSERT INTO `eh_launch_pad_items` (`id`, `namespace_id`, `app_id`, `scope_code`, `scope_id`, `item_location`, `item_group`, `item_name`, `item_label`, `icon_uri`, `item_width`, `item_height`, `action_type`, `action_data`, `default_order`, `apply_policy`, `min_version`, `display_flag`, `display_layout`, `bgcolor`, `tag`, `target_type`, `target_id`, `delete_flag`, `scene_type`, `scale_type`, `service_categry_id`, `selected_icon_uri`, `more_order`, `alias_icon_uri`) VALUES (@id:=@id+1, 999985, 0, 0, 0, '/home', 'Bizs', '快递', '快递', 'cs://1/image/aW1hZ2UvTVRveU1URXhNR1F5WkdVMFlUZzFNREUyTTJRNU1qVmhNekEzTWpjek5ETTJOQQ', 1, 1, 14, '{"url":"http://alpha.lab.everhomes.com/deliver/dist/index.html?hideNavigationBar=1#/home_page#sign_suffix"}', 0, 0, 1, 1, '', 0, NULL, NULL, NULL, 0, 'pm_admin', 0, NULL, NULL, 0, NULL);
INSERT INTO `eh_launch_pad_items` (`id`, `namespace_id`, `app_id`, `scope_code`, `scope_id`, `item_location`, `item_group`, `item_name`, `item_label`, `icon_uri`, `item_width`, `item_height`, `action_type`, `action_data`, `default_order`, `apply_policy`, `min_version`, `display_flag`, `display_layout`, `bgcolor`, `tag`, `target_type`, `target_id`, `delete_flag`, `scene_type`, `scale_type`, `service_categry_id`, `selected_icon_uri`, `more_order`, `alias_icon_uri`) VALUES (@id:=@id+1, 999985, 0, 0, 0, '/home', 'Bizs', '快递', '快递', 'cs://1/image/aW1hZ2UvTVRveU1URXhNR1F5WkdVMFlUZzFNREUyTTJRNU1qVmhNekEzTWpjek5ETTJOQQ', 1, 1, 14, '{"url":"http://alpha.lab.everhomes.com/deliver/dist/index.html?hideNavigationBar=1#/home_page#sign_suffixl"}', 0, 0, 1, 1, '', 0, NULL, NULL, NULL, 0, 'park_tourist', 0, NULL, NULL, 0, NULL);

-- 储能服务广场配置 add by sfyan 20170523
UPDATE eh_launch_pad_items SET icon_uri = 'cs://1/image/aW1hZ2UvTVRwa1lXRTVaREExTkdReU9UWTRNR1F6T1RrME1qbGpaak5qTVdFM1lqUmtPUQ', default_order = 1 WHERE namespace_id = 999990 AND item_label = '上网';
UPDATE eh_launch_pad_items SET icon_uri = 'cs://1/image/aW1hZ2UvTVRvNU1qY3pZekk0T1RNNU0yWmpOMkl4T1RRMVpURTBNVEV3TTJZNU5URTNOdw', default_order = 2 WHERE namespace_id = 999990 AND item_label = '门禁';
UPDATE eh_launch_pad_items SET icon_uri = 'cs://1/image/aW1hZ2UvTVRwbE5qRXhNakpsTVRVek1UZGlZalEwTldaaU9XSXdNbVppTmpsbE5Ea3dNZw', default_order = 3 WHERE namespace_id = 999990 AND item_label = '钱包';
UPDATE eh_launch_pad_items SET icon_uri = 'cs://1/image/aW1hZ2UvTVRvNFkyTmlZalpsWm1JMk16bGlPVEJtWmpBeE56QmlZelExTnpCaU16TTNNUQ', default_order = 4 WHERE namespace_id = 999990 AND item_label = '停车';
UPDATE eh_launch_pad_items SET icon_uri = 'cs://1/image/aW1hZ2UvTVRwbE5qY3pNV1l4WTJZeE9HWmxZMkV6WTJGalpqaGxaR1UwWW1JME1XUmlZZw', action_data = '{"url":"http://www.kuaidi100.com/sz/"}', default_order = 5 WHERE namespace_id = 999990 AND item_label = '快递';
UPDATE eh_launch_pad_items SET icon_uri = 'cs://1/image/aW1hZ2UvTVRvNVpXUTVNV016WWpaaFpXUmlZakZtWlRrMFlURmhOREkzWXprNE4yVmtNdw', default_order = 6 WHERE namespace_id = 999990 AND item_label = '班车';
UPDATE eh_launch_pad_items SET icon_uri = 'cs://1/image/aW1hZ2UvTVRveVpETmxOVFJsT1dZMVpUa3lNak5sWVRJeU16UXlZVEpoWkdKbVlUWTNOQQ', default_order = 7 WHERE namespace_id = 999990 AND item_label = '旅游';
UPDATE eh_launch_pad_items SET icon_uri = 'cs://1/image/aW1hZ2UvTVRwaE9EUTJOV1k1WXpBME1EY3pOR0V3TXpJM1l6QmhaakpqT1dVM1lUTTRNUQ', default_order = 8 WHERE namespace_id = 999990 AND item_label = '会议室';
UPDATE eh_launch_pad_items SET default_order = 1 WHERE namespace_id = 999990 AND item_label = '物业服务';
UPDATE eh_launch_pad_items SET default_order = 2 WHERE namespace_id = 999990 AND item_label = '通讯录';
DELETE FROM eh_launch_pad_items  WHERE namespace_id = 999990 AND item_label = '送水';	
DELETE FROM eh_launch_pad_items WHERE item_label IN ('企业采供', '企业送水', '企业代理', '企业IT服务', '项目定制', '企业人才') AND `namespace_id` = 999990;
SET @launch_pad_item_id = (SELECT max(id) FROM `eh_launch_pad_items`);
SET @service_alliance_categorie_id = (SELECT max(id) FROM `eh_service_alliance_categories`);
SET @sa_id = (SELECT max(id) FROM `eh_service_alliances`);

insert into `eh_launch_pad_items` (`id`, `namespace_id`, `app_id`, `scope_code`, `scope_id`, `item_location`, `item_group`, `item_name`, `item_label`, `icon_uri`, `item_width`, `item_height`, `action_type`, `action_data`, `default_order`, `apply_policy`, `min_version`, `display_flag`, `display_layout`, `bgcolor`, `tag`, `target_type`, `target_id`, `delete_flag`, `scene_type`, `scale_type`, `service_categry_id`, `selected_icon_uri`, `more_order`) values((@launch_pad_item_id := @launch_pad_item_id + 1),'999990','0','0','0','/home','EnterpriseServices','企业采供','企业采供','cs://1/image/aW1hZ2UvTVRwalkySTNaVGhoWTJVeVpUZzFOREJtWm1ZMk5XSm1ORFJrTURnd05ESTNPUQ','2','1','14','{"url":"https://biz.zuolin.com/nar/biz/web/app/user/index.html?mallId=1999989&originId=1#/microshop/home?_k=s6ihht"}','11','0','1','1','','0',NULL,NULL,NULL,'1','pm_admin','1',NULL,NULL,'0');
insert into `eh_launch_pad_items` (`id`, `namespace_id`, `app_id`, `scope_code`, `scope_id`, `item_location`, `item_group`, `item_name`, `item_label`, `icon_uri`, `item_width`, `item_height`, `action_type`, `action_data`, `default_order`, `apply_policy`, `min_version`, `display_flag`, `display_layout`, `bgcolor`, `tag`, `target_type`, `target_id`, `delete_flag`, `scene_type`, `scale_type`, `service_categry_id`, `selected_icon_uri`, `more_order`) values((@launch_pad_item_id := @launch_pad_item_id + 1),'999990','0','0','0','/home','EnterpriseServices','企业送水','企业送水','cs://1/image/aW1hZ2UvTVRvMFpqUTVZMkppWlRKaE9EZzFOamcwT0dSa1pHVmxPR0UyTURreE1HSmxZUQ','1','1','14','{"url":"http://xiongying.lab.everhomes.com/zl-ec/rest/service/front/logon?hideNavigationBar=1&sourceUrl=http://xiongying.lab.everhomes.com%2Fnar%2Fbiz%2Fweb%2Fapp%2Fuser%2Findex.html%23%2Fstore%2Fdetails%2F14780865190262357246%3F_k%3Dzlbiz#sign_suffix"}','12','0','1','1','','0',NULL,NULL,NULL,'1','pm_admin','1',NULL,NULL,'0');


INSERT INTO `eh_service_alliance_categories` (`id`, `owner_type`, `owner_id`, `parent_id`, `name`, `path`, `default_order`, `status`, `creator_uid`, `create_time`, `delete_uid`, `delete_time`, `namespace_id`, `logo_url`)
    VALUES ((@service_alliance_categorie_id := @service_alliance_categorie_id + 1), 'community', '240111044331051500', '0', '企业人才', '企业人才', '0', '2', '1', UTC_TIMESTAMP(), '0', NULL, '999990', '');
INSERT INTO `eh_service_alliances` (`id`, `parent_id`, `owner_type`, `owner_id`, `name`, `display_name`, `type`, `address`, `contact`, `description`, `poster_uri`, `status`, `default_order`, `longitude`, `latitude`, `geohash`, `discount`, `category_id`, `contact_name`, `contact_mobile`, `service_type`, `service_url`, `discount_desc`, `integral_tag1`, `integral_tag2`, `integral_tag3`, `integral_tag4`, `integral_tag5`, `string_tag1`, `string_tag2`, `string_tag3`, `string_tag4`, `string_tag5`, `creator_uid`, `create_time`)
    VALUES ((@sa_id := @sa_id + 1), '0', 'community', '240111044331051500', '企业人才', '企业人才', @service_alliance_categorie_id , '', NULL, '', '', '2', NULL, NULL, NULL, '', NULL, NULL, '', '', '', NULL, NULL, NULL, NULL, NULL, NULL, NULL, NULL, NULL, NULL, NULL, NULL, NULL, NULL);
insert into `eh_launch_pad_items` (`id`, `namespace_id`, `app_id`, `scope_code`, `scope_id`, `item_location`, `item_group`, `item_name`, `item_label`, `icon_uri`, `item_width`, `item_height`, `action_type`, `action_data`, `default_order`, `apply_policy`, `min_version`, `display_flag`, `display_layout`, `bgcolor`, `tag`, `target_type`, `target_id`, `delete_flag`, `scene_type`, `scale_type`, `service_categry_id`, `selected_icon_uri`, `more_order`) values((@launch_pad_item_id := @launch_pad_item_id + 1),'999990','0','0','0','/home','EnterpriseServices','企业人才','企业人才','cs://1/image/aW1hZ2UvTVRvMVpqaGtNamszT1RVM05UVXhaVEF5T0dNNU9EQXpOV1JrWkRJM05ERXhOUQ','1','1','14',CONCAT('{"type":', @service_alliance_categorie_id, ',"parentId":', @service_alliance_categorie_id, ',"displayType": "list"}'),'13','0','1','1','','0',NULL,NULL,NULL,'1','pm_admin','1',NULL,NULL,'0');

INSERT INTO `eh_service_alliance_categories` (`id`, `owner_type`, `owner_id`, `parent_id`, `name`, `path`, `default_order`, `status`, `creator_uid`, `create_time`, `delete_uid`, `delete_time`, `namespace_id`, `logo_url`)
    VALUES ((@service_alliance_categorie_id := @service_alliance_categorie_id + 1), 'community', '240111044331051500', '0', '企业代理', '企业代理', '0', '2', '1', UTC_TIMESTAMP(), '0', NULL, '999990', '');
INSERT INTO `eh_service_alliances` (`id`, `parent_id`, `owner_type`, `owner_id`, `name`, `display_name`, `type`, `address`, `contact`, `description`, `poster_uri`, `status`, `default_order`, `longitude`, `latitude`, `geohash`, `discount`, `category_id`, `contact_name`, `contact_mobile`, `service_type`, `service_url`, `discount_desc`, `integral_tag1`, `integral_tag2`, `integral_tag3`, `integral_tag4`, `integral_tag5`, `string_tag1`, `string_tag2`, `string_tag3`, `string_tag4`, `string_tag5`, `creator_uid`, `create_time`)
    VALUES ((@sa_id := @sa_id + 1), '0', 'community', '240111044331051500', '企业代理', '企业代理', @service_alliance_categorie_id , '', NULL, '', '', '2', NULL, NULL, NULL, '', NULL, NULL, '', '', '', NULL, NULL, NULL, NULL, NULL, NULL, NULL, NULL, NULL, NULL, NULL, NULL, NULL, NULL);
insert into `eh_launch_pad_items` (`id`, `namespace_id`, `app_id`, `scope_code`, `scope_id`, `item_location`, `item_group`, `item_name`, `item_label`, `icon_uri`, `item_width`, `item_height`, `action_type`, `action_data`, `default_order`, `apply_policy`, `min_version`, `display_flag`, `display_layout`, `bgcolor`, `tag`, `target_type`, `target_id`, `delete_flag`, `scene_type`, `scale_type`, `service_categry_id`, `selected_icon_uri`, `more_order`) values((@launch_pad_item_id := @launch_pad_item_id + 1),'999990','0','0','0','/home','EnterpriseServices','企业代理','企业代理','cs://1/image/aW1hZ2UvTVRvNU5HUXdNV0l3TW1OaVlUbGhOVGt4TURObE1qSTJPR0V6WkdOak9EZzBZdw','2','1','14',CONCAT('{"type":', @service_alliance_categorie_id, ',"parentId":', @service_alliance_categorie_id, ',"displayType": "grid"}'),'14','0','1','1','','0',NULL,NULL,NULL,'1','pm_admin','1',NULL,NULL,'0');


INSERT INTO `eh_service_alliance_categories` (`id`, `owner_type`, `owner_id`, `parent_id`, `name`, `path`, `default_order`, `status`, `creator_uid`, `create_time`, `delete_uid`, `delete_time`, `namespace_id`, `logo_url`)
    VALUES ((@service_alliance_categorie_id := @service_alliance_categorie_id + 1), 'community', '240111044331051500', '0', '企业IT服务', '企业IT服务', '0', '2', '1', UTC_TIMESTAMP(), '0', NULL, '999990', '');
INSERT INTO `eh_service_alliances` (`id`, `parent_id`, `owner_type`, `owner_id`, `name`, `display_name`, `type`, `address`, `contact`, `description`, `poster_uri`, `status`, `default_order`, `longitude`, `latitude`, `geohash`, `discount`, `category_id`, `contact_name`, `contact_mobile`, `service_type`, `service_url`, `discount_desc`, `integral_tag1`, `integral_tag2`, `integral_tag3`, `integral_tag4`, `integral_tag5`, `string_tag1`, `string_tag2`, `string_tag3`, `string_tag4`, `string_tag5`, `creator_uid`, `create_time`)
    VALUES ((@sa_id := @sa_id + 1), '0', 'community', '240111044331051500', '企业IT服务', '企业IT服务', @service_alliance_categorie_id , '', NULL, '', '', '2', NULL, NULL, NULL, '', NULL, NULL, '', '', '', NULL, NULL, NULL, NULL, NULL, NULL, NULL, NULL, NULL, NULL, NULL, NULL, NULL, NULL);
insert into `eh_launch_pad_items` (`id`, `namespace_id`, `app_id`, `scope_code`, `scope_id`, `item_location`, `item_group`, `item_name`, `item_label`, `icon_uri`, `item_width`, `item_height`, `action_type`, `action_data`, `default_order`, `apply_policy`, `min_version`, `display_flag`, `display_layout`, `bgcolor`, `tag`, `target_type`, `target_id`, `delete_flag`, `scene_type`, `scale_type`, `service_categry_id`, `selected_icon_uri`, `more_order`) values((@launch_pad_item_id := @launch_pad_item_id + 1),'999990','0','0','0','/home','EnterpriseServices','企业IT服务','企业IT服务','cs://1/image/aW1hZ2UvTVRveU0yUmpaamcwTldaaU1HUTBPR1k1T0dFME4yVXlaR1V6WVRRNVptWmpaZw','1','1','14',CONCAT('{"type":', @service_alliance_categorie_id, ',"parentId":', @service_alliance_categorie_id, ',"displayType": "grid"}'),'15','0','1','1','','0',NULL,NULL,NULL,'1','pm_admin','1',NULL,NULL,'0');


INSERT INTO `eh_service_alliance_categories` (`id`, `owner_type`, `owner_id`, `parent_id`, `name`, `path`, `default_order`, `status`, `creator_uid`, `create_time`, `delete_uid`, `delete_time`, `namespace_id`, `logo_url`)
    VALUES ((@service_alliance_categorie_id := @service_alliance_categorie_id + 1), 'community', '240111044331051500', '0', '项目定制', '项目定制', '0', '2', '1', UTC_TIMESTAMP(), '0', NULL, '999990', '');
INSERT INTO `eh_service_alliances` (`id`, `parent_id`, `owner_type`, `owner_id`, `name`, `display_name`, `type`, `address`, `contact`, `description`, `poster_uri`, `status`, `default_order`, `longitude`, `latitude`, `geohash`, `discount`, `category_id`, `contact_name`, `contact_mobile`, `service_type`, `service_url`, `discount_desc`, `integral_tag1`, `integral_tag2`, `integral_tag3`, `integral_tag4`, `integral_tag5`, `string_tag1`, `string_tag2`, `string_tag3`, `string_tag4`, `string_tag5`, `creator_uid`, `create_time`)
    VALUES ((@sa_id := @sa_id + 1), '0', 'community', '240111044331051500', '项目定制', '项目定制', @service_alliance_categorie_id , '', NULL, '', '', '2', NULL, NULL, NULL, '', NULL, NULL, '', '', '', NULL, NULL, NULL, NULL, NULL, NULL, NULL, NULL, NULL, NULL, NULL, NULL, NULL, NULL);
SET @service_alliance_skip_rule_id = (SELECT max(id) FROM `eh_service_alliance_skip_rule`);
INSERT INTO `eh_service_alliance_skip_rule` (`id`, `namespace_id`, `service_alliance_category_id`) VALUES ((@service_alliance_skip_rule_id := @service_alliance_skip_rule_id + 1), '999984', @service_alliance_categorie_id);
insert into `eh_launch_pad_items` (`id`, `namespace_id`, `app_id`, `scope_code`, `scope_id`, `item_location`, `item_group`, `item_name`, `item_label`, `icon_uri`, `item_width`, `item_height`, `action_type`, `action_data`, `default_order`, `apply_policy`, `min_version`, `display_flag`, `display_layout`, `bgcolor`, `tag`, `target_type`, `target_id`, `delete_flag`, `scene_type`, `scale_type`, `service_categry_id`, `selected_icon_uri`, `more_order`) values((@launch_pad_item_id := @launch_pad_item_id + 1),'999990','0','0','0','/home','EnterpriseServices','项目定制','项目定制','cs://1/image/aW1hZ2UvTVRvMVpEQmxaV1JtTkRjMFltVTJNVEU0WTJObE1qTTFZamMzWVdNME1EQXpZUQ','1','1','14',CONCAT('{"type":', @service_alliance_categorie_id, ',"parentId":', @service_alliance_categorie_id, ',"displayType": "grid"}'),'16','0','1','1','','0',NULL,NULL,NULL,'1','pm_admin','1',NULL,NULL,'0');

update `eh_launch_pad_layouts` set `version_code` = '2017052301', `layout_json` = '{"versionCode":"2017052301","versionName":"3.0.0","layoutName":"ServiceMarketLayout","displayName":"服务市场","groups":[{"groupName":"","widget":"Banners","instanceConfig":{"itemGroup":"Default"},"style":"Default","defaultOrder":1,"separatorFlag":0,"separatorHeight":0},{"groupName":"商家服务","widget":"Navigator","instanceConfig":{"itemGroup":"Bizs"},"style":"Default","defaultOrder":5,"separatorFlag":1,"separatorHeight":21},{"groupName":"","widget":"Bulletins","instanceConfig":{"itemGroup":"Default"},"style":"Default","defaultOrder":1,"separatorFlag":1,"separatorHeight":21},{"groupName":"","widget":"Navigator","instanceConfig":{"itemGroup":"EnterpriseServices","cssStyleFlag":1,"paddingTop":0,"paddingLeft":0,"paddingBottom":0,"paddingRight":0,"lineSpacing":1,"columnSpacing":1,"backgroundColor":"#EFEFF4"},"style":"Gallery","defaultOrder":2,"separatorFlag":1,"separatorHeight":21,"columnCount":4},{"groupName":"","widget":"Navigator","instanceConfig":{"itemGroup":"GovAgencies","cssStyleFlag":1,"paddingTop":0,"paddingLeft":0,"paddingBottom":0,"paddingRight":0,"lineSpacing":1,"columnSpacing":1,"backgroundColor":"#EFEFF4"},"style":"Gallery","defaultOrder":2,"separatorFlag":1,"separatorHeight":21,"columnCount":4}]}' where `namespace_id` = 999990 and `name` = 'ServiceMarketLayout';

