-- 给一碑增加app_key by st.zheng
SET @id = (SELECT MAX(id) FROM eh_apps);
INSERT INTO `eh_apps` (`id`, `creator_uid`, `app_key`, `secret_key`, `name`, `description`, `status`, `create_time`) VALUES (@id:=@id+1, '1', 'c9620212-8877-11e7-b08e-0050569605f3', 'OmnSTXMJPqvCxW8n5AmkT1xSGnJ2sWZSyWcDUi32HAD7htoLLxuzGaZUPgRN9bew6mOBW55WliSbcXRV3laC3g==', 'yibei sign', 'yibei.app', '1', now());

-- 添加服务录入菜单 by st.zheng
INSERT INTO `eh_web_menus` (`id`, `name`, `parent_id`, `data_type`, `leaf_flag`, `status`, `path`, `type`, `sort_num`, `module_id`, `level`, `category`) VALUES (20225, '服务录入', '20200', 'task_management_service_entry/property', '0', '2', '/20000/20200/20225', 'park', '420', '20100', '3', 'module');
INSERT INTO `eh_web_menus` (`id`, `name`, `parent_id`, `data_type`, `leaf_flag`, `status`, `path`, `type`, `sort_num`, `module_id`, `level`, `category`) VALUES (20226, '工作流设置', '20200', 'react:/working-flow/flow-list/property-service/20100?moduleType=repair', '0', '2', '/20000/20200/20226', 'park', '420', '20100', '3', 'module');

set @privilege_id = (select distinct privilege_id from eh_web_menu_privileges where name='物业报修' );
set @eh_web_menu_privilege_id = (select max(id) from eh_web_menu_privileges);
INSERT INTO `eh_web_menu_privileges` (`id`, `privilege_id`, `menu_id`, `name`, `show_flag`, `status`, `discription`, `sort_num`) VALUES (@eh_web_menu_privilege_id+1, @privilege_id, '20225', '物业报修', '1', '1', '物业报修 管理员权限', '720');
INSERT INTO `eh_web_menu_privileges` (`id`, `privilege_id`, `menu_id`, `name`, `show_flag`, `status`, `discription`, `sort_num`) VALUES (@eh_web_menu_privilege_id+2, @privilege_id, '20226', '物业报修', '1', '1', '物业报修 管理员权限', '720');

set @menu_scope_id = (select max(id) from eh_web_menu_scopes);
INSERT INTO `eh_web_menu_scopes` (`id`, `menu_id`, `menu_name`, `owner_type`, `owner_id`, `apply_policy`) VALUES (@menu_scope_id  + 1, '20225', '', 'EhNamespaces', '999983', '2');
INSERT INTO `eh_web_menu_scopes` (`id`, `menu_id`, `menu_name`, `owner_type`, `owner_id`, `apply_policy`) VALUES (@menu_scope_id  + 2, '20226', '', 'EhNamespaces', '999983', '2');

update eh_launch_pad_items set action_data='{"url":"zl://propertyrepair/create?type=user&taskCategoryId=1&displayName=报修"}',action_type=60 where namespace_id=999983 and item_label = '报修';

-- 修改owner_type by st.zheng
update eh_service_alliances set owner_id=(select organization_id from eh_organization_communities where eh_service_alliances.owner_id = community_id limit 0,1),owner_type = 'organaization' where owner_type = 'community';

-- 解决服务联盟首页 type重复问题 by st.zheng
update eh_service_alliances set type = 201192 where  owner_id=1012516 and parent_id=0 and name = '租赁指南';


-- 园区入驻3.5 add by sw 20170904
INSERT INTO `eh_web_menus` (`id`, `name`, `parent_id`, `icon_url`, `data_type`, `leaf_flag`, `status`, `path`, `type`, `sort_num`, `module_id`, `level`, `condition_type`, `category`)
	VALUES ('40105', '项目介绍', '40100', NULL, 'projects_introduce', '0', '2', '/40000/40100/40105', 'park', '412', '40100', '3', NULL, 'module');

 SET @menu_scope_id = (SELECT MAX(id) FROM `eh_web_menu_scopes`);

INSERT INTO `eh_web_menu_scopes` (`id`, `menu_id`, `menu_name`, `owner_type`, `owner_id`, `apply_policy`)
	SELECT (@menu_scope_id := @menu_scope_id + 1), '40105', '', 'EhNamespaces', owner_id, '2' from eh_web_menu_scopes where menu_id = 40100 and owner_type = 'EhNamespaces';

UPDATE eh_enterprise_op_request_buildings lp JOIN eh_lease_buildings lb ON lb.building_id = lp.building_id set lp.building_id = lb.id;

UPDATE eh_lease_promotions lp JOIN eh_lease_buildings lb ON lb.building_id = lp.building_id set lp.building_id = lb.id;
UPDATE eh_enterprise_op_requests a JOIN eh_lease_buildings b ON b.building_id = a.source_id set a.source_id = b.id where a.source_type = 'building';

UPDATE eh_web_menus set `name` = '房源招租' where id = 40110;
UPDATE eh_web_menus set `name` = '申请记录' where id = 40120;

update eh_lease_promotion_attachments set owner_type = 'EhLeasePromotions';
INSERT INTO `eh_locale_strings` (`scope`, `code`, `locale`, `text` ) VALUES ('expansion', '7', 'zh_CN', '你要添加的楼栋已存在！');

DELETE from eh_lease_form_requests where source_type in ('EhLeasePromotions', 'EhBuildings');

UPDATE eh_locale_strings set scope = 'expansion' where scope = 'expansion.applyType';
INSERT INTO `eh_locale_strings` (`scope`, `code`, `locale`, `text`) VALUES ('expansion', '8', 'zh_CN', '无');
DELETE from eh_locale_strings where scope = 'expansion' and code in ('1', '2', '3', '4');


--园区地图 add by sw
INSERT INTO `eh_community_map_infos` (`id`, `namespace_id`, `community_id`, `map_uri`, `map_name`, `version`, `center_longitude`, `center_latitude`, `north_east_longitude`, `north_east_latitude`, `south_west_longitude`, `south_west_latitude`, `longitude_delta`, `latitude_delta`, `status`, `creator_uid`, `create_time`)
  VALUES ('1', '999981', '240111044331056041', 'cs://1/image/aW1hZ2UvTVRvMU5UYzRNVFU1TVRWbFpXWXlOelZrWXpnMVlXSXlaamcyWVdaaU9HTTNPQQ', NULL, '1.0', '121.57425299921417', '31.176432503695498', '121.577029', '31.179732', '121.573704', '31.173716', '0.005241036325429604', '0.007979148321588525', '2', '1', '2017-08-21 14:55:01');
INSERT INTO `eh_community_map_search_types` (`id`, `namespace_id`, `owner_type`, `owner_id`, `name`, `content_type`, `status`, `create_time`, `delete_time`, `order`) VALUES ('1', '999981', '', '0', '楼栋', 'building', '1', NULL, NULL, '1');
INSERT INTO `eh_community_map_search_types` (`id`, `namespace_id`, `owner_type`, `owner_id`, `name`, `content_type`, `status`, `create_time`, `delete_time`, `order`) VALUES ('2', '999981', '', '0', '企业', 'organization', '1', NULL, NULL, '2');
INSERT INTO `eh_community_map_search_types` (`id`, `namespace_id`, `owner_type`, `owner_id`, `name`, `content_type`, `status`, `create_time`, `delete_time`, `order`) VALUES ('3', '999981', '', '0', '商户', 'shop', '1', NULL, NULL, '3');

INSERT INTO `eh_locale_strings` (`scope`, `code`, `locale`, `text`) VALUES ('customer', '10001', 'zh_CN', '客户不存在');
INSERT INTO `eh_locale_strings` (`scope`, `code`, `locale`, `text`) VALUES ('customer', '10002', 'zh_CN', '客户人才不存在');
INSERT INTO `eh_locale_strings` (`scope`, `code`, `locale`, `text`) VALUES ('customer', '10003', 'zh_CN', '客户申报项目不存在');
INSERT INTO `eh_locale_strings` (`scope`, `code`, `locale`, `text`) VALUES ('customer', '10004', 'zh_CN', '客户工商信息不存在');
INSERT INTO `eh_locale_strings` (`scope`, `code`, `locale`, `text`) VALUES ('customer', '10005', 'zh_CN', '客户专利不存在');
INSERT INTO `eh_locale_strings` (`scope`, `code`, `locale`, `text`) VALUES ('customer', '10006', 'zh_CN', '客户商标不存在');
INSERT INTO `eh_locale_strings` (`scope`, `code`, `locale`, `text`) VALUES ('customer', '10007', 'zh_CN', '客户经济指标不存在');
INSERT INTO `eh_locale_strings` (`scope`, `code`, `locale`, `text`) VALUES ('customer', '10008', 'zh_CN', '客户投融资情况不存在');
INSERT INTO `eh_locale_strings` (`scope`, `code`, `locale`, `text`) VALUES ('customer', '10009', 'zh_CN', '客户证书不存在');
INSERT INTO `eh_locale_strings` (`scope`, `code`, `locale`, `text`) VALUES ('customer', '10010', 'zh_CN', '客户名称为空');
INSERT INTO `eh_locale_strings` (`scope`, `code`, `locale`, `text`) VALUES ('customer', '10011', 'zh_CN', '客户联系人为空');
INSERT INTO `eh_locale_strings` (`scope`, `code`, `locale`, `text`) VALUES ('customer', '10012', 'zh_CN', '客户联系人手机号为空');
INSERT INTO `eh_locale_strings` (`scope`, `code`, `locale`, `text`) VALUES ('customer', '10013', 'zh_CN', '客户名称已存在');
INSERT INTO `eh_locale_strings` (`scope`, `code`, `locale`, `text`) VALUES ('customer', '10014', 'zh_CN', '客户类型不存在');
INSERT INTO `eh_locale_strings` (`scope`, `code`, `locale`, `text`) VALUES ('customer', '10015', 'zh_CN', '客户级别不存在');
INSERT INTO `eh_locale_strings` (`scope`, `code`, `locale`, `text`) VALUES ('contract', '10001', 'zh_CN', '合同不存在');
INSERT INTO `eh_locale_strings` (`scope`, `code`, `locale`, `text`) VALUES ('contract', '10002', 'zh_CN', '合同编号已存在');
INSERT INTO `eh_locale_strings` (`scope`, `code`, `locale`, `text`) VALUES ('contract', '10003', 'zh_CN', '请启用工作流');
INSERT INTO `eh_locale_strings` (`scope`, `code`, `locale`, `text`) VALUES ('contract', '10004', 'zh_CN', '合同没有审批通过');
INSERT INTO `eh_locale_strings` (`scope`, `code`, `locale`, `text`) VALUES ('contract', '10005', 'zh_CN', '合同参数已存在');
INSERT INTO `eh_locale_strings` (`scope`, `code`, `locale`, `text`) VALUES ('contract', '10006', 'zh_CN', '只有待发起的合同可以发起');
INSERT INTO `eh_locale_strings` (`scope`, `code`, `locale`, `text`) VALUES ('contract', '10007', 'zh_CN', '合同关联的资产不是待租状态');


INSERT INTO `eh_web_menus` (`id`, `name`, `parent_id`, `icon_url`, `data_type`, `leaf_flag`, `status`, `path`, `type`, `sort_num`, `module_id`, `level`, `condition_type`, `category`)
VALUES (21100, '客户管理', 20000, NULL, '', 1, 2, '/20000/21100', 'park', 390, 21100, 3, NULL, 'module');
INSERT INTO `eh_web_menus` (`id`, `name`, `parent_id`, `icon_url`, `data_type`, `leaf_flag`, `status`, `path`, `type`, `sort_num`, `module_id`, `level`, `condition_type`, `category`)
VALUES (21110, '客户列表', 21100, NULL, 'react:/customer-management/customer-list', 0, 2, '/20000/21100/21110', 'park', 490, 21100, 3, NULL, 'module');
INSERT INTO `eh_web_menus` (`id`, `name`, `parent_id`, `icon_url`, `data_type`, `leaf_flag`, `status`, `path`, `type`, `sort_num`, `module_id`, `level`, `condition_type`, `category`)
VALUES (21120, '统计分析', 21100, NULL, 'react:/customer-management/statistics', 0, 2, '/20000/21100/21120', 'park', 490, 21100, 3, NULL, 'module');

INSERT INTO `eh_web_menus` (`id`, `name`, `parent_id`, `icon_url`, `data_type`, `leaf_flag`, `status`, `path`, `type`, `sort_num`, `module_id`, `level`, `condition_type`, `category`)
VALUES (21200, '合同管理', 20000, NULL, '', 1, 2, '/20000/21200', 'park', 390, 21200, 3, NULL, 'module');
INSERT INTO `eh_web_menus` (`id`, `name`, `parent_id`, `icon_url`, `data_type`, `leaf_flag`, `status`, `path`, `type`, `sort_num`, `module_id`, `level`, `condition_type`, `category`)
VALUES (21210, '合同列表', 21200, NULL, 'react:/contract-management/contract-list', 0, 2, '/20000/21200/21210', 'park', 490, 21200, 3, NULL, 'module');
INSERT INTO `eh_web_menus` (`id`, `name`, `parent_id`, `icon_url`, `data_type`, `leaf_flag`, `status`, `path`, `type`, `sort_num`, `module_id`, `level`, `condition_type`, `category`)
VALUES (21220, '合同基础参数配置', 21200, NULL, 'react:/contract-management/params-config', 0, 2, '/20000/21200/21220', 'park', 490, 21200, 3, NULL, 'module');

SET @menu_scope_id = (SELECT MAX(id) FROM `eh_web_menu_scopes`);
INSERT INTO `eh_web_menu_scopes` (`id`, `menu_id`, `menu_name`, `owner_type`, `owner_id`, `apply_policy`)
VALUES ((@menu_scope_id := @menu_scope_id + 1), 21100, '', 'EhNamespaces', 999971, 2);
INSERT INTO `eh_web_menu_scopes` (`id`, `menu_id`, `menu_name`, `owner_type`, `owner_id`, `apply_policy`)
VALUES ((@menu_scope_id := @menu_scope_id + 1), 21110, '', 'EhNamespaces', 999971, 2);
INSERT INTO `eh_web_menu_scopes` (`id`, `menu_id`, `menu_name`, `owner_type`, `owner_id`, `apply_policy`)
VALUES ((@menu_scope_id := @menu_scope_id + 1), 21120, '', 'EhNamespaces', 999971, 2);
INSERT INTO `eh_web_menu_scopes` (`id`, `menu_id`, `menu_name`, `owner_type`, `owner_id`, `apply_policy`)
VALUES ((@menu_scope_id := @menu_scope_id + 1), 21200, '', 'EhNamespaces', 999971, 2);
INSERT INTO `eh_web_menu_scopes` (`id`, `menu_id`, `menu_name`, `owner_type`, `owner_id`, `apply_policy`)
VALUES ((@menu_scope_id := @menu_scope_id + 1), 21210, '', 'EhNamespaces', 999971, 2);
INSERT INTO `eh_web_menu_scopes` (`id`, `menu_id`, `menu_name`, `owner_type`, `owner_id`, `apply_policy`)
VALUES ((@menu_scope_id := @menu_scope_id + 1), 21220, '', 'EhNamespaces', 999971, 2);

SET @menu_scope_id = (SELECT MAX(id) FROM `eh_web_menu_scopes`);
INSERT INTO `eh_web_menu_scopes` (`id`, `menu_id`, `menu_name`, `owner_type`, `owner_id`, `apply_policy`)
VALUES ((@menu_scope_id := @menu_scope_id + 1), 21100, '', 'EhNamespaces', 999973, 2);
INSERT INTO `eh_web_menu_scopes` (`id`, `menu_id`, `menu_name`, `owner_type`, `owner_id`, `apply_policy`)
VALUES ((@menu_scope_id := @menu_scope_id + 1), 21110, '', 'EhNamespaces', 999973, 2);
INSERT INTO `eh_web_menu_scopes` (`id`, `menu_id`, `menu_name`, `owner_type`, `owner_id`, `apply_policy`)
VALUES ((@menu_scope_id := @menu_scope_id + 1), 21120, '', 'EhNamespaces', 999973, 2);
INSERT INTO `eh_web_menu_scopes` (`id`, `menu_id`, `menu_name`, `owner_type`, `owner_id`, `apply_policy`)
VALUES ((@menu_scope_id := @menu_scope_id + 1), 21200, '', 'EhNamespaces', 999973, 2);
INSERT INTO `eh_web_menu_scopes` (`id`, `menu_id`, `menu_name`, `owner_type`, `owner_id`, `apply_policy`)
VALUES ((@menu_scope_id := @menu_scope_id + 1), 21210, '', 'EhNamespaces', 999973, 2);
INSERT INTO `eh_web_menu_scopes` (`id`, `menu_id`, `menu_name`, `owner_type`, `owner_id`, `apply_policy`)
VALUES ((@menu_scope_id := @menu_scope_id + 1), 21220, '', 'EhNamespaces', 999973, 2);

SET @menu_scope_id = (SELECT MAX(id) FROM `eh_web_menu_scopes`);
INSERT INTO `eh_web_menu_scopes` (`id`, `menu_id`, `menu_name`, `owner_type`, `owner_id`, `apply_policy`)
VALUES ((@menu_scope_id := @menu_scope_id + 1), 21100, '', 'EhNamespaces', 999974, 2);
INSERT INTO `eh_web_menu_scopes` (`id`, `menu_id`, `menu_name`, `owner_type`, `owner_id`, `apply_policy`)
VALUES ((@menu_scope_id := @menu_scope_id + 1), 21110, '', 'EhNamespaces', 999974, 2);
INSERT INTO `eh_web_menu_scopes` (`id`, `menu_id`, `menu_name`, `owner_type`, `owner_id`, `apply_policy`)
VALUES ((@menu_scope_id := @menu_scope_id + 1), 21120, '', 'EhNamespaces', 999974, 2);
INSERT INTO `eh_web_menu_scopes` (`id`, `menu_id`, `menu_name`, `owner_type`, `owner_id`, `apply_policy`)
VALUES ((@menu_scope_id := @menu_scope_id + 1), 21200, '', 'EhNamespaces', 999974, 2);
INSERT INTO `eh_web_menu_scopes` (`id`, `menu_id`, `menu_name`, `owner_type`, `owner_id`, `apply_policy`)
VALUES ((@menu_scope_id := @menu_scope_id + 1), 21210, '', 'EhNamespaces', 999974, 2);
INSERT INTO `eh_web_menu_scopes` (`id`, `menu_id`, `menu_name`, `owner_type`, `owner_id`, `apply_policy`)
VALUES ((@menu_scope_id := @menu_scope_id + 1), 21220, '', 'EhNamespaces', 999974, 2);

SET @privilege_id = (SELECT MAX(id) FROM `eh_acl_privileges`);
INSERT INTO `eh_acl_privileges` (`id`, `app_id`, `name`, `description`, `tag`)
VALUES ((@privilege_id := @privilege_id + 1), 0, '客户管理', '客户管理 全部权限', NULL);
SET @web_menu_privilege_id = (SELECT MAX(id) FROM `eh_web_menu_privileges`);
INSERT INTO `eh_web_menu_privileges` (`id`, `privilege_id`, `menu_id`, `name`, `show_flag`, `status`, `discription`, `sort_num`)
VALUES ((@web_menu_privilege_id := @web_menu_privilege_id + 1), @privilege_id, 21100, '客户管理', 1, 1, '客户管理  全部权限', 202);
SET @acl_id = (SELECT MAX(id) FROM `eh_acls`);
INSERT INTO `eh_acls` (`id`, `namespace_id`, `owner_type`, `owner_id`, `grant_type`, `privilege_id`, `role_id`, `role_type`, `order_seq`, `creator_uid`, `create_time`)
VALUES ((@acl_id := @acl_id + 1), 0, 'EhOrganizations', NULL, 1, @privilege_id, 1001, 'EhAclRoles', 0, 1, NOW());
INSERT INTO `eh_acls` (`id`, `namespace_id`, `owner_type`, `owner_id`, `grant_type`, `privilege_id`, `role_id`, `role_type`, `order_seq`, `creator_uid`, `create_time`)
VALUES ((@acl_id := @acl_id + 1), 0, 'EhOrganizations', NULL, 1, @privilege_id, 1005, 'EhAclRoles', 0, 1, NOW());

SET @eh_service_module_privileges_id = (SELECT MAX(id) FROM `eh_service_module_privileges`);
INSERT INTO `eh_service_module_privileges` (`id`, `module_id`, `privilege_type`, `privilege_id`, `remark`, `default_order`, `create_time`)
VALUES ((@eh_service_module_privileges_id := @eh_service_module_privileges_id + 1), '21100', '1', @privilege_id, NULL, '0', UTC_TIMESTAMP());
SET @eh_service_module_scopes_id = (SELECT MAX(id) FROM `eh_service_module_scopes`);
INSERT INTO `eh_service_module_scopes` (`id`, `namespace_id`, `module_id`, `module_name`, `owner_type`, `owner_id`, `default_order`, `apply_policy`)
VALUES ((@eh_service_module_scopes_id := @eh_service_module_scopes_id + 1), 999971, 21100, '客户管理', 'EhNamespaces', 999971, NULL, 2);
INSERT INTO `eh_service_module_scopes` (`id`, `namespace_id`, `module_id`, `module_name`, `owner_type`, `owner_id`, `default_order`, `apply_policy`)
VALUES ((@eh_service_module_scopes_id := @eh_service_module_scopes_id + 1), 999973, 21100, '客户管理', 'EhNamespaces', 999973, NULL, 2);
INSERT INTO `eh_service_module_scopes` (`id`, `namespace_id`, `module_id`, `module_name`, `owner_type`, `owner_id`, `default_order`, `apply_policy`)
VALUES ((@eh_service_module_scopes_id := @eh_service_module_scopes_id + 1), 999974, 21100, '客户管理', 'EhNamespaces', 999974, NULL, 2);

INSERT INTO `eh_acl_privileges` (`id`, `app_id`, `name`, `description`, `tag`)
VALUES ((@privilege_id := @privilege_id + 1), 0, '客户列表', '客户列表', NULL);
INSERT INTO `eh_web_menu_privileges` (`id`, `privilege_id`, `menu_id`, `name`, `show_flag`, `status`, `discription`, `sort_num`)
VALUES ((@web_menu_privilege_id := @web_menu_privilege_id + 1), @privilege_id, 21110, '客户列表', 1, 1, '客户列表', 202);
INSERT INTO `eh_acls` (`id`, `namespace_id`, `owner_type`, `owner_id`, `grant_type`, `privilege_id`, `role_id`, `role_type`, `order_seq`, `creator_uid`, `create_time`)
VALUES ((@acl_id := @acl_id + 1), 0, 'EhOrganizations', NULL, 1, @privilege_id, 1001, 'EhAclRoles', 0, 1, NOW());
INSERT INTO `eh_acls` (`id`, `namespace_id`, `owner_type`, `owner_id`, `grant_type`, `privilege_id`, `role_id`, `role_type`, `order_seq`, `creator_uid`, `create_time`)
VALUES ((@acl_id := @acl_id + 1), 0, 'EhOrganizations', NULL, 1, @privilege_id, 1005, 'EhAclRoles', 0, 1, NOW());

INSERT INTO `eh_acl_privileges` (`id`, `app_id`, `name`, `description`, `tag`)
VALUES ((@privilege_id := @privilege_id + 1), 0, '客户管理-统计分析', '客户管理-统计分析', NULL);
INSERT INTO `eh_web_menu_privileges` (`id`, `privilege_id`, `menu_id`, `name`, `show_flag`, `status`, `discription`, `sort_num`)
VALUES ((@web_menu_privilege_id := @web_menu_privilege_id + 1), @privilege_id, 21120, '客户管理-统计分析', 1, 1, '客户管理-统计分析', 202);
INSERT INTO `eh_acls` (`id`, `namespace_id`, `owner_type`, `owner_id`, `grant_type`, `privilege_id`, `role_id`, `role_type`, `order_seq`, `creator_uid`, `create_time`)
VALUES ((@acl_id := @acl_id + 1), 0, 'EhOrganizations', NULL, 1, @privilege_id, 1001, 'EhAclRoles', 0, 1, NOW());
INSERT INTO `eh_acls` (`id`, `namespace_id`, `owner_type`, `owner_id`, `grant_type`, `privilege_id`, `role_id`, `role_type`, `order_seq`, `creator_uid`, `create_time`)
VALUES ((@acl_id := @acl_id + 1), 0, 'EhOrganizations', NULL, 1, @privilege_id, 1005, 'EhAclRoles', 0, 1, NOW());

INSERT INTO `eh_acl_privileges` (`id`, `app_id`, `name`, `description`, `tag`)
VALUES ((@privilege_id := @privilege_id + 1), 0, '合同管理', '合同管理', NULL);
INSERT INTO `eh_web_menu_privileges` (`id`, `privilege_id`, `menu_id`, `name`, `show_flag`, `status`, `discription`, `sort_num`)
VALUES ((@web_menu_privilege_id := @web_menu_privilege_id + 1), @privilege_id, 21200, '合同管理', 1, 1, '合同管理', 202);
INSERT INTO `eh_acls` (`id`, `namespace_id`, `owner_type`, `owner_id`, `grant_type`, `privilege_id`, `role_id`, `role_type`, `order_seq`, `creator_uid`, `create_time`)
VALUES ((@acl_id := @acl_id + 1), 0, 'EhOrganizations', NULL, 1, @privilege_id, 1001, 'EhAclRoles', 0, 1, NOW());
INSERT INTO `eh_acls` (`id`, `namespace_id`, `owner_type`, `owner_id`, `grant_type`, `privilege_id`, `role_id`, `role_type`, `order_seq`, `creator_uid`, `create_time`)
VALUES ((@acl_id := @acl_id + 1), 0, 'EhOrganizations', NULL, 1, @privilege_id, 1005, 'EhAclRoles', 0, 1, NOW());

INSERT INTO `eh_service_module_privileges` (`id`, `module_id`, `privilege_type`, `privilege_id`, `remark`, `default_order`, `create_time`)
VALUES ((@eh_service_module_privileges_id := @eh_service_module_privileges_id + 1), '21200', '1', @privilege_id, NULL, '0', UTC_TIMESTAMP());
INSERT INTO `eh_service_module_scopes` (`id`, `namespace_id`, `module_id`, `module_name`, `owner_type`, `owner_id`, `default_order`, `apply_policy`)
VALUES ((@eh_service_module_scopes_id := @eh_service_module_scopes_id + 1), 999971, 21200, '合同管理', 'EhNamespaces', 999971, NULL, 2);
INSERT INTO `eh_service_module_scopes` (`id`, `namespace_id`, `module_id`, `module_name`, `owner_type`, `owner_id`, `default_order`, `apply_policy`)
VALUES ((@eh_service_module_scopes_id := @eh_service_module_scopes_id + 1), 999973, 21200, '合同管理', 'EhNamespaces', 999973, NULL, 2);
INSERT INTO `eh_service_module_scopes` (`id`, `namespace_id`, `module_id`, `module_name`, `owner_type`, `owner_id`, `default_order`, `apply_policy`)
VALUES ((@eh_service_module_scopes_id := @eh_service_module_scopes_id + 1), 999974, 21200, '合同管理', 'EhNamespaces', 999974, NULL, 2);


INSERT INTO `eh_acl_privileges` (`id`, `app_id`, `name`, `description`, `tag`)
VALUES ((@privilege_id := @privilege_id + 1), 0, '合同列表', '合同列表', NULL);
INSERT INTO `eh_web_menu_privileges` (`id`, `privilege_id`, `menu_id`, `name`, `show_flag`, `status`, `discription`, `sort_num`)
VALUES ((@web_menu_privilege_id := @web_menu_privilege_id + 1), @privilege_id, 21210, '合同列表', 1, 1, '合同列表', 202);
INSERT INTO `eh_acls` (`id`, `namespace_id`, `owner_type`, `owner_id`, `grant_type`, `privilege_id`, `role_id`, `role_type`, `order_seq`, `creator_uid`, `create_time`)
VALUES ((@acl_id := @acl_id + 1), 0, 'EhOrganizations', NULL, 1, @privilege_id, 1001, 'EhAclRoles', 0, 1, NOW());
INSERT INTO `eh_acls` (`id`, `namespace_id`, `owner_type`, `owner_id`, `grant_type`, `privilege_id`, `role_id`, `role_type`, `order_seq`, `creator_uid`, `create_time`)
VALUES ((@acl_id := @acl_id + 1), 0, 'EhOrganizations', NULL, 1, @privilege_id, 1005, 'EhAclRoles', 0, 1, NOW());

INSERT INTO `eh_acl_privileges` (`id`, `app_id`, `name`, `description`, `tag`)
VALUES ((@privilege_id := @privilege_id + 1), 0, '合同基础参数配置', '合同基础参数配置', NULL);
INSERT INTO `eh_web_menu_privileges` (`id`, `privilege_id`, `menu_id`, `name`, `show_flag`, `status`, `discription`, `sort_num`)
VALUES ((@web_menu_privilege_id := @web_menu_privilege_id + 1), @privilege_id, 21220, '合同基础参数配置', 1, 1, '合同基础参数配置', 202);
INSERT INTO `eh_acls` (`id`, `namespace_id`, `owner_type`, `owner_id`, `grant_type`, `privilege_id`, `role_id`, `role_type`, `order_seq`, `creator_uid`, `create_time`)
VALUES ((@acl_id := @acl_id + 1), 0, 'EhOrganizations', NULL, 1, @privilege_id, 1001, 'EhAclRoles', 0, 1, NOW());
INSERT INTO `eh_acls` (`id`, `namespace_id`, `owner_type`, `owner_id`, `grant_type`, `privilege_id`, `role_id`, `role_type`, `order_seq`, `creator_uid`, `create_time`)
VALUES ((@acl_id := @acl_id + 1), 0, 'EhOrganizations', NULL, 1, @privilege_id, 1005, 'EhAclRoles', 0, 1, NOW());

INSERT INTO `eh_service_modules` (`id`, `name`, `parent_id`, `path`, `type`, `level`, `status`, `default_order`, `create_time`, `operator_uid`, `creator_uid`)
VALUES ('21100', '客户管理', '20000', '/20000/21100', '0', '2', '2', '0', UTC_TIMESTAMP(),1,1);
INSERT INTO `eh_service_modules` (`id`, `name`, `parent_id`, `path`, `type`, `level`, `status`, `default_order`, `create_time`, `operator_uid`, `creator_uid`)
VALUES ('21200', '合同管理', '20000', '/20000/21200', '0', '2', '2', '0', UTC_TIMESTAMP(),1,1);


-- 缴费，闻天
SET @eh_locale_templates_id = (SELECT max(id) FROM `eh_locale_templates`);
INSERT INTO `eh_locale_templates` (`id`, `scope`, `code`, `locale`, `description`, `text`, `namespace_id`) VALUES ((@eh_locale_templates_id := @eh_locale_templates_id + 1), 'user.notification', '3', 'zh_CN', '物业账单通知用户', '尊敬的${targetName}先生/女士,您的账单已出，请在app内查询', '999985');
SET @eh_locale_templates_id = (SELECT max(id) FROM `eh_locale_templates`);
INSERT INTO `eh_locale_templates` (`id`, `scope`, `code`, `locale`, `description`, `text`, `namespace_id`) VALUES ((@eh_locale_templates_id := @eh_locale_templates_id + 1), 'sms.default.yzx', '54', 'zh_CN', '物业费催缴', '119704', '999971');
SET @eh_locale_templates_id = (SELECT max(id) FROM `eh_locale_templates`);
INSERT INTO `eh_locale_templates` (`id`, `scope`, `code`, `locale`, `description`, `text`, `namespace_id`) VALUES ((@eh_locale_templates_id := @eh_locale_templates_id + 1), 'sms.default.yzx', '54', 'zh_CN', '物业费催缴', '119706', '999974');
SET @eh_locale_templates_id = (SELECT max(id) FROM `eh_locale_templates`);
INSERT INTO `eh_locale_templates` (`id`, `scope`, `code`, `locale`, `description`, `text`, `namespace_id`) VALUES ((@eh_locale_templates_id := @eh_locale_templates_id + 1), 'sms.default.yzx', '54', 'zh_CN', '物业费催缴', '117613', '999973');
SET @eh_asset_vendor_id = (SELECT max(id) FROM `eh_asset_vendor`);
INSERT INTO `eh_asset_vendor` (`id`, `owner_type`, `owner_id`, `name`, `vendor_name`, `status`, `namespace_id`) VALUES ((@eh_asset_vendor_id := @eh_asset_vendor_id + 1), 'community', '240111044331050388', '张江高科缴费', 'ZJGK', '2', '999971');
INSERT INTO `eh_asset_vendor` (`id`, `owner_type`, `owner_id`, `name`, `vendor_name`, `status`, `namespace_id`) VALUES ((@eh_asset_vendor_id := @eh_asset_vendor_id + 1), 'community', '240111044331050389', '张江高科人才公寓缴费', 'ZJGK', '2', '999971');

UPDATE `eh_web_menus` set leaf_flag = '0' where id = '20700';

SET @eh_web_menus_id_paym = (SELECT MAX(id) FROM `eh_web_menus`);
INSERT INTO `eh_web_menus` (`id`, `name`, `parent_id`, `icon_url`, `data_type`, `leaf_flag`, `status`, `path`, `type`, `sort_num`,`module_id`,`level`)
VALUES (@eh_web_menus_id_paym := @eh_web_menus_id_paym+1, '账单管理', 20700, NULL, 'react:/payment-management/bills-manage', 1, 2, CONCAT('/20000/20700/',@eh_web_menus_id_paym), 'park', 990,20700,3);

SET @eh_web_menus_id_payb = (SELECT MAX(id) FROM `eh_web_menus`);
INSERT INTO `eh_web_menus` (`id`, `name`, `parent_id`, `icon_url`, `data_type`, `leaf_flag`, `status`, `path`, `type`, `sort_num`,`module_id`,`level`)
VALUES (@eh_web_menus_id_payb := @eh_web_menus_id_payb+1, '账单统计', 20700, NULL, 'react:/payment-management/bills-statistics', 1, 2, CONCAT('/20000/20700/',@eh_web_menus_id_payb), 'park', 999,20700,3);


SET @menu_scope_id = (SELECT MAX(id) FROM `eh_web_menu_scopes`);
-- INSERT INTO `eh_web_menu_scopes` (`id`, `menu_id`, `menu_name`, `owner_type`, `owner_id`, `apply_policy`)
-- VALUES ((@menu_scope_id := @menu_scope_id + 1), @eh_web_menus_id_paym, '', 'EhNamespaces', 999971, 2);
-- INSERT INTO `eh_web_menu_scopes` (`id`, `menu_id`, `menu_name`, `owner_type`, `owner_id`, `apply_policy`)
-- VALUES ((@menu_scope_id := @menu_scope_id + 1), @eh_web_menus_id_payb, '', 'EhNamespaces', 999971, 2);
-- INSERT INTO `eh_web_menu_scopes` (`id`, `menu_id`, `menu_name`, `owner_type`, `owner_id`, `apply_policy`)
-- VALUES ((@menu_scope_id := @menu_scope_id + 1), @eh_web_menus_id_paym, '', 'EhNamespaces', 999973, 2);
-- INSERT INTO `eh_web_menu_scopes` (`id`, `menu_id`, `menu_name`, `owner_type`, `owner_id`, `apply_policy`)
-- VALUES ((@menu_scope_id := @menu_scope_id + 1), @eh_web_menus_id_payb, '', 'EhNamespaces', 999973, 2);
INSERT INTO `eh_web_menu_scopes` (`id`, `menu_id`, `menu_name`, `owner_type`, `owner_id`, `apply_policy`)
VALUES ((@menu_scope_id := @menu_scope_id + 1), @eh_web_menus_id_paym, '', 'EhNamespaces', 999974, 2);
INSERT INTO `eh_web_menu_scopes` (`id`, `menu_id`, `menu_name`, `owner_type`, `owner_id`, `apply_policy`)
VALUES ((@menu_scope_id := @menu_scope_id + 1), @eh_web_menus_id_payb, '', 'EhNamespaces', 999974, 2);


SET @privilege_id = (SELECT MAX(id) FROM `eh_acl_privileges`);
INSERT INTO `eh_acl_privileges` (`id`, `app_id`, `name`, `description`, `tag`)
VALUES ((@privilege_id := @privilege_id + 1), 0, '账单管理', '账单管理 全部权限', NULL);
SET @web_menu_privilege_id = (SELECT MAX(id) FROM `eh_web_menu_privileges`);
INSERT INTO `eh_web_menu_privileges` (`id`, `privilege_id`, `menu_id`, `name`, `show_flag`, `status`, `discription`, `sort_num`)
VALUES ((@web_menu_privilege_id := @web_menu_privilege_id + 1), @privilege_id, @eh_web_menus_id_paym, '账单管理', 1, 1, '账单管理  全部权限', 990);
INSERT INTO `eh_acls` (`id`, `namespace_id`, `owner_type`, `owner_id`, `grant_type`, `privilege_id`, `role_id`, `role_type`, `order_seq`, `creator_uid`, `create_time`)
VALUES ((@acl_id := @acl_id + 1), 0, 'EhOrganizations', NULL, 1, @privilege_id, 1001, 'EhAclRoles', 0, 1, NOW());
INSERT INTO `eh_acls` (`id`, `namespace_id`, `owner_type`, `owner_id`, `grant_type`, `privilege_id`, `role_id`, `role_type`, `order_seq`, `creator_uid`, `create_time`)
VALUES ((@acl_id := @acl_id + 1), 0, 'EhOrganizations', NULL, 1, @privilege_id, 1005, 'EhAclRoles', 0, 1, NOW());

SET @eh_service_module_privileges_id = (SELECT MAX(id) FROM `eh_service_module_privileges`);
INSERT INTO `eh_service_module_privileges` (`id`, `module_id`, `privilege_type`, `privilege_id`, `remark`, `default_order`, `create_time`)
VALUES ((@eh_service_module_privileges_id := @eh_service_module_privileges_id + 1), '20700', '1', @privilege_id, NULL, '0', UTC_TIMESTAMP());

SET @privilege_id = (SELECT MAX(id) FROM `eh_acl_privileges`);
INSERT INTO `eh_acl_privileges` (`id`, `app_id`, `name`, `description`, `tag`)
VALUES ((@privilege_id := @privilege_id + 1), 0, '账单统计', '账单统计 全部权限', NULL);
SET @web_menu_privilege_id = (SELECT MAX(id) FROM `eh_web_menu_privileges`);
INSERT INTO `eh_web_menu_privileges` (`id`, `privilege_id`, `menu_id`, `name`, `show_flag`, `status`, `discription`, `sort_num`)
VALUES ((@web_menu_privilege_id := @web_menu_privilege_id + 1), @privilege_id, @eh_web_menus_id_payb, '账单统计', 1, 1, '账单统计  全部权限', 999);
INSERT INTO `eh_acls` (`id`, `namespace_id`, `owner_type`, `owner_id`, `grant_type`, `privilege_id`, `role_id`, `role_type`, `order_seq`, `creator_uid`, `create_time`)
VALUES ((@acl_id := @acl_id + 1), 0, 'EhOrganizations', NULL, 1, @privilege_id, 1001, 'EhAclRoles', 0, 1, NOW());
INSERT INTO `eh_acls` (`id`, `namespace_id`, `owner_type`, `owner_id`, `grant_type`, `privilege_id`, `role_id`, `role_type`, `order_seq`, `creator_uid`, `create_time`)
VALUES ((@acl_id := @acl_id + 1), 0, 'EhOrganizations', NULL, 1, @privilege_id, 1005, 'EhAclRoles', 0, 1, NOW());

SET @eh_service_module_privileges_id = (SELECT MAX(id) FROM `eh_service_module_privileges`);
INSERT INTO `eh_service_module_privileges` (`id`, `module_id`, `privilege_type`, `privilege_id`, `remark`, `default_order`, `create_time`)
VALUES ((@eh_service_module_privileges_id := @eh_service_module_privileges_id + 1), '20700', '1', @privilege_id, NULL, '0', UTC_TIMESTAMP());



INSERT INTO `eh_service_modules` (`id`, `name`, `parent_id`, `path`, `type`, `level`, `status`, `default_order`, `create_time`)
VALUES (@eh_web_menus_id_paym, '账单管理', '20700', '/20000/20700/', '0', '2', '2', '0', UTC_TIMESTAMP());
INSERT INTO `eh_service_modules` (`id`, `name`, `parent_id`, `path`, `type`, `level`, `status`, `default_order`, `create_time`)
VALUES (@eh_web_menus_id_payb, '账单统计', '20700', '/20000/20700/', '0', '2', '2', '0', UTC_TIMESTAMP());



SET @eh_service_module_scopes_id = (SELECT MAX(id) FROM `eh_service_module_scopes`);
-- INSERT INTO `eh_service_module_scopes` (`id`, `namespace_id`, `module_id`, `module_name`, `owner_type`, `owner_id`, `default_order`, `apply_policy`)
-- VALUES ((@eh_service_module_scopes_id := @eh_service_module_scopes_id + 1), 999985, 20700, '账单管理', 'EhNamespaces', 999971, NULL, 2);
-- INSERT INTO `eh_service_module_scopes` (`id`, `namespace_id`, `module_id`, `module_name`, `owner_type`, `owner_id`, `default_order`, `apply_policy`)
-- VALUES ((@eh_service_module_scopes_id := @eh_service_module_scopes_id + 1), 999985, 20700, '账单统计', 'EhNamespaces', 999971, NULL, 2);
-- INSERT INTO `eh_service_module_scopes` (`id`, `namespace_id`, `module_id`, `module_name`, `owner_type`, `owner_id`, `default_order`, `apply_policy`)
-- VALUES ((@eh_service_module_scopes_id := @eh_service_module_scopes_id + 1), 999985, 20700, '账单管理', 'EhNamespaces', 999973, NULL, 2);
-- INSERT INTO `eh_service_module_scopes` (`id`, `namespace_id`, `module_id`, `module_name`, `owner_type`, `owner_id`, `default_order`, `apply_policy`)
-- VALUES ((@eh_service_module_scopes_id := @eh_service_module_scopes_id + 1), 999985, 20700, '账单统计', 'EhNamespaces', 999973, NULL, 2);
INSERT INTO `eh_service_module_scopes` (`id`, `namespace_id`, `module_id`, `module_name`, `owner_type`, `owner_id`, `default_order`, `apply_policy`)
VALUES ((@eh_service_module_scopes_id := @eh_service_module_scopes_id + 1), 999985, 20700, '账单管理', 'EhNamespaces', 999974, NULL, 2);
INSERT INTO `eh_service_module_scopes` (`id`, `namespace_id`, `module_id`, `module_name`, `owner_type`, `owner_id`, `default_order`, `apply_policy`)
VALUES ((@eh_service_module_scopes_id := @eh_service_module_scopes_id + 1), 999985, 20700, '账单统计', 'EhNamespaces', 999974, NULL, 2);
-- end of wentian's script

INSERT INTO `eh_var_field_groups` (`id`, `module_name`, `parent_id`, `path`, `title`, `name`, `mandatory_flag`, `default_order`, `status`, `creator_uid`, `create_time`, `operator_uid`, `update_time`) VALUES ('1', 'enterprise_customer', '0', '/1', '基本信息', 'basicInfo', '0', NULL, '2', '1', '2017-08-18 02:24:19', NULL, NULL);
INSERT INTO `eh_var_field_groups` (`id`, `module_name`, `parent_id`, `path`, `title`, `name`, `mandatory_flag`, `default_order`, `status`, `creator_uid`, `create_time`, `operator_uid`, `update_time`) VALUES ('2', 'enterprise_customer', '0', '/2', '税务信息', 'taxInfo', '0', NULL, '2', '1', '2017-08-18 02:24:19', NULL, NULL);
INSERT INTO `eh_var_field_groups` (`id`, `module_name`, `parent_id`, `path`, `title`, `name`, `mandatory_flag`, `default_order`, `status`, `creator_uid`, `create_time`, `operator_uid`, `update_time`) VALUES ('3', 'enterprise_customer', '0', '/3', '银行账号', 'accountInfo', '0', NULL, '2', '1', '2017-08-18 02:24:19', NULL, NULL);
INSERT INTO `eh_var_field_groups` (`id`, `module_name`, `parent_id`, `path`, `title`, `name`, `mandatory_flag`, `default_order`, `status`, `creator_uid`, `create_time`, `operator_uid`, `update_time`) VALUES ('4', 'enterprise_customer', '0', '/4', '人才团队信息', 'talentInfo', '0', NULL, '2', '1', '2017-08-18 02:24:19', NULL, NULL);
INSERT INTO `eh_var_field_groups` (`id`, `module_name`, `parent_id`, `path`, `title`, `name`, `mandatory_flag`, `default_order`, `status`, `creator_uid`, `create_time`, `operator_uid`, `update_time`) VALUES ('5', 'enterprise_customer', '17', '/17/5', '商标信息', 'trademarkInfo', '0', NULL, '2', '1', '2017-08-18 02:24:19', NULL, NULL);
INSERT INTO `eh_var_field_groups` (`id`, `module_name`, `parent_id`, `path`, `title`, `name`, `mandatory_flag`, `default_order`, `status`, `creator_uid`, `create_time`, `operator_uid`, `update_time`) VALUES ('6', 'enterprise_customer', '0', '/6', '申报项目', 'project', '0', NULL, '2', '1', '2017-08-18 02:24:20', NULL, NULL);
INSERT INTO `eh_var_field_groups` (`id`, `module_name`, `parent_id`, `path`, `title`, `name`, `mandatory_flag`, `default_order`, `status`, `creator_uid`, `create_time`, `operator_uid`, `update_time`) VALUES ('7', 'enterprise_customer', '0', '/7', '工商信息', 'commercialInfo', '0', NULL, '2', '1', '2017-08-18 02:24:20', NULL, NULL);
INSERT INTO `eh_var_field_groups` (`id`, `module_name`, `parent_id`, `path`, `title`, `name`, `mandatory_flag`, `default_order`, `status`, `creator_uid`, `create_time`, `operator_uid`, `update_time`) VALUES ('8', 'enterprise_customer', '0', '/8', '投融情况', 'financingInfo', '0', NULL, '2', '1', '2017-08-18 02:24:20', NULL, NULL);
INSERT INTO `eh_var_field_groups` (`id`, `module_name`, `parent_id`, `path`, `title`, `name`, `mandatory_flag`, `default_order`, `status`, `creator_uid`, `create_time`, `operator_uid`, `update_time`) VALUES ('9', 'enterprise_customer', '0', '/9', '经济指标', 'economicIndicator', '0', NULL, '2', '1', '2017-08-18 02:24:20', NULL, NULL);
INSERT INTO `eh_var_field_groups` (`id`, `module_name`, `parent_id`, `path`, `title`, `name`, `mandatory_flag`, `default_order`, `status`, `creator_uid`, `create_time`, `operator_uid`, `update_time`) VALUES ('10', 'enterprise_customer', '1', '/1/10', '基本信息', 'basic', '0', NULL, '2', '1', '2017-08-18 02:24:20', NULL, NULL);
INSERT INTO `eh_var_field_groups` (`id`, `module_name`, `parent_id`, `path`, `title`, `name`, `mandatory_flag`, `default_order`, `status`, `creator_uid`, `create_time`, `operator_uid`, `update_time`) VALUES ('11', 'enterprise_customer', '1', '/1/11', '企业情况', 'enterpriseInfo', '0', NULL, '2', '1', '2017-08-18 02:24:20', NULL, NULL);
INSERT INTO `eh_var_field_groups` (`id`, `module_name`, `parent_id`, `path`, `title`, `name`, `mandatory_flag`, `default_order`, `status`, `creator_uid`, `create_time`, `operator_uid`, `update_time`) VALUES ('12', 'enterprise_customer', '1', '/1/12', '员工情况', 'memberInfo', '0', NULL, '2', '1', '2017-08-18 02:24:21', NULL, NULL);
INSERT INTO `eh_var_field_groups` (`id`, `module_name`, `parent_id`, `path`, `title`, `name`, `mandatory_flag`, `default_order`, `status`, `creator_uid`, `create_time`, `operator_uid`, `update_time`) VALUES ('13', 'contract', '0', '/13', '合同信息', 'info', '0', NULL, '2', '1', '2017-08-18 02:24:21', NULL, NULL);
INSERT INTO `eh_var_field_groups` (`id`, `module_name`, `parent_id`, `path`, `title`, `name`, `mandatory_flag`, `default_order`, `status`, `creator_uid`, `create_time`, `operator_uid`, `update_time`) VALUES ('14', 'contract', '0', '/13/14', '基本信息', 'basicinfo', '0', NULL, '2', '1', '2017-08-18 02:24:21', NULL, NULL);
INSERT INTO `eh_var_field_groups` (`id`, `module_name`, `parent_id`, `path`, `title`, `name`, `mandatory_flag`, `default_order`, `status`, `creator_uid`, `create_time`, `operator_uid`, `update_time`) VALUES ('15', 'contract', '0', '/13/15', '合同概览', 'overview', '0', NULL, '2', '1', '2017-08-18 02:24:21', NULL, NULL);
INSERT INTO `eh_var_field_groups` (`id`, `module_name`, `parent_id`, `path`, `title`, `name`, `mandatory_flag`, `default_order`, `status`, `creator_uid`, `create_time`, `operator_uid`, `update_time`) VALUES ('16', 'enterprise_customer', '17', '/17/16', '专利信息', 'patentInfo', '0', NULL, '2', '1', '2017-08-23 10:54:35', NULL, NULL);
INSERT INTO `eh_var_field_groups` (`id`, `module_name`, `parent_id`, `path`, `title`, `name`, `mandatory_flag`, `default_order`, `status`, `creator_uid`, `create_time`, `operator_uid`, `update_time`) VALUES ('17', 'enterprise_customer', '0', '/17', '知识产权', 'intellectualProperty', '0', NULL, '1', '1', '2017-08-30 10:47:42', NULL, NULL);
INSERT INTO `eh_var_field_groups` (`id`, `module_name`, `parent_id`, `path`, `title`, `name`, `mandatory_flag`, `default_order`, `status`, `creator_uid`, `create_time`, `operator_uid`, `update_time`) VALUES ('18', 'enterprise_customer', '17', '/17/18', '证书', 'certificate', '0', NULL, '2', '1', '2017-08-23 10:54:35', NULL, NULL);

INSERT INTO `eh_var_field_group_scopes` (`id`, `namespace_id`, `module_name`, `group_id`, `group_display_name`, `default_order`, `status`, `creator_uid`, `create_time`, `operator_uid`, `update_time`) VALUES ('1', '999971', 'enterprise_customer', '1', '基本信息', '1', '2', '1', '2017-08-18 02:24:21', NULL, NULL);
INSERT INTO `eh_var_field_group_scopes` (`id`, `namespace_id`, `module_name`, `group_id`, `group_display_name`, `default_order`, `status`, `creator_uid`, `create_time`, `operator_uid`, `update_time`) VALUES ('2', '999971', 'enterprise_customer', '2', '税务信息', '2', '2', '1', '2017-08-18 02:24:21', NULL, NULL);
INSERT INTO `eh_var_field_group_scopes` (`id`, `namespace_id`, `module_name`, `group_id`, `group_display_name`, `default_order`, `status`, `creator_uid`, `create_time`, `operator_uid`, `update_time`) VALUES ('3', '999971', 'enterprise_customer', '3', '银行账号', '3', '2', '1', '2017-08-18 02:24:21', NULL, NULL);
INSERT INTO `eh_var_field_group_scopes` (`id`, `namespace_id`, `module_name`, `group_id`, `group_display_name`, `default_order`, `status`, `creator_uid`, `create_time`, `operator_uid`, `update_time`) VALUES ('4', '999971', 'enterprise_customer', '4', '人才团队信息', '4', '2', '1', '2017-08-18 02:24:21', NULL, NULL);
INSERT INTO `eh_var_field_group_scopes` (`id`, `namespace_id`, `module_name`, `group_id`, `group_display_name`, `default_order`, `status`, `creator_uid`, `create_time`, `operator_uid`, `update_time`) VALUES ('5', '999971', 'enterprise_customer', '5', '商标信息', '1', '2', '1', '2017-08-18 02:24:21', NULL, NULL);
INSERT INTO `eh_var_field_group_scopes` (`id`, `namespace_id`, `module_name`, `group_id`, `group_display_name`, `default_order`, `status`, `creator_uid`, `create_time`, `operator_uid`, `update_time`) VALUES ('6', '999971', 'enterprise_customer', '6', '申报项目', '6', '2', '1', '2017-08-18 02:24:22', NULL, NULL);
INSERT INTO `eh_var_field_group_scopes` (`id`, `namespace_id`, `module_name`, `group_id`, `group_display_name`, `default_order`, `status`, `creator_uid`, `create_time`, `operator_uid`, `update_time`) VALUES ('7', '999971', 'enterprise_customer', '7', '工商信息', '7', '2', '1', '2017-08-18 02:24:22', NULL, NULL);
INSERT INTO `eh_var_field_group_scopes` (`id`, `namespace_id`, `module_name`, `group_id`, `group_display_name`, `default_order`, `status`, `creator_uid`, `create_time`, `operator_uid`, `update_time`) VALUES ('8', '999971', 'enterprise_customer', '8', '投融情况', '8', '2', '1', '2017-08-18 02:24:22', NULL, NULL);
INSERT INTO `eh_var_field_group_scopes` (`id`, `namespace_id`, `module_name`, `group_id`, `group_display_name`, `default_order`, `status`, `creator_uid`, `create_time`, `operator_uid`, `update_time`) VALUES ('9', '999971', 'enterprise_customer', '9', '经济指标', '9', '2', '1', '2017-08-18 02:24:22', NULL, NULL);
INSERT INTO `eh_var_field_group_scopes` (`id`, `namespace_id`, `module_name`, `group_id`, `group_display_name`, `default_order`, `status`, `creator_uid`, `create_time`, `operator_uid`, `update_time`) VALUES ('10', '999971', 'enterprise_customer', '10', '基本信息', '1', '2', '1', '2017-08-18 02:24:22', NULL, NULL);
INSERT INTO `eh_var_field_group_scopes` (`id`, `namespace_id`, `module_name`, `group_id`, `group_display_name`, `default_order`, `status`, `creator_uid`, `create_time`, `operator_uid`, `update_time`) VALUES ('11', '999971', 'enterprise_customer', '11', '企业情况', '2', '2', '1', '2017-08-18 02:24:23', NULL, NULL);
INSERT INTO `eh_var_field_group_scopes` (`id`, `namespace_id`, `module_name`, `group_id`, `group_display_name`, `default_order`, `status`, `creator_uid`, `create_time`, `operator_uid`, `update_time`) VALUES ('12', '999971', 'enterprise_customer', '12', '员工情况', '3', '2', '1', '2017-08-18 02:24:23', NULL, NULL);
INSERT INTO `eh_var_field_group_scopes` (`id`, `namespace_id`, `module_name`, `group_id`, `group_display_name`, `default_order`, `status`, `creator_uid`, `create_time`, `operator_uid`, `update_time`) VALUES ('13', '999971', 'contract', '13', '合同信息', '1', '2', '1', '2017-08-18 02:24:23', NULL, NULL);
INSERT INTO `eh_var_field_group_scopes` (`id`, `namespace_id`, `module_name`, `group_id`, `group_display_name`, `default_order`, `status`, `creator_uid`, `create_time`, `operator_uid`, `update_time`) VALUES ('14', '999971', 'contract', '14', '基本信息', '1', '2', '1', '2017-08-18 02:24:23', NULL, NULL);
INSERT INTO `eh_var_field_group_scopes` (`id`, `namespace_id`, `module_name`, `group_id`, `group_display_name`, `default_order`, `status`, `creator_uid`, `create_time`, `operator_uid`, `update_time`) VALUES ('15', '999971', 'contract', '15', '合同概览', '2', '2', '1', '2017-08-18 02:24:23', NULL, NULL);
INSERT INTO `eh_var_field_group_scopes` (`id`, `namespace_id`, `module_name`, `group_id`, `group_display_name`, `default_order`, `status`, `creator_uid`, `create_time`, `operator_uid`, `update_time`) VALUES ('16', '999971', 'enterprise_customer', '16', '专利信息', '2', '2', '1', '2017-08-23 10:55:30', NULL, NULL);
INSERT INTO `eh_var_field_group_scopes` (`id`, `namespace_id`, `module_name`, `group_id`, `group_display_name`, `default_order`, `status`, `creator_uid`, `create_time`, `operator_uid`, `update_time`) VALUES ('17', '999971', 'enterprise_customer', '17', '知识产权', '5', '2', '1', '2017-08-23 10:55:30', NULL, NULL);
INSERT INTO `eh_var_field_group_scopes` (`id`, `namespace_id`, `module_name`, `group_id`, `group_display_name`, `default_order`, `status`, `creator_uid`, `create_time`, `operator_uid`, `update_time`) VALUES ('18', '999971', 'enterprise_customer', '18', '证书', '3', '2', '1', '2017-08-23 10:55:30', NULL, NULL);
SET @group_scopes_id = (SELECT MAX(id) FROM `eh_var_field_group_scopes`);
INSERT INTO `eh_var_field_group_scopes` (`id`, `namespace_id`, `module_name`, `group_id`, `group_display_name`, `default_order`, `status`, `creator_uid`, `create_time`, `operator_uid`, `update_time`) VALUES ((@group_scopes_id := @group_scopes_id + 1), '999973', 'enterprise_customer', '1', '基本信息', '1', '2', '1', '2017-08-18 02:24:21', NULL, NULL);
INSERT INTO `eh_var_field_group_scopes` (`id`, `namespace_id`, `module_name`, `group_id`, `group_display_name`, `default_order`, `status`, `creator_uid`, `create_time`, `operator_uid`, `update_time`) VALUES ((@group_scopes_id := @group_scopes_id + 1), '999973', 'enterprise_customer', '2', '税务信息', '2', '2', '1', '2017-08-18 02:24:21', NULL, NULL);
INSERT INTO `eh_var_field_group_scopes` (`id`, `namespace_id`, `module_name`, `group_id`, `group_display_name`, `default_order`, `status`, `creator_uid`, `create_time`, `operator_uid`, `update_time`) VALUES ((@group_scopes_id := @group_scopes_id + 1), '999973', 'enterprise_customer', '3', '银行账号', '3', '2', '1', '2017-08-18 02:24:21', NULL, NULL);
INSERT INTO `eh_var_field_group_scopes` (`id`, `namespace_id`, `module_name`, `group_id`, `group_display_name`, `default_order`, `status`, `creator_uid`, `create_time`, `operator_uid`, `update_time`) VALUES ((@group_scopes_id := @group_scopes_id + 1), '999973', 'enterprise_customer', '4', '人才团队信息', '4', '2', '1', '2017-08-18 02:24:21', NULL, NULL);
INSERT INTO `eh_var_field_group_scopes` (`id`, `namespace_id`, `module_name`, `group_id`, `group_display_name`, `default_order`, `status`, `creator_uid`, `create_time`, `operator_uid`, `update_time`) VALUES ((@group_scopes_id := @group_scopes_id + 1), '999973', 'enterprise_customer', '5', '商标信息', '1', '2', '1', '2017-08-18 02:24:21', NULL, NULL);
INSERT INTO `eh_var_field_group_scopes` (`id`, `namespace_id`, `module_name`, `group_id`, `group_display_name`, `default_order`, `status`, `creator_uid`, `create_time`, `operator_uid`, `update_time`) VALUES ((@group_scopes_id := @group_scopes_id + 1), '999973', 'enterprise_customer', '6', '申报项目', '6', '2', '1', '2017-08-18 02:24:22', NULL, NULL);
INSERT INTO `eh_var_field_group_scopes` (`id`, `namespace_id`, `module_name`, `group_id`, `group_display_name`, `default_order`, `status`, `creator_uid`, `create_time`, `operator_uid`, `update_time`) VALUES ((@group_scopes_id := @group_scopes_id + 1), '999973', 'enterprise_customer', '7', '工商信息', '7', '2', '1', '2017-08-18 02:24:22', NULL, NULL);
INSERT INTO `eh_var_field_group_scopes` (`id`, `namespace_id`, `module_name`, `group_id`, `group_display_name`, `default_order`, `status`, `creator_uid`, `create_time`, `operator_uid`, `update_time`) VALUES ((@group_scopes_id := @group_scopes_id + 1), '999973', 'enterprise_customer', '8', '投融情况', '8', '2', '1', '2017-08-18 02:24:22', NULL, NULL);
INSERT INTO `eh_var_field_group_scopes` (`id`, `namespace_id`, `module_name`, `group_id`, `group_display_name`, `default_order`, `status`, `creator_uid`, `create_time`, `operator_uid`, `update_time`) VALUES ((@group_scopes_id := @group_scopes_id + 1), '999973', 'enterprise_customer', '9', '经济指标', '9', '2', '1', '2017-08-18 02:24:22', NULL, NULL);
INSERT INTO `eh_var_field_group_scopes` (`id`, `namespace_id`, `module_name`, `group_id`, `group_display_name`, `default_order`, `status`, `creator_uid`, `create_time`, `operator_uid`, `update_time`) VALUES ((@group_scopes_id := @group_scopes_id + 1), '999973', 'enterprise_customer', '10', '基本信息', '1', '2', '1', '2017-08-18 02:24:22', NULL, NULL);
INSERT INTO `eh_var_field_group_scopes` (`id`, `namespace_id`, `module_name`, `group_id`, `group_display_name`, `default_order`, `status`, `creator_uid`, `create_time`, `operator_uid`, `update_time`) VALUES ((@group_scopes_id := @group_scopes_id + 1), '999973', 'enterprise_customer', '11', '企业情况', '2', '2', '1', '2017-08-18 02:24:23', NULL, NULL);
INSERT INTO `eh_var_field_group_scopes` (`id`, `namespace_id`, `module_name`, `group_id`, `group_display_name`, `default_order`, `status`, `creator_uid`, `create_time`, `operator_uid`, `update_time`) VALUES ((@group_scopes_id := @group_scopes_id + 1), '999973', 'enterprise_customer', '12', '员工情况', '3', '2', '1', '2017-08-18 02:24:23', NULL, NULL);
INSERT INTO `eh_var_field_group_scopes` (`id`, `namespace_id`, `module_name`, `group_id`, `group_display_name`, `default_order`, `status`, `creator_uid`, `create_time`, `operator_uid`, `update_time`) VALUES ((@group_scopes_id := @group_scopes_id + 1), '999973', 'contract', '13', '合同信息', '1', '2', '1', '2017-08-18 02:24:23', NULL, NULL);
INSERT INTO `eh_var_field_group_scopes` (`id`, `namespace_id`, `module_name`, `group_id`, `group_display_name`, `default_order`, `status`, `creator_uid`, `create_time`, `operator_uid`, `update_time`) VALUES ((@group_scopes_id := @group_scopes_id + 1), '999973', 'contract', '14', '基本信息', '1', '2', '1', '2017-08-18 02:24:23', NULL, NULL);
INSERT INTO `eh_var_field_group_scopes` (`id`, `namespace_id`, `module_name`, `group_id`, `group_display_name`, `default_order`, `status`, `creator_uid`, `create_time`, `operator_uid`, `update_time`) VALUES ((@group_scopes_id := @group_scopes_id + 1), '999973', 'contract', '15', '合同概览', '2', '2', '1', '2017-08-18 02:24:23', NULL, NULL);
INSERT INTO `eh_var_field_group_scopes` (`id`, `namespace_id`, `module_name`, `group_id`, `group_display_name`, `default_order`, `status`, `creator_uid`, `create_time`, `operator_uid`, `update_time`) VALUES ((@group_scopes_id := @group_scopes_id + 1), '999973', 'enterprise_customer', '16', '专利信息', '2', '2', '1', '2017-08-23 10:55:30', NULL, NULL);
INSERT INTO `eh_var_field_group_scopes` (`id`, `namespace_id`, `module_name`, `group_id`, `group_display_name`, `default_order`, `status`, `creator_uid`, `create_time`, `operator_uid`, `update_time`) VALUES ((@group_scopes_id := @group_scopes_id + 1), '999973', 'enterprise_customer', '17', '知识产权', '5', '2', '1', '2017-08-23 10:55:30', NULL, NULL);
INSERT INTO `eh_var_field_group_scopes` (`id`, `namespace_id`, `module_name`, `group_id`, `group_display_name`, `default_order`, `status`, `creator_uid`, `create_time`, `operator_uid`, `update_time`) VALUES ((@group_scopes_id := @group_scopes_id + 1), '999973', 'enterprise_customer', '18', '证书', '3', '2', '1', '2017-08-23 10:55:30', NULL, NULL);

INSERT INTO `eh_var_field_group_scopes` (`id`, `namespace_id`, `module_name`, `group_id`, `group_display_name`, `default_order`, `status`, `creator_uid`, `create_time`, `operator_uid`, `update_time`) VALUES ((@group_scopes_id := @group_scopes_id + 1), '999974', 'enterprise_customer', '1', '基本信息', '1', '2', '1', '2017-08-18 02:24:21', NULL, NULL);
INSERT INTO `eh_var_field_group_scopes` (`id`, `namespace_id`, `module_name`, `group_id`, `group_display_name`, `default_order`, `status`, `creator_uid`, `create_time`, `operator_uid`, `update_time`) VALUES ((@group_scopes_id := @group_scopes_id + 1), '999974', 'enterprise_customer', '2', '税务信息', '2', '2', '1', '2017-08-18 02:24:21', NULL, NULL);
INSERT INTO `eh_var_field_group_scopes` (`id`, `namespace_id`, `module_name`, `group_id`, `group_display_name`, `default_order`, `status`, `creator_uid`, `create_time`, `operator_uid`, `update_time`) VALUES ((@group_scopes_id := @group_scopes_id + 1), '999974', 'enterprise_customer', '3', '银行账号', '3', '2', '1', '2017-08-18 02:24:21', NULL, NULL);
INSERT INTO `eh_var_field_group_scopes` (`id`, `namespace_id`, `module_name`, `group_id`, `group_display_name`, `default_order`, `status`, `creator_uid`, `create_time`, `operator_uid`, `update_time`) VALUES ((@group_scopes_id := @group_scopes_id + 1), '999974', 'enterprise_customer', '4', '人才团队信息', '4', '2', '1', '2017-08-18 02:24:21', NULL, NULL);
INSERT INTO `eh_var_field_group_scopes` (`id`, `namespace_id`, `module_name`, `group_id`, `group_display_name`, `default_order`, `status`, `creator_uid`, `create_time`, `operator_uid`, `update_time`) VALUES ((@group_scopes_id := @group_scopes_id + 1), '999974', 'enterprise_customer', '5', '商标信息', '1', '2', '1', '2017-08-18 02:24:21', NULL, NULL);
INSERT INTO `eh_var_field_group_scopes` (`id`, `namespace_id`, `module_name`, `group_id`, `group_display_name`, `default_order`, `status`, `creator_uid`, `create_time`, `operator_uid`, `update_time`) VALUES ((@group_scopes_id := @group_scopes_id + 1), '999974', 'enterprise_customer', '6', '申报项目', '6', '2', '1', '2017-08-18 02:24:22', NULL, NULL);
INSERT INTO `eh_var_field_group_scopes` (`id`, `namespace_id`, `module_name`, `group_id`, `group_display_name`, `default_order`, `status`, `creator_uid`, `create_time`, `operator_uid`, `update_time`) VALUES ((@group_scopes_id := @group_scopes_id + 1), '999974', 'enterprise_customer', '7', '工商信息', '7', '2', '1', '2017-08-18 02:24:22', NULL, NULL);
INSERT INTO `eh_var_field_group_scopes` (`id`, `namespace_id`, `module_name`, `group_id`, `group_display_name`, `default_order`, `status`, `creator_uid`, `create_time`, `operator_uid`, `update_time`) VALUES ((@group_scopes_id := @group_scopes_id + 1), '999974', 'enterprise_customer', '8', '投融情况', '8', '2', '1', '2017-08-18 02:24:22', NULL, NULL);
INSERT INTO `eh_var_field_group_scopes` (`id`, `namespace_id`, `module_name`, `group_id`, `group_display_name`, `default_order`, `status`, `creator_uid`, `create_time`, `operator_uid`, `update_time`) VALUES ((@group_scopes_id := @group_scopes_id + 1), '999974', 'enterprise_customer', '9', '经济指标', '9', '2', '1', '2017-08-18 02:24:22', NULL, NULL);
INSERT INTO `eh_var_field_group_scopes` (`id`, `namespace_id`, `module_name`, `group_id`, `group_display_name`, `default_order`, `status`, `creator_uid`, `create_time`, `operator_uid`, `update_time`) VALUES ((@group_scopes_id := @group_scopes_id + 1), '999974', 'enterprise_customer', '10', '基本信息', '1', '2', '1', '2017-08-18 02:24:22', NULL, NULL);
INSERT INTO `eh_var_field_group_scopes` (`id`, `namespace_id`, `module_name`, `group_id`, `group_display_name`, `default_order`, `status`, `creator_uid`, `create_time`, `operator_uid`, `update_time`) VALUES ((@group_scopes_id := @group_scopes_id + 1), '999974', 'enterprise_customer', '11', '企业情况', '2', '2', '1', '2017-08-18 02:24:23', NULL, NULL);
INSERT INTO `eh_var_field_group_scopes` (`id`, `namespace_id`, `module_name`, `group_id`, `group_display_name`, `default_order`, `status`, `creator_uid`, `create_time`, `operator_uid`, `update_time`) VALUES ((@group_scopes_id := @group_scopes_id + 1), '999974', 'enterprise_customer', '12', '员工情况', '3', '2', '1', '2017-08-18 02:24:23', NULL, NULL);
INSERT INTO `eh_var_field_group_scopes` (`id`, `namespace_id`, `module_name`, `group_id`, `group_display_name`, `default_order`, `status`, `creator_uid`, `create_time`, `operator_uid`, `update_time`) VALUES ((@group_scopes_id := @group_scopes_id + 1), '999974', 'contract', '13', '合同信息', '1', '2', '1', '2017-08-18 02:24:23', NULL, NULL);
INSERT INTO `eh_var_field_group_scopes` (`id`, `namespace_id`, `module_name`, `group_id`, `group_display_name`, `default_order`, `status`, `creator_uid`, `create_time`, `operator_uid`, `update_time`) VALUES ((@group_scopes_id := @group_scopes_id + 1), '999974', 'contract', '14', '基本信息', '1', '2', '1', '2017-08-18 02:24:23', NULL, NULL);
INSERT INTO `eh_var_field_group_scopes` (`id`, `namespace_id`, `module_name`, `group_id`, `group_display_name`, `default_order`, `status`, `creator_uid`, `create_time`, `operator_uid`, `update_time`) VALUES ((@group_scopes_id := @group_scopes_id + 1), '999974', 'contract', '15', '合同概览', '2', '2', '1', '2017-08-18 02:24:23', NULL, NULL);
INSERT INTO `eh_var_field_group_scopes` (`id`, `namespace_id`, `module_name`, `group_id`, `group_display_name`, `default_order`, `status`, `creator_uid`, `create_time`, `operator_uid`, `update_time`) VALUES ((@group_scopes_id := @group_scopes_id + 1), '999974', 'enterprise_customer', '16', '专利信息', '2', '2', '1', '2017-08-23 10:55:30', NULL, NULL);
INSERT INTO `eh_var_field_group_scopes` (`id`, `namespace_id`, `module_name`, `group_id`, `group_display_name`, `default_order`, `status`, `creator_uid`, `create_time`, `operator_uid`, `update_time`) VALUES ((@group_scopes_id := @group_scopes_id + 1), '999974', 'enterprise_customer', '17', '知识产权', '5', '2', '1', '2017-08-23 10:55:30', NULL, NULL);
INSERT INTO `eh_var_field_group_scopes` (`id`, `namespace_id`, `module_name`, `group_id`, `group_display_name`, `default_order`, `status`, `creator_uid`, `create_time`, `operator_uid`, `update_time`) VALUES ((@group_scopes_id := @group_scopes_id + 1), '999974', 'enterprise_customer', '18', '证书', '3', '2', '1', '2017-08-23 10:55:30', NULL, NULL);

INSERT INTO `eh_var_fields` (`id`, `module_name`, `name`, `display_name`, `field_type`, `group_id`, `group_path`, `mandatory_flag`, `default_order`, `status`, `creator_uid`, `create_time`, `operator_uid`, `update_time`) VALUES ('1', 'enterprise_customer', 'customerNumber', '客户编号', 'String', '10', '/1/10', '0', NULL, '2', '1', '2017-08-18 02:24:23', NULL, NULL);
INSERT INTO `eh_var_fields` (`id`, `module_name`, `name`, `display_name`, `field_type`, `group_id`, `group_path`, `mandatory_flag`, `default_order`, `status`, `creator_uid`, `create_time`, `operator_uid`, `update_time`) VALUES ('2', 'enterprise_customer', 'name', '客户名称', 'String', '10', '/1/10', '0', NULL, '2', '1', '2017-08-18 02:24:24', NULL, NULL);
INSERT INTO `eh_var_fields` (`id`, `module_name`, `name`, `display_name`, `field_type`, `group_id`, `group_path`, `mandatory_flag`, `default_order`, `status`, `creator_uid`, `create_time`, `operator_uid`, `update_time`) VALUES ('3', 'enterprise_customer', 'nickName', '简称', 'String', '10', '/1/10', '0', NULL, '2', '1', '2017-08-18 02:24:24', NULL, NULL);
INSERT INTO `eh_var_fields` (`id`, `module_name`, `name`, `display_name`, `field_type`, `group_id`, `group_path`, `mandatory_flag`, `default_order`, `status`, `creator_uid`, `create_time`, `operator_uid`, `update_time`) VALUES ('4', 'enterprise_customer', 'categoryItemId', '客户类型', 'Long', '10', '/1/10', '0', NULL, '2', '1', '2017-08-18 02:24:24', NULL, NULL);
INSERT INTO `eh_var_fields` (`id`, `module_name`, `name`, `display_name`, `field_type`, `group_id`, `group_path`, `mandatory_flag`, `default_order`, `status`, `creator_uid`, `create_time`, `operator_uid`, `update_time`) VALUES ('5', 'enterprise_customer', 'levelItemId', '客户级别', 'Long', '10', '/1/10', '0', NULL, '2', '1', '2017-08-18 02:24:25', NULL, NULL);
INSERT INTO `eh_var_fields` (`id`, `module_name`, `name`, `display_name`, `field_type`, `group_id`, `group_path`, `mandatory_flag`, `default_order`, `status`, `creator_uid`, `create_time`, `operator_uid`, `update_time`) VALUES ('6', 'enterprise_customer', 'sourceItemId', '认知途径', 'Long', '10', '/1/10', '0', NULL, '2', '1', '2017-08-18 02:24:25', NULL, NULL);
INSERT INTO `eh_var_fields` (`id`, `module_name`, `name`, `display_name`, `field_type`, `group_id`, `group_path`, `mandatory_flag`, `default_order`, `status`, `creator_uid`, `create_time`, `operator_uid`, `update_time`) VALUES ('7', 'enterprise_customer', 'contactName', '联系人', 'String', '10', '/1/10', '0', NULL, '2', '1', '2017-08-18 02:24:25', NULL, NULL);
INSERT INTO `eh_var_fields` (`id`, `module_name`, `name`, `display_name`, `field_type`, `group_id`, `group_path`, `mandatory_flag`, `default_order`, `status`, `creator_uid`, `create_time`, `operator_uid`, `update_time`) VALUES ('8', 'enterprise_customer', 'contactGenderItemId', '联系人性别', 'Long', '10', '/1/10', '0', NULL, '2', '1', '2017-08-18 02:24:25', NULL, NULL);
INSERT INTO `eh_var_fields` (`id`, `module_name`, `name`, `display_name`, `field_type`, `group_id`, `group_path`, `mandatory_flag`, `default_order`, `status`, `creator_uid`, `create_time`, `operator_uid`, `update_time`) VALUES ('9', 'enterprise_customer', 'contactMobile', '手机号码', 'String', '10', '/1/10', '0', NULL, '2', '1', '2017-08-18 02:24:25', NULL, NULL);
INSERT INTO `eh_var_fields` (`id`, `module_name`, `name`, `display_name`, `field_type`, `group_id`, `group_path`, `mandatory_flag`, `default_order`, `status`, `creator_uid`, `create_time`, `operator_uid`, `update_time`) VALUES ('10', 'enterprise_customer', 'contactPhone', '座机号码', 'String', '10', '/1/10', '0', NULL, '2', '1', '2017-08-18 02:24:26', NULL, NULL);
INSERT INTO `eh_var_fields` (`id`, `module_name`, `name`, `display_name`, `field_type`, `group_id`, `group_path`, `mandatory_flag`, `default_order`, `status`, `creator_uid`, `create_time`, `operator_uid`, `update_time`) VALUES ('11', 'enterprise_customer', 'contactOffficePhone', '办公电话', 'String', '10', '/1/10', '0', NULL, '2', '1', '2017-08-18 02:24:26', NULL, NULL);
INSERT INTO `eh_var_fields` (`id`, `module_name`, `name`, `display_name`, `field_type`, `group_id`, `group_path`, `mandatory_flag`, `default_order`, `status`, `creator_uid`, `create_time`, `operator_uid`, `update_time`) VALUES ('12', 'enterprise_customer', 'contactFamilyPhone', '家庭电话', 'String', '10', '/1/10', '0', NULL, '2', '1', '2017-08-18 02:24:26', NULL, NULL);
INSERT INTO `eh_var_fields` (`id`, `module_name`, `name`, `display_name`, `field_type`, `group_id`, `group_path`, `mandatory_flag`, `default_order`, `status`, `creator_uid`, `create_time`, `operator_uid`, `update_time`) VALUES ('13', 'enterprise_customer', 'contactEmail', '电子邮件', 'String', '10', '/1/10', '0', NULL, '2', '1', '2017-08-18 02:24:26', NULL, NULL);
INSERT INTO `eh_var_fields` (`id`, `module_name`, `name`, `display_name`, `field_type`, `group_id`, `group_path`, `mandatory_flag`, `default_order`, `status`, `creator_uid`, `create_time`, `operator_uid`, `update_time`) VALUES ('14', 'enterprise_customer', 'contactFax', '传真', 'String', '11', '/1/11', '0', NULL, '2', '1', '2017-08-18 02:24:26', NULL, NULL);
INSERT INTO `eh_var_fields` (`id`, `module_name`, `name`, `display_name`, `field_type`, `group_id`, `group_path`, `mandatory_flag`, `default_order`, `status`, `creator_uid`, `create_time`, `operator_uid`, `update_time`) VALUES ('15', 'enterprise_customer', 'contactAddress', '地址', 'String', '11', '/1/11', '0', NULL, '2', '1', '2017-08-18 02:24:26', NULL, NULL);
INSERT INTO `eh_var_fields` (`id`, `module_name`, `name`, `display_name`, `field_type`, `group_id`, `group_path`, `mandatory_flag`, `default_order`, `status`, `creator_uid`, `create_time`, `operator_uid`, `update_time`) VALUES ('16', 'enterprise_customer', 'corpEmail', '企业邮箱', 'String', '11', '/1/11', '0', NULL, '2', '1', '2017-08-18 02:24:26', NULL, NULL);
INSERT INTO `eh_var_fields` (`id`, `module_name`, `name`, `display_name`, `field_type`, `group_id`, `group_path`, `mandatory_flag`, `default_order`, `status`, `creator_uid`, `create_time`, `operator_uid`, `update_time`) VALUES ('17', 'enterprise_customer', 'corpWebsite', '企业网址', 'String', '11', '/1/11', '0', NULL, '2', '1', '2017-08-18 02:24:27', NULL, NULL);
INSERT INTO `eh_var_fields` (`id`, `module_name`, `name`, `display_name`, `field_type`, `group_id`, `group_path`, `mandatory_flag`, `default_order`, `status`, `creator_uid`, `create_time`, `operator_uid`, `update_time`) VALUES ('18', 'enterprise_customer', 'corpRegAddress', '注册地址', 'String', '11', '/1/11', '0', NULL, '2', '1', '2017-08-18 02:24:27', NULL, NULL);
INSERT INTO `eh_var_fields` (`id`, `module_name`, `name`, `display_name`, `field_type`, `group_id`, `group_path`, `mandatory_flag`, `default_order`, `status`, `creator_uid`, `create_time`, `operator_uid`, `update_time`) VALUES ('19', 'enterprise_customer', 'corpOpAddress', '经营地址', 'String', '11', '/1/11', '0', NULL, '2', '1', '2017-08-18 02:24:27', NULL, NULL);
INSERT INTO `eh_var_fields` (`id`, `module_name`, `name`, `display_name`, `field_type`, `group_id`, `group_path`, `mandatory_flag`, `default_order`, `status`, `creator_uid`, `create_time`, `operator_uid`, `update_time`) VALUES ('20', 'enterprise_customer', 'corpLegalPerson', '法人代表', 'String', '11', '/1/11', '0', NULL, '2', '1', '2017-08-18 02:24:27', NULL, NULL);
INSERT INTO `eh_var_fields` (`id`, `module_name`, `name`, `display_name`, `field_type`, `group_id`, `group_path`, `mandatory_flag`, `default_order`, `status`, `creator_uid`, `create_time`, `operator_uid`, `update_time`) VALUES ('21', 'enterprise_customer', 'corpRegCapital', '注册资金(万元）', 'BigDecimal', '11', '/1/11', '0', NULL, '2', '1', '2017-08-18 02:24:27', NULL, NULL);
INSERT INTO `eh_var_fields` (`id`, `module_name`, `name`, `display_name`, `field_type`, `group_id`, `group_path`, `mandatory_flag`, `default_order`, `status`, `creator_uid`, `create_time`, `operator_uid`, `update_time`) VALUES ('22', 'enterprise_customer', 'corpNatureItemId', '企业性质', 'Long', '11', '/1/11', '0', NULL, '2', '1', '2017-08-18 02:24:28', NULL, NULL);
INSERT INTO `eh_var_fields` (`id`, `module_name`, `name`, `display_name`, `field_type`, `group_id`, `group_path`, `mandatory_flag`, `default_order`, `status`, `creator_uid`, `create_time`, `operator_uid`, `update_time`) VALUES ('23', 'enterprise_customer', 'corpScale', '企业规模', 'BigDecimal', '11', '/1/11', '0', NULL, '2', '1', '2017-08-18 02:24:28', NULL, NULL);
INSERT INTO `eh_var_fields` (`id`, `module_name`, `name`, `display_name`, `field_type`, `group_id`, `group_path`, `mandatory_flag`, `default_order`, `status`, `creator_uid`, `create_time`, `operator_uid`, `update_time`) VALUES ('24', 'enterprise_customer', 'corpIndustryItemId', '行业类型', 'Long', '11', '/1/11', '0', NULL, '2', '1', '2017-08-18 02:24:28', NULL, NULL);
INSERT INTO `eh_var_fields` (`id`, `module_name`, `name`, `display_name`, `field_type`, `group_id`, `group_path`, `mandatory_flag`, `default_order`, `status`, `creator_uid`, `create_time`, `operator_uid`, `update_time`) VALUES ('25', 'enterprise_customer', 'corpPurposeItemId', '企业定位', 'Long', '11', '/1/11', '0', NULL, '2', '1', '2017-08-18 02:24:28', NULL, NULL);
INSERT INTO `eh_var_fields` (`id`, `module_name`, `name`, `display_name`, `field_type`, `group_id`, `group_path`, `mandatory_flag`, `default_order`, `status`, `creator_uid`, `create_time`, `operator_uid`, `update_time`) VALUES ('26', 'enterprise_customer', 'corpAnnualTurnover', '年营业额(万元)', 'BigDecimal', '11', '/1/11', '0', NULL, '2', '1', '2017-08-18 02:24:28', NULL, NULL);
INSERT INTO `eh_var_fields` (`id`, `module_name`, `name`, `display_name`, `field_type`, `group_id`, `group_path`, `mandatory_flag`, `default_order`, `status`, `creator_uid`, `create_time`, `operator_uid`, `update_time`) VALUES ('27', 'enterprise_customer', 'corpBusinessScope', '营业范围', 'String', '11', '/1/11', '0', NULL, '2', '1', '2017-08-18 02:24:28', NULL, NULL);
INSERT INTO `eh_var_fields` (`id`, `module_name`, `name`, `display_name`, `field_type`, `group_id`, `group_path`, `mandatory_flag`, `default_order`, `status`, `creator_uid`, `create_time`, `operator_uid`, `update_time`) VALUES ('28', 'enterprise_customer', 'corpBusinessLicense', '营业执照号', 'String', '11', '/1/11', '0', NULL, '2', '1', '2017-08-18 02:24:28', NULL, NULL);
INSERT INTO `eh_var_fields` (`id`, `module_name`, `name`, `display_name`, `field_type`, `group_id`, `group_path`, `mandatory_flag`, `default_order`, `status`, `creator_uid`, `create_time`, `operator_uid`, `update_time`) VALUES ('30', 'enterprise_customer', 'contactAddressId', '门牌号', 'Long', '11', '/1/11', '0', NULL, '2', '1', '2017-08-18 02:24:28', NULL, NULL);
INSERT INTO `eh_var_fields` (`id`, `module_name`, `name`, `display_name`, `field_type`, `group_id`, `group_path`, `mandatory_flag`, `default_order`, `status`, `creator_uid`, `create_time`, `operator_uid`, `update_time`) VALUES ('31', 'enterprise_customer', 'corpSiteArea', '场地面积', 'BigDecimal', '11', '/1/11', '0', NULL, '2', '1', '2017-08-18 02:24:28', NULL, NULL);
INSERT INTO `eh_var_fields` (`id`, `module_name`, `name`, `display_name`, `field_type`, `group_id`, `group_path`, `mandatory_flag`, `default_order`, `status`, `creator_uid`, `create_time`, `operator_uid`, `update_time`) VALUES ('32', 'enterprise_customer', 'corpEntryDate', '入住园区日期', 'Date', '11', '/1/11', '0', NULL, '2', '1', '2017-08-18 02:24:29', NULL, NULL);
INSERT INTO `eh_var_fields` (`id`, `module_name`, `name`, `display_name`, `field_type`, `group_id`, `group_path`, `mandatory_flag`, `default_order`, `status`, `creator_uid`, `create_time`, `operator_uid`, `update_time`) VALUES ('33', 'enterprise_customer', 'corpProductCategoryItemId', '产品类型', 'Long', '11', '/1/11', '0', NULL, '2', '1', '2017-08-18 02:24:29', NULL, NULL);
INSERT INTO `eh_var_fields` (`id`, `module_name`, `name`, `display_name`, `field_type`, `group_id`, `group_path`, `mandatory_flag`, `default_order`, `status`, `creator_uid`, `create_time`, `operator_uid`, `update_time`) VALUES ('34', 'enterprise_customer', 'corpProductDesc', '主要技术及产品', 'String', '11', '/1/11', '0', NULL, '2', '1', '2017-08-18 02:24:29', NULL, NULL);
INSERT INTO `eh_var_fields` (`id`, `module_name`, `name`, `display_name`, `field_type`, `group_id`, `group_path`, `mandatory_flag`, `default_order`, `status`, `creator_uid`, `create_time`, `operator_uid`, `update_time`) VALUES ('35', 'enterprise_customer', 'corpQualificationItemId', '企业资质认证', 'Long', '11', '/1/11', '0', NULL, '2', '1', '2017-08-18 02:24:29', NULL, NULL);
INSERT INTO `eh_var_fields` (`id`, `module_name`, `name`, `display_name`, `field_type`, `group_id`, `group_path`, `mandatory_flag`, `default_order`, `status`, `creator_uid`, `create_time`, `operator_uid`, `update_time`) VALUES ('36', 'enterprise_customer', 'corpLogoUri', '企业LOGO', 'String', '11', '/1/11', '0', NULL, '2', '1', '2017-08-18 02:24:29', NULL, NULL);
INSERT INTO `eh_var_fields` (`id`, `module_name`, `name`, `display_name`, `field_type`, `group_id`, `group_path`, `mandatory_flag`, `default_order`, `status`, `creator_uid`, `create_time`, `operator_uid`, `update_time`) VALUES ('37', 'enterprise_customer', 'corpDescription', '企业简介', 'String', '11', '/1/11', '0', NULL, '2', '1', '2017-08-18 02:24:29', NULL, NULL);
INSERT INTO `eh_var_fields` (`id`, `module_name`, `name`, `display_name`, `field_type`, `group_id`, `group_path`, `mandatory_flag`, `default_order`, `status`, `creator_uid`, `create_time`, `operator_uid`, `update_time`) VALUES ('38', 'enterprise_customer', 'corpEmployeeAmount', '员工总数', 'Integer', '12', '/1/12', '0', NULL, '2', '1', '2017-08-18 02:24:29', NULL, NULL);
INSERT INTO `eh_var_fields` (`id`, `module_name`, `name`, `display_name`, `field_type`, `group_id`, `group_path`, `mandatory_flag`, `default_order`, `status`, `creator_uid`, `create_time`, `operator_uid`, `update_time`) VALUES ('39', 'enterprise_customer', 'corpEmployeeAverageAge', '员工平均年龄', 'Double', '12', '/1/12', '0', NULL, '2', '1', '2017-08-18 02:24:29', NULL, NULL);
INSERT INTO `eh_var_fields` (`id`, `module_name`, `name`, `display_name`, `field_type`, `group_id`, `group_path`, `mandatory_flag`, `default_order`, `status`, `creator_uid`, `create_time`, `operator_uid`, `update_time`) VALUES ('40', 'enterprise_customer', 'corpManagerAverageAge', '高管平均年龄', 'Double', '12', '/1/12', '0', NULL, '2', '1', '2017-08-18 02:24:30', NULL, NULL);
INSERT INTO `eh_var_fields` (`id`, `module_name`, `name`, `display_name`, `field_type`, `group_id`, `group_path`, `mandatory_flag`, `default_order`, `status`, `creator_uid`, `create_time`, `operator_uid`, `update_time`) VALUES ('41', 'enterprise_customer', 'corpEmployeeAmountFemale', '女性员工总数', 'Integer', '12', '/1/12', '0', NULL, '2', '1', '2017-08-18 02:24:30', NULL, NULL);
INSERT INTO `eh_var_fields` (`id`, `module_name`, `name`, `display_name`, `field_type`, `group_id`, `group_path`, `mandatory_flag`, `default_order`, `status`, `creator_uid`, `create_time`, `operator_uid`, `update_time`) VALUES ('42', 'enterprise_customer', 'corpEmployeeAmountMale', '男性员工总数', 'Integer', '12', '/1/12', '0', NULL, '2', '1', '2017-08-18 02:24:30', NULL, NULL);
INSERT INTO `eh_var_fields` (`id`, `module_name`, `name`, `display_name`, `field_type`, `group_id`, `group_path`, `mandatory_flag`, `default_order`, `status`, `creator_uid`, `create_time`, `operator_uid`, `update_time`) VALUES ('43', 'enterprise_customer', 'corpEmployeeAmountRd', '研发员工总数', 'Integer', '12', '/1/12', '0', NULL, '2', '1', '2017-08-18 02:24:30', NULL, NULL);
INSERT INTO `eh_var_fields` (`id`, `module_name`, `name`, `display_name`, `field_type`, `group_id`, `group_path`, `mandatory_flag`, `default_order`, `status`, `creator_uid`, `create_time`, `operator_uid`, `update_time`) VALUES ('44', 'enterprise_customer', 'corpEmployeeReturneeRate', '海归人数占比', 'Double', '12', '/1/12', '0', NULL, '2', '1', '2017-08-18 02:24:30', NULL, NULL);
INSERT INTO `eh_var_fields` (`id`, `module_name`, `name`, `display_name`, `field_type`, `group_id`, `group_path`, `mandatory_flag`, `default_order`, `status`, `creator_uid`, `create_time`, `operator_uid`, `update_time`) VALUES ('45', 'enterprise_customer', 'managerName', '总经理', 'String', '12', '/1/12', '0', NULL, '2', '1', '2017-08-18 02:24:30', NULL, NULL);
INSERT INTO `eh_var_fields` (`id`, `module_name`, `name`, `display_name`, `field_type`, `group_id`, `group_path`, `mandatory_flag`, `default_order`, `status`, `creator_uid`, `create_time`, `operator_uid`, `update_time`) VALUES ('46', 'enterprise_customer', 'managerPhone', '总经理电话', 'String', '12', '/1/12', '0', NULL, '2', '1', '2017-08-18 02:24:31', NULL, NULL);
INSERT INTO `eh_var_fields` (`id`, `module_name`, `name`, `display_name`, `field_type`, `group_id`, `group_path`, `mandatory_flag`, `default_order`, `status`, `creator_uid`, `create_time`, `operator_uid`, `update_time`) VALUES ('47', 'enterprise_customer', 'managerEmail', '总经理邮箱', 'String', '12', '/1/12', '0', NULL, '2', '1', '2017-08-18 02:24:31', NULL, NULL);
INSERT INTO `eh_var_fields` (`id`, `module_name`, `name`, `display_name`, `field_type`, `group_id`, `group_path`, `mandatory_flag`, `default_order`, `status`, `creator_uid`, `create_time`, `operator_uid`, `update_time`) VALUES ('48', 'enterprise_customer', 'remark', '备注', 'String', '12', '/1/12', '0', NULL, '2', '1', '2017-08-18 02:24:31', NULL, NULL);
INSERT INTO `eh_var_fields` (`id`, `module_name`, `name`, `display_name`, `field_type`, `group_id`, `group_path`, `mandatory_flag`, `default_order`, `status`, `creator_uid`, `create_time`, `operator_uid`, `update_time`) VALUES ('100', 'contract', 'contractNumber', '合同编号', 'String', '14', '/13/14', '0', NULL, '2', '1', '2017-08-18 02:24:45', NULL, NULL);
INSERT INTO `eh_var_fields` (`id`, `module_name`, `name`, `display_name`, `field_type`, `group_id`, `group_path`, `mandatory_flag`, `default_order`, `status`, `creator_uid`, `create_time`, `operator_uid`, `update_time`) VALUES ('101', 'contract', 'name', '合同名称', 'String', '14', '/13/14', '0', NULL, '2', '1', '2017-08-18 02:24:45', NULL, NULL);
INSERT INTO `eh_var_fields` (`id`, `module_name`, `name`, `display_name`, `field_type`, `group_id`, `group_path`, `mandatory_flag`, `default_order`, `status`, `creator_uid`, `create_time`, `operator_uid`, `update_time`) VALUES ('102', 'contract', 'customerId', '客户名称', 'Long', '14', '/13/14', '0', NULL, '2', '1', '2017-08-18 02:24:45', NULL, NULL);
INSERT INTO `eh_var_fields` (`id`, `module_name`, `name`, `display_name`, `field_type`, `group_id`, `group_path`, `mandatory_flag`, `default_order`, `status`, `creator_uid`, `create_time`, `operator_uid`, `update_time`) VALUES ('103', 'contract', 'partyAId', '出租方', 'Long', '14', '/13/14', '0', NULL, '2', '1', '2017-08-18 02:24:45', NULL, NULL);
INSERT INTO `eh_var_fields` (`id`, `module_name`, `name`, `display_name`, `field_type`, `group_id`, `group_path`, `mandatory_flag`, `default_order`, `status`, `creator_uid`, `create_time`, `operator_uid`, `update_time`) VALUES ('104', 'contract', 'contractType', '合同属性', 'Byte', '14', '/13/14', '0', NULL, '2', '1', '2017-08-18 02:24:45', NULL, NULL);
INSERT INTO `eh_var_fields` (`id`, `module_name`, `name`, `display_name`, `field_type`, `group_id`, `group_path`, `mandatory_flag`, `default_order`, `status`, `creator_uid`, `create_time`, `operator_uid`, `update_time`) VALUES ('105', 'contract', 'categoryItemId', '合同类型', 'Long', '14', '/13/14', '0', NULL, '2', '1', '2017-08-18 02:24:45', NULL, NULL);
INSERT INTO `eh_var_fields` (`id`, `module_name`, `name`, `display_name`, `field_type`, `group_id`, `group_path`, `mandatory_flag`, `default_order`, `status`, `creator_uid`, `create_time`, `operator_uid`, `update_time`) VALUES ('106', 'contract', 'parentId', '原合同', 'Long', '14', '/13/14', '0', NULL, '2', '1', '2017-08-18 02:24:45', NULL, NULL);
INSERT INTO `eh_var_fields` (`id`, `module_name`, `name`, `display_name`, `field_type`, `group_id`, `group_path`, `mandatory_flag`, `default_order`, `status`, `creator_uid`, `create_time`, `operator_uid`, `update_time`) VALUES ('107', 'contract', 'rootParentId', '初始合同', 'Long', '14', '/13/14', '0', NULL, '2', '1', '2017-08-18 02:24:45', NULL, NULL);
INSERT INTO `eh_var_fields` (`id`, `module_name`, `name`, `display_name`, `field_type`, `group_id`, `group_path`, `mandatory_flag`, `default_order`, `status`, `creator_uid`, `create_time`, `operator_uid`, `update_time`) VALUES ('108', 'contract', 'filingPlace', '归档地', 'String', '14', '/13/14', '0', NULL, '2', '1', '2017-08-18 02:24:46', NULL, NULL);
INSERT INTO `eh_var_fields` (`id`, `module_name`, `name`, `display_name`, `field_type`, `group_id`, `group_path`, `mandatory_flag`, `default_order`, `status`, `creator_uid`, `create_time`, `operator_uid`, `update_time`) VALUES ('109', 'contract', 'recordNumber', '备案号', 'String', '14', '/13/14', '0', NULL, '2', '1', '2017-08-18 02:24:46', NULL, NULL);
INSERT INTO `eh_var_fields` (`id`, `module_name`, `name`, `display_name`, `field_type`, `group_id`, `group_path`, `mandatory_flag`, `default_order`, `status`, `creator_uid`, `create_time`, `operator_uid`, `update_time`) VALUES ('110', 'contract', 'contractStartDate', '开始日期', 'Long', '14', '/13/14', '0', NULL, '2', '1', '2017-08-18 02:24:46', NULL, NULL);
INSERT INTO `eh_var_fields` (`id`, `module_name`, `name`, `display_name`, `field_type`, `group_id`, `group_path`, `mandatory_flag`, `default_order`, `status`, `creator_uid`, `create_time`, `operator_uid`, `update_time`) VALUES ('111', 'contract', 'contractEndDate', '结束日期', 'Long', '14', '/13/14', '0', NULL, '2', '1', '2017-08-18 02:24:46', NULL, NULL);
INSERT INTO `eh_var_fields` (`id`, `module_name`, `name`, `display_name`, `field_type`, `group_id`, `group_path`, `mandatory_flag`, `default_order`, `status`, `creator_uid`, `create_time`, `operator_uid`, `update_time`) VALUES ('112', 'contract', 'signedTime', '签约日期', 'Long', '14', '/13/14', '0', NULL, '2', '1', '2017-08-18 02:24:46', NULL, NULL);
INSERT INTO `eh_var_fields` (`id`, `module_name`, `name`, `display_name`, `field_type`, `group_id`, `group_path`, `mandatory_flag`, `default_order`, `status`, `creator_uid`, `create_time`, `operator_uid`, `update_time`) VALUES ('113', 'contract', 'signedPurpose', '签约原因', '签约原因', '14', '/13/14', '0', NULL, '2', '1', '2017-08-18 02:24:46', NULL, NULL);
INSERT INTO `eh_var_fields` (`id`, `module_name`, `name`, `display_name`, `field_type`, `group_id`, `group_path`, `mandatory_flag`, `default_order`, `status`, `creator_uid`, `create_time`, `operator_uid`, `update_time`) VALUES ('114', 'contract', 'contractSituation', '合同情况', 'String', '14', '/13/14', '0', NULL, '2', '1', '2017-08-18 02:24:46', NULL, NULL);
INSERT INTO `eh_var_fields` (`id`, `module_name`, `name`, `display_name`, `field_type`, `group_id`, `group_path`, `mandatory_flag`, `default_order`, `status`, `creator_uid`, `create_time`, `operator_uid`, `update_time`) VALUES ('115', 'contract', 'apartments', '合同资产', 'List<BuildingApartmentDTO>', '14', '/13/14', '0', NULL, '2', '1', '2017-08-18 02:24:46', NULL, NULL);
INSERT INTO `eh_var_fields` (`id`, `module_name`, `name`, `display_name`, `field_type`, `group_id`, `group_path`, `mandatory_flag`, `default_order`, `status`, `creator_uid`, `create_time`, `operator_uid`, `update_time`) VALUES ('117', 'contract', 'rent', '租赁总额', 'BigDecimal', '15', '/13/15', '0', NULL, '2', '1', '2017-08-18 02:24:46', NULL, NULL);
INSERT INTO `eh_var_fields` (`id`, `module_name`, `name`, `display_name`, `field_type`, `group_id`, `group_path`, `mandatory_flag`, `default_order`, `status`, `creator_uid`, `create_time`, `operator_uid`, `update_time`) VALUES ('118', 'contract', 'rentSize', '租赁总面积', 'Double', '15', '/13/15', '0', NULL, '2', '1', '2017-08-18 02:24:46', NULL, NULL);
INSERT INTO `eh_var_fields` (`id`, `module_name`, `name`, `display_name`, `field_type`, `group_id`, `group_path`, `mandatory_flag`, `default_order`, `status`, `creator_uid`, `create_time`, `operator_uid`, `update_time`) VALUES ('119', 'contract', 'deposit', '定金', 'BigDecimal', '15', '/13/15', '0', NULL, '2', '1', '2017-08-18 02:24:47', NULL, NULL);
INSERT INTO `eh_var_fields` (`id`, `module_name`, `name`, `display_name`, `field_type`, `group_id`, `group_path`, `mandatory_flag`, `default_order`, `status`, `creator_uid`, `create_time`, `operator_uid`, `update_time`) VALUES ('120', 'contract', 'depositTime', '定金最迟收取日期', 'Long', '15', '/13/15', '0', NULL, '2', '1', '2017-08-18 02:24:47', NULL, NULL);
INSERT INTO `eh_var_fields` (`id`, `module_name`, `name`, `display_name`, `field_type`, `group_id`, `group_path`, `mandatory_flag`, `default_order`, `status`, `creator_uid`, `create_time`, `operator_uid`, `update_time`) VALUES ('121', 'contract', 'contractualPenalty', '违约金', 'BigDecimal', '15', '/13/15', '0', NULL, '2', '1', '2017-08-18 02:24:47', NULL, NULL);
INSERT INTO `eh_var_fields` (`id`, `module_name`, `name`, `display_name`, `field_type`, `group_id`, `group_path`, `mandatory_flag`, `default_order`, `status`, `creator_uid`, `create_time`, `operator_uid`, `update_time`) VALUES ('122', 'contract', 'penaltyRemark', '违约说明', 'String', '15', '/13/15', '0', NULL, '2', '1', '2017-08-18 02:24:48', NULL, NULL);
INSERT INTO `eh_var_fields` (`id`, `module_name`, `name`, `display_name`, `field_type`, `group_id`, `group_path`, `mandatory_flag`, `default_order`, `status`, `creator_uid`, `create_time`, `operator_uid`, `update_time`) VALUES ('123', 'contract', 'freeDays', '免租期', 'Integer', '15', '/13/15', '0', NULL, '2', '1', '2017-08-18 02:24:48', NULL, NULL);
INSERT INTO `eh_var_fields` (`id`, `module_name`, `name`, `display_name`, `field_type`, `group_id`, `group_path`, `mandatory_flag`, `default_order`, `status`, `creator_uid`, `create_time`, `operator_uid`, `update_time`) VALUES ('124', 'contract', 'freeParkingSpace', '赠送车位数量', 'Integer', '15', '/13/15', '0', NULL, '2', '1', '2017-08-18 02:24:48', NULL, NULL);
INSERT INTO `eh_var_fields` (`id`, `module_name`, `name`, `display_name`, `field_type`, `group_id`, `group_path`, `mandatory_flag`, `default_order`, `status`, `creator_uid`, `create_time`, `operator_uid`, `update_time`) VALUES ('125', 'contract', 'decorateBeginDate', '装修开始日期', 'Integer', '15', '/13/15', '0', NULL, '2', '1', '2017-08-18 02:24:49', NULL, NULL);
INSERT INTO `eh_var_fields` (`id`, `module_name`, `name`, `display_name`, `field_type`, `group_id`, `group_path`, `mandatory_flag`, `default_order`, `status`, `creator_uid`, `create_time`, `operator_uid`, `update_time`) VALUES ('126', 'contract', 'decorateEndDate', '装修结束日期', 'Integer', '15', '/13/15', '0', NULL, '2', '1', '2017-08-18 02:24:49', NULL, NULL);
INSERT INTO `eh_var_fields` (`id`, `module_name`, `name`, `display_name`, `field_type`, `group_id`, `group_path`, `mandatory_flag`, `default_order`, `status`, `creator_uid`, `create_time`, `operator_uid`, `update_time`) VALUES ('127', 'contract', 'downpayment', '首付总额', 'BigDecimal', '15', '/13/15', '0', NULL, '2', '1', '2017-08-18 02:24:49', NULL, NULL);
INSERT INTO `eh_var_fields` (`id`, `module_name`, `name`, `display_name`, `field_type`, `group_id`, `group_path`, `mandatory_flag`, `default_order`, `status`, `creator_uid`, `create_time`, `operator_uid`, `update_time`) VALUES ('128', 'contract', 'downpaymentTime', '首付截止日期', 'Long', '15', '/13/15', '0', NULL, '2', '1', '2017-08-18 02:24:49', NULL, NULL);
INSERT INTO `eh_var_fields` (`id`, `module_name`, `name`, `display_name`, `field_type`, `group_id`, `group_path`, `mandatory_flag`, `default_order`, `status`, `creator_uid`, `create_time`, `operator_uid`, `update_time`) VALUES ('129', 'contract', 'commission', '佣金', 'BigDecimal', '15', '/13/15', '0', NULL, '2', '1', '2017-08-18 02:24:50', NULL, NULL);
INSERT INTO `eh_var_fields` (`id`, `module_name`, `name`, `display_name`, `field_type`, `group_id`, `group_path`, `mandatory_flag`, `default_order`, `status`, `creator_uid`, `create_time`, `operator_uid`, `update_time`) VALUES ('130', 'contract', 'paidType', '付款方式', 'String', '15', '/13/15', '0', NULL, '2', '1', '2017-08-18 02:24:50', NULL, NULL);
INSERT INTO `eh_var_fields` (`id`, `module_name`, `name`, `display_name`, `field_type`, `group_id`, `group_path`, `mandatory_flag`, `default_order`, `status`, `creator_uid`, `create_time`, `operator_uid`, `update_time`) VALUES ('131', 'contract', 'status', '合同状态', 'Byte', '15', '/13/15', '0', NULL, '2', '1', '2017-08-18 02:24:50', NULL, NULL);
INSERT INTO `eh_var_fields` (`id`, `module_name`, `name`, `display_name`, `field_type`, `group_id`, `group_path`, `mandatory_flag`, `default_order`, `status`, `creator_uid`, `create_time`, `operator_uid`, `update_time`) VALUES ('132', 'contract', 'createUid', '签约经办人', 'Long', '15', '/13/15', '0', NULL, '2', '1', '2017-08-18 02:24:50', NULL, NULL);
INSERT INTO `eh_var_fields` (`id`, `module_name`, `name`, `display_name`, `field_type`, `group_id`, `group_path`, `mandatory_flag`, `default_order`, `status`, `creator_uid`, `create_time`, `operator_uid`, `update_time`) VALUES ('133', 'contract', 'invalidReason', '作废原因', 'String', '15', '/13/15', '0', NULL, '2', '1', '2017-08-18 02:24:50', NULL, NULL);
INSERT INTO `eh_var_fields` (`id`, `module_name`, `name`, `display_name`, `field_type`, `group_id`, `group_path`, `mandatory_flag`, `default_order`, `status`, `creator_uid`, `create_time`, `operator_uid`, `update_time`) VALUES ('134', 'contract', 'denunciationReason', '退约原因', 'String', '15', '/13/15', '0', NULL, '2', '1', '2017-08-18 02:24:50', NULL, NULL);
INSERT INTO `eh_var_fields` (`id`, `module_name`, `name`, `display_name`, `field_type`, `group_id`, `group_path`, `mandatory_flag`, `default_order`, `status`, `creator_uid`, `create_time`, `operator_uid`, `update_time`) VALUES ('135', 'contract', 'remark', '备注', 'String', '15', '/13/15', '0', NULL, '2', '1', '2017-08-18 02:24:50', NULL, NULL);
INSERT INTO `eh_var_fields` (`id`, `module_name`, `name`, `display_name`, `field_type`, `group_id`, `group_path`, `mandatory_flag`, `default_order`, `status`, `creator_uid`, `create_time`, `operator_uid`, `update_time`) VALUES ('136', 'contract', 'attachments', '附件', 'List<ContractAttachmentDTO>', '15', '/13/15', '0', NULL, '2', '1', '2017-08-18 02:24:50', NULL, NULL);
INSERT INTO `eh_var_fields` (`id`, `module_name`, `name`, `display_name`, `field_type`, `group_id`, `group_path`, `mandatory_flag`, `default_order`, `status`, `creator_uid`, `create_time`, `operator_uid`, `update_time`) VALUES ('140', 'enterprise_customer', 'name', '名称', 'String', '4', '/4', '0', NULL, '2', '1', '2017-08-19 09:14:27', NULL, NULL);
INSERT INTO `eh_var_fields` (`id`, `module_name`, `name`, `display_name`, `field_type`, `group_id`, `group_path`, `mandatory_flag`, `default_order`, `status`, `creator_uid`, `create_time`, `operator_uid`, `update_time`) VALUES ('141', 'enterprise_customer', 'gender', '性别', 'Long', '4', '/4', '0', NULL, '2', '1', '2017-08-19 09:14:27', NULL, NULL);
INSERT INTO `eh_var_fields` (`id`, `module_name`, `name`, `display_name`, `field_type`, `group_id`, `group_path`, `mandatory_flag`, `default_order`, `status`, `creator_uid`, `create_time`, `operator_uid`, `update_time`) VALUES ('142', 'enterprise_customer', 'phone', '联系电话', 'String', '4', '/4', '0', NULL, '2', '1', '2017-08-19 09:14:27', NULL, NULL);
INSERT INTO `eh_var_fields` (`id`, `module_name`, `name`, `display_name`, `field_type`, `group_id`, `group_path`, `mandatory_flag`, `default_order`, `status`, `creator_uid`, `create_time`, `operator_uid`, `update_time`) VALUES ('143', 'enterprise_customer', 'nationalityItemId', '国籍', 'Long', '4', '/4', '0', NULL, '2', '1', '2017-08-19 09:14:27', NULL, NULL);
INSERT INTO `eh_var_fields` (`id`, `module_name`, `name`, `display_name`, `field_type`, `group_id`, `group_path`, `mandatory_flag`, `default_order`, `status`, `creator_uid`, `create_time`, `operator_uid`, `update_time`) VALUES ('144', 'enterprise_customer', 'degreeItemId', '最高学历', 'Long', '4', '/4', '0', NULL, '2', '1', '2017-08-19 09:14:27', NULL, NULL);
INSERT INTO `eh_var_fields` (`id`, `module_name`, `name`, `display_name`, `field_type`, `group_id`, `group_path`, `mandatory_flag`, `default_order`, `status`, `creator_uid`, `create_time`, `operator_uid`, `update_time`) VALUES ('145', 'enterprise_customer', 'graduateSchool', '毕业学校', 'String', '4', '/4', '0', NULL, '2', '1', '2017-08-19 09:14:27', NULL, NULL);
INSERT INTO `eh_var_fields` (`id`, `module_name`, `name`, `display_name`, `field_type`, `group_id`, `group_path`, `mandatory_flag`, `default_order`, `status`, `creator_uid`, `create_time`, `operator_uid`, `update_time`) VALUES ('146', 'enterprise_customer', 'major', '所属专业', 'String', '4', '/4', '0', NULL, '2', '1', '2017-08-19 09:14:27', NULL, NULL);
INSERT INTO `eh_var_fields` (`id`, `module_name`, `name`, `display_name`, `field_type`, `group_id`, `group_path`, `mandatory_flag`, `default_order`, `status`, `creator_uid`, `create_time`, `operator_uid`, `update_time`) VALUES ('147', 'enterprise_customer', 'experience', '工作经验', 'Integer', '4', '/4', '0', NULL, '2', '1', '2017-08-19 09:14:27', NULL, NULL);
INSERT INTO `eh_var_fields` (`id`, `module_name`, `name`, `display_name`, `field_type`, `group_id`, `group_path`, `mandatory_flag`, `default_order`, `status`, `creator_uid`, `create_time`, `operator_uid`, `update_time`) VALUES ('148', 'enterprise_customer', 'returneeFlag', '是否海归', 'Long', '4', '/4', '0', NULL, '2', '1', '2017-08-19 09:14:27', NULL, NULL);
INSERT INTO `eh_var_fields` (`id`, `module_name`, `name`, `display_name`, `field_type`, `group_id`, `group_path`, `mandatory_flag`, `default_order`, `status`, `creator_uid`, `create_time`, `operator_uid`, `update_time`) VALUES ('149', 'enterprise_customer', 'abroadItemId', '留学国家', 'Long', '4', '/4', '0', NULL, '2', '1', '2017-08-19 09:14:27', NULL, NULL);
INSERT INTO `eh_var_fields` (`id`, `module_name`, `name`, `display_name`, `field_type`, `group_id`, `group_path`, `mandatory_flag`, `default_order`, `status`, `creator_uid`, `create_time`, `operator_uid`, `update_time`) VALUES ('150', 'enterprise_customer', 'jobPosition', '聘任职务', 'String', '4', '/4', '0', NULL, '2', '1', '2017-08-19 09:14:28', NULL, NULL);
INSERT INTO `eh_var_fields` (`id`, `module_name`, `name`, `display_name`, `field_type`, `group_id`, `group_path`, `mandatory_flag`, `default_order`, `status`, `creator_uid`, `create_time`, `operator_uid`, `update_time`) VALUES ('151', 'enterprise_customer', 'technicalTitleItemId', '技术职称', 'Long', '4', '/4', '0', NULL, '2', '1', '2017-08-19 09:14:28', NULL, NULL);
INSERT INTO `eh_var_fields` (`id`, `module_name`, `name`, `display_name`, `field_type`, `group_id`, `group_path`, `mandatory_flag`, `default_order`, `status`, `creator_uid`, `create_time`, `operator_uid`, `update_time`) VALUES ('152', 'enterprise_customer', 'individualEvaluationItemId', '个人评定', 'Long', '4', '/4', '0', NULL, '2', '1', '2017-08-19 09:14:28', NULL, NULL);
INSERT INTO `eh_var_fields` (`id`, `module_name`, `name`, `display_name`, `field_type`, `group_id`, `group_path`, `mandatory_flag`, `default_order`, `status`, `creator_uid`, `create_time`, `operator_uid`, `update_time`) VALUES ('153', 'enterprise_customer', 'personalCertificate', '个人证书', 'String', '4', '/4', '0', NULL, '2', '1', '2017-08-19 09:14:28', NULL, NULL);
INSERT INTO `eh_var_fields` (`id`, `module_name`, `name`, `display_name`, `field_type`, `group_id`, `group_path`, `mandatory_flag`, `default_order`, `status`, `creator_uid`, `create_time`, `operator_uid`, `update_time`) VALUES ('154', 'enterprise_customer', 'careerExperience', '主要职业经历', 'String', '4', '/4', '0', NULL, '2', '1', '2017-08-19 09:14:28', NULL, NULL);
INSERT INTO `eh_var_fields` (`id`, `module_name`, `name`, `display_name`, `field_type`, `group_id`, `group_path`, `mandatory_flag`, `default_order`, `status`, `creator_uid`, `create_time`, `operator_uid`, `update_time`) VALUES ('155', 'enterprise_customer', 'remark', '人才备注', 'String', '4', '/4', '0', NULL, '2', '1', '2017-08-19 09:14:28', NULL, NULL);
INSERT INTO `eh_var_fields` (`id`, `module_name`, `name`, `display_name`, `field_type`, `group_id`, `group_path`, `mandatory_flag`, `default_order`, `status`, `creator_uid`, `create_time`, `operator_uid`, `update_time`) VALUES ('156', 'enterprise_customer', 'projectName', '项目名称', 'String', '6', '/6', '0', NULL, '2', '1', '2017-08-19 09:48:57', NULL, NULL);
INSERT INTO `eh_var_fields` (`id`, `module_name`, `name`, `display_name`, `field_type`, `group_id`, `group_path`, `mandatory_flag`, `default_order`, `status`, `creator_uid`, `create_time`, `operator_uid`, `update_time`) VALUES ('157', 'enterprise_customer', 'projectSource', '项目来源', 'String', '6', '/6', '0', NULL, '2', '1', '2017-08-19 09:48:57', NULL, NULL);
INSERT INTO `eh_var_fields` (`id`, `module_name`, `name`, `display_name`, `field_type`, `group_id`, `group_path`, `mandatory_flag`, `default_order`, `status`, `creator_uid`, `create_time`, `operator_uid`, `update_time`) VALUES ('158', 'enterprise_customer', 'projectEstablishDate', '项目立项日期', 'Long', '6', '/6', '0', NULL, '2', '1', '2017-08-19 09:48:57', NULL, NULL);
INSERT INTO `eh_var_fields` (`id`, `module_name`, `name`, `display_name`, `field_type`, `group_id`, `group_path`, `mandatory_flag`, `default_order`, `status`, `creator_uid`, `create_time`, `operator_uid`, `update_time`) VALUES ('159', 'enterprise_customer', 'projectCompleteDate', '项目完成日期', 'Long', '6', '/6', '0', NULL, '2', '1', '2017-08-19 09:48:57', NULL, NULL);
INSERT INTO `eh_var_fields` (`id`, `module_name`, `name`, `display_name`, `field_type`, `group_id`, `group_path`, `mandatory_flag`, `default_order`, `status`, `creator_uid`, `create_time`, `operator_uid`, `update_time`) VALUES ('160', 'enterprise_customer', 'projectAmount', '获批项目金额', 'BigDecimal', '6', '/6', '0', NULL, '2', '1', '2017-08-19 09:48:57', NULL, NULL);
INSERT INTO `eh_var_fields` (`id`, `module_name`, `name`, `display_name`, `field_type`, `group_id`, `group_path`, `mandatory_flag`, `default_order`, `status`, `creator_uid`, `create_time`, `operator_uid`, `update_time`) VALUES ('161', 'enterprise_customer', 'name', '商标名称', 'String', '5', '/17/5', '0', NULL, '2', '1', '2017-08-23 10:56:15', NULL, NULL);
INSERT INTO `eh_var_fields` (`id`, `module_name`, `name`, `display_name`, `field_type`, `group_id`, `group_path`, `mandatory_flag`, `default_order`, `status`, `creator_uid`, `create_time`, `operator_uid`, `update_time`) VALUES ('162', 'enterprise_customer', 'registeDate', '注册日期', 'Long', '5', '/17/5', '0', NULL, '2', '1', '2017-08-23 10:56:15', NULL, NULL);
INSERT INTO `eh_var_fields` (`id`, `module_name`, `name`, `display_name`, `field_type`, `group_id`, `group_path`, `mandatory_flag`, `default_order`, `status`, `creator_uid`, `create_time`, `operator_uid`, `update_time`) VALUES ('163', 'enterprise_customer', 'trademarkTypeItemId', '商标类型', 'Long', '5', '/17/5', '0', NULL, '2', '1', '2017-08-23 10:56:15', NULL, NULL);
INSERT INTO `eh_var_fields` (`id`, `module_name`, `name`, `display_name`, `field_type`, `group_id`, `group_path`, `mandatory_flag`, `default_order`, `status`, `creator_uid`, `create_time`, `operator_uid`, `update_time`) VALUES ('164', 'enterprise_customer', 'trademarkAmount', '商标数量', 'Integer', '5', '/17/5', '0', NULL, '2', '1', '2017-08-23 10:56:16', NULL, NULL);
INSERT INTO `eh_var_fields` (`id`, `module_name`, `name`, `display_name`, `field_type`, `group_id`, `group_path`, `mandatory_flag`, `default_order`, `status`, `creator_uid`, `create_time`, `operator_uid`, `update_time`) VALUES ('165', 'enterprise_customer', 'name', '证书名称', 'String', '16', '/17/16', '0', NULL, '2', '1', '2017-08-24 01:20:50', NULL, NULL);
INSERT INTO `eh_var_fields` (`id`, `module_name`, `name`, `display_name`, `field_type`, `group_id`, `group_path`, `mandatory_flag`, `default_order`, `status`, `creator_uid`, `create_time`, `operator_uid`, `update_time`) VALUES ('166', 'enterprise_customer', 'patentName', '专利名称', 'String', '16', '/17/16', '0', NULL, '2', '1', '2017-08-24 01:20:50', NULL, NULL);
INSERT INTO `eh_var_fields` (`id`, `module_name`, `name`, `display_name`, `field_type`, `group_id`, `group_path`, `mandatory_flag`, `default_order`, `status`, `creator_uid`, `create_time`, `operator_uid`, `update_time`) VALUES ('167', 'enterprise_customer', 'applicationNumber', '授权号', 'String', '16', '/17/16', '0', NULL, '2', '1', '2017-08-24 01:20:50', NULL, NULL);
INSERT INTO `eh_var_fields` (`id`, `module_name`, `name`, `display_name`, `field_type`, `group_id`, `group_path`, `mandatory_flag`, `default_order`, `status`, `creator_uid`, `create_time`, `operator_uid`, `update_time`) VALUES ('168', 'enterprise_customer', 'registeDate', '注册日期', 'Long', '16', '/17/16', '0', NULL, '2', '1', '2017-08-24 01:20:50', NULL, NULL);
INSERT INTO `eh_var_fields` (`id`, `module_name`, `name`, `display_name`, `field_type`, `group_id`, `group_path`, `mandatory_flag`, `default_order`, `status`, `creator_uid`, `create_time`, `operator_uid`, `update_time`) VALUES ('169', 'enterprise_customer', 'patentTypeItemId', '专利类型', 'Long', '16', '/17/16', '0', NULL, '2', '1', '2017-08-24 01:20:50', NULL, NULL);
INSERT INTO `eh_var_fields` (`id`, `module_name`, `name`, `display_name`, `field_type`, `group_id`, `group_path`, `mandatory_flag`, `default_order`, `status`, `creator_uid`, `create_time`, `operator_uid`, `update_time`) VALUES ('170', 'enterprise_customer', 'patentStatusItemId', '专利状态', 'Long', '16', '/17/16', '0', NULL, '2', '1', '2017-08-24 01:20:52', NULL, NULL);
INSERT INTO `eh_var_fields` (`id`, `module_name`, `name`, `display_name`, `field_type`, `group_id`, `group_path`, `mandatory_flag`, `default_order`, `status`, `creator_uid`, `create_time`, `operator_uid`, `update_time`) VALUES ('171', 'enterprise_customer', 'enterpriseTypeItemId', '企业类型', 'Long', '7', '/7', '0', NULL, '2', '1', '2017-08-24 04:26:20', NULL, NULL);
INSERT INTO `eh_var_fields` (`id`, `module_name`, `name`, `display_name`, `field_type`, `group_id`, `group_path`, `mandatory_flag`, `default_order`, `status`, `creator_uid`, `create_time`, `operator_uid`, `update_time`) VALUES ('172', 'enterprise_customer', 'shareTypeItemId', '控股情况', 'Long', '7', '/7', '0', NULL, '2', '1', '2017-08-24 04:26:22', NULL, NULL);
INSERT INTO `eh_var_fields` (`id`, `module_name`, `name`, `display_name`, `field_type`, `group_id`, `group_path`, `mandatory_flag`, `default_order`, `status`, `creator_uid`, `create_time`, `operator_uid`, `update_time`) VALUES ('173', 'enterprise_customer', 'contact', '联系人', 'String', '7', '/7', '0', NULL, '2', '1', '2017-08-24 04:26:23', NULL, NULL);
INSERT INTO `eh_var_fields` (`id`, `module_name`, `name`, `display_name`, `field_type`, `group_id`, `group_path`, `mandatory_flag`, `default_order`, `status`, `creator_uid`, `create_time`, `operator_uid`, `update_time`) VALUES ('174', 'enterprise_customer', 'contactNumber', '联系人电话', 'String', '7', '/7', '0', NULL, '2', '1', '2017-08-24 04:26:23', NULL, NULL);
INSERT INTO `eh_var_fields` (`id`, `module_name`, `name`, `display_name`, `field_type`, `group_id`, `group_path`, `mandatory_flag`, `default_order`, `status`, `creator_uid`, `create_time`, `operator_uid`, `update_time`) VALUES ('175', 'enterprise_customer', 'unifiedSocialCreditCode', '统一社会信用代码', 'String', '7', '/7', '0', NULL, '2', '1', '2017-08-24 04:26:23', NULL, NULL);
INSERT INTO `eh_var_fields` (`id`, `module_name`, `name`, `display_name`, `field_type`, `group_id`, `group_path`, `mandatory_flag`, `default_order`, `status`, `creator_uid`, `create_time`, `operator_uid`, `update_time`) VALUES ('176', 'enterprise_customer', 'businessScope', '主营业务', 'String', '7', '/7', '0', NULL, '2', '1', '2017-08-24 04:26:23', NULL, NULL);
INSERT INTO `eh_var_fields` (`id`, `module_name`, `name`, `display_name`, `field_type`, `group_id`, `group_path`, `mandatory_flag`, `default_order`, `status`, `creator_uid`, `create_time`, `operator_uid`, `update_time`) VALUES ('177', 'enterprise_customer', 'foundationDate', '成立日期', 'Long', '7', '/7', '0', NULL, '2', '1', '2017-08-24 04:26:24', NULL, NULL);
INSERT INTO `eh_var_fields` (`id`, `module_name`, `name`, `display_name`, `field_type`, `group_id`, `group_path`, `mandatory_flag`, `default_order`, `status`, `creator_uid`, `create_time`, `operator_uid`, `update_time`) VALUES ('178', 'enterprise_customer', 'taxRegistrationDate', '税务登记日期', 'Long', '7', '/7', '0', NULL, '2', '1', '2017-08-24 04:26:24', NULL, NULL);
INSERT INTO `eh_var_fields` (`id`, `module_name`, `name`, `display_name`, `field_type`, `group_id`, `group_path`, `mandatory_flag`, `default_order`, `status`, `creator_uid`, `create_time`, `operator_uid`, `update_time`) VALUES ('179', 'enterprise_customer', 'validityBeginDate', '有效开始日期', 'Long', '7', '/7', '0', NULL, '2', '1', '2017-08-24 04:26:24', NULL, NULL);
INSERT INTO `eh_var_fields` (`id`, `module_name`, `name`, `display_name`, `field_type`, `group_id`, `group_path`, `mandatory_flag`, `default_order`, `status`, `creator_uid`, `create_time`, `operator_uid`, `update_time`) VALUES ('180', 'enterprise_customer', 'validityEndDate', '有效截止日期', 'Long', '7', '/7', '0', NULL, '2', '1', '2017-08-24 04:26:24', NULL, NULL);
INSERT INTO `eh_var_fields` (`id`, `module_name`, `name`, `display_name`, `field_type`, `group_id`, `group_path`, `mandatory_flag`, `default_order`, `status`, `creator_uid`, `create_time`, `operator_uid`, `update_time`) VALUES ('181', 'enterprise_customer', 'changeDate', '变更日期', 'Long', '7', '/7', '0', NULL, '2', '1', '2017-08-24 04:26:24', NULL, NULL);
INSERT INTO `eh_var_fields` (`id`, `module_name`, `name`, `display_name`, `field_type`, `group_id`, `group_path`, `mandatory_flag`, `default_order`, `status`, `creator_uid`, `create_time`, `operator_uid`, `update_time`) VALUES ('182', 'enterprise_customer', 'businessLicenceDate', '出营业执照日期', 'Long', '7', '/7', '0', NULL, '2', '1', '2017-08-24 04:26:24', NULL, NULL);
INSERT INTO `eh_var_fields` (`id`, `module_name`, `name`, `display_name`, `field_type`, `group_id`, `group_path`, `mandatory_flag`, `default_order`, `status`, `creator_uid`, `create_time`, `operator_uid`, `update_time`) VALUES ('183', 'enterprise_customer', 'liquidationCommitteeRecoredDate', '清算组备案日期', 'Long', '7', '/7', '0', NULL, '2', '1', '2017-08-24 04:26:24', NULL, NULL);
INSERT INTO `eh_var_fields` (`id`, `module_name`, `name`, `display_name`, `field_type`, `group_id`, `group_path`, `mandatory_flag`, `default_order`, `status`, `creator_uid`, `create_time`, `operator_uid`, `update_time`) VALUES ('184', 'enterprise_customer', 'cancelDate', '注销日期', 'Long', '7', '/7', '0', NULL, '2', '1', '2017-08-24 04:26:24', NULL, NULL);
INSERT INTO `eh_var_fields` (`id`, `module_name`, `name`, `display_name`, `field_type`, `group_id`, `group_path`, `mandatory_flag`, `default_order`, `status`, `creator_uid`, `create_time`, `operator_uid`, `update_time`) VALUES ('185', 'enterprise_customer', 'registeredAddr', '注册地址', 'String', '7', '/7', '0', NULL, '2', '1', '2017-08-24 04:26:24', NULL, NULL);
INSERT INTO `eh_var_fields` (`id`, `module_name`, `name`, `display_name`, `field_type`, `group_id`, `group_path`, `mandatory_flag`, `default_order`, `status`, `creator_uid`, `create_time`, `operator_uid`, `update_time`) VALUES ('186', 'enterprise_customer', 'registeredCapital', '注册资金', 'BigDecimal', '7', '/7', '0', NULL, '2', '1', '2017-08-24 04:26:25', NULL, NULL);
INSERT INTO `eh_var_fields` (`id`, `module_name`, `name`, `display_name`, `field_type`, `group_id`, `group_path`, `mandatory_flag`, `default_order`, `status`, `creator_uid`, `create_time`, `operator_uid`, `update_time`) VALUES ('187', 'enterprise_customer', 'paidupApital', '实到资金', 'BigDecimal', '7', '/7', '0', NULL, '2', '1', '2017-08-24 04:26:25', NULL, NULL);
INSERT INTO `eh_var_fields` (`id`, `module_name`, `name`, `display_name`, `field_type`, `group_id`, `group_path`, `mandatory_flag`, `default_order`, `status`, `creator_uid`, `create_time`, `operator_uid`, `update_time`) VALUES ('188', 'enterprise_customer', 'propertyType', '房产性质', 'Long', '7', '/7', '0', NULL, '2', '1', '2017-08-24 04:26:25', NULL, NULL);
INSERT INTO `eh_var_fields` (`id`, `module_name`, `name`, `display_name`, `field_type`, `group_id`, `group_path`, `mandatory_flag`, `default_order`, `status`, `creator_uid`, `create_time`, `operator_uid`, `update_time`) VALUES ('189', 'enterprise_customer', 'governmentProject', '获得政府扶持项目', 'String', '8', '/8', '0', NULL, '2', '1', '2017-08-24 12:40:45', NULL, NULL);
INSERT INTO `eh_var_fields` (`id`, `module_name`, `name`, `display_name`, `field_type`, `group_id`, `group_path`, `mandatory_flag`, `default_order`, `status`, `creator_uid`, `create_time`, `operator_uid`, `update_time`) VALUES ('190', 'enterprise_customer', 'bankLoans', '银行贷款', 'BigDecimal', '8', '/8', '0', NULL, '2', '1', '2017-08-24 12:40:46', NULL, NULL);
INSERT INTO `eh_var_fields` (`id`, `module_name`, `name`, `display_name`, `field_type`, `group_id`, `group_path`, `mandatory_flag`, `default_order`, `status`, `creator_uid`, `create_time`, `operator_uid`, `update_time`) VALUES ('191', 'enterprise_customer', 'equityFinancing', '股权融资', 'BigDecimal', '8', '/8', '0', NULL, '2', '1', '2017-08-24 12:40:46', NULL, NULL);
INSERT INTO `eh_var_fields` (`id`, `module_name`, `name`, `display_name`, `field_type`, `group_id`, `group_path`, `mandatory_flag`, `default_order`, `status`, `creator_uid`, `create_time`, `operator_uid`, `update_time`) VALUES ('192', 'enterprise_customer', 'totalAssets', '资产总计', 'BigDecimal', '9', '/9', '0', NULL, '2', '1', '2017-08-25 02:27:27', NULL, NULL);
INSERT INTO `eh_var_fields` (`id`, `module_name`, `name`, `display_name`, `field_type`, `group_id`, `group_path`, `mandatory_flag`, `default_order`, `status`, `creator_uid`, `create_time`, `operator_uid`, `update_time`) VALUES ('193', 'enterprise_customer', 'totalProfit', '利润总额', 'BigDecimal', '9', '/9', '0', NULL, '2', '1', '2017-08-25 02:27:27', NULL, NULL);
INSERT INTO `eh_var_fields` (`id`, `module_name`, `name`, `display_name`, `field_type`, `group_id`, `group_path`, `mandatory_flag`, `default_order`, `status`, `creator_uid`, `create_time`, `operator_uid`, `update_time`) VALUES ('194', 'enterprise_customer', 'sales', '销售额', 'BigDecimal', '9', '/9', '0', NULL, '2', '1', '2017-08-25 02:27:28', NULL, NULL);
INSERT INTO `eh_var_fields` (`id`, `module_name`, `name`, `display_name`, `field_type`, `group_id`, `group_path`, `mandatory_flag`, `default_order`, `status`, `creator_uid`, `create_time`, `operator_uid`, `update_time`) VALUES ('195', 'enterprise_customer', 'turnover', '营业额', 'BigDecimal', '9', '/9', '0', NULL, '2', '1', '2017-08-25 02:27:28', NULL, NULL);
INSERT INTO `eh_var_fields` (`id`, `module_name`, `name`, `display_name`, `field_type`, `group_id`, `group_path`, `mandatory_flag`, `default_order`, `status`, `creator_uid`, `create_time`, `operator_uid`, `update_time`) VALUES ('196', 'enterprise_customer', 'taxIndex', '税收指标', 'BigDecimal', '9', '/9', '0', NULL, '2', '1', '2017-08-25 02:27:28', NULL, NULL);
INSERT INTO `eh_var_fields` (`id`, `module_name`, `name`, `display_name`, `field_type`, `group_id`, `group_path`, `mandatory_flag`, `default_order`, `status`, `creator_uid`, `create_time`, `operator_uid`, `update_time`) VALUES ('197', 'enterprise_customer', 'taxPayment', '纳税额', 'BigDecimal', '9', '/9', '0', NULL, '2', '1', '2017-08-25 02:27:29', NULL, NULL);
INSERT INTO `eh_var_fields` (`id`, `module_name`, `name`, `display_name`, `field_type`, `group_id`, `group_path`, `mandatory_flag`, `default_order`, `status`, `creator_uid`, `create_time`, `operator_uid`, `update_time`) VALUES ('198', 'enterprise_customer', 'valueAddedTax', '增值税', 'BigDecimal', '9', '/9', '0', NULL, '2', '1', '2017-08-25 02:27:29', NULL, NULL);
INSERT INTO `eh_var_fields` (`id`, `module_name`, `name`, `display_name`, `field_type`, `group_id`, `group_path`, `mandatory_flag`, `default_order`, `status`, `creator_uid`, `create_time`, `operator_uid`, `update_time`) VALUES ('199', 'enterprise_customer', 'businessTax', '营业税', 'BigDecimal', '9', '/9', '0', NULL, '2', '1', '2017-08-25 02:27:29', NULL, NULL);
INSERT INTO `eh_var_fields` (`id`, `module_name`, `name`, `display_name`, `field_type`, `group_id`, `group_path`, `mandatory_flag`, `default_order`, `status`, `creator_uid`, `create_time`, `operator_uid`, `update_time`) VALUES ('200', 'enterprise_customer', 'businessIncomeTax', '企业所得税', 'BigDecimal', '9', '/9', '0', NULL, '2', '1', '2017-08-25 02:27:29', NULL, NULL);
INSERT INTO `eh_var_fields` (`id`, `module_name`, `name`, `display_name`, `field_type`, `group_id`, `group_path`, `mandatory_flag`, `default_order`, `status`, `creator_uid`, `create_time`, `operator_uid`, `update_time`) VALUES ('201', 'enterprise_customer', 'foreignCompanyIncomeTax', '外企所得税', 'BigDecimal', '9', '/9', '0', NULL, '2', '1', '2017-08-25 02:27:29', NULL, NULL);
INSERT INTO `eh_var_fields` (`id`, `module_name`, `name`, `display_name`, `field_type`, `group_id`, `group_path`, `mandatory_flag`, `default_order`, `status`, `creator_uid`, `create_time`, `operator_uid`, `update_time`) VALUES ('202', 'enterprise_customer', 'individualIncomeTax', '个人所得税', 'BigDecimal', '9', '/9', '0', NULL, '2', '1', '2017-08-25 02:27:29', NULL, NULL);
INSERT INTO `eh_var_fields` (`id`, `module_name`, `name`, `display_name`, `field_type`, `group_id`, `group_path`, `mandatory_flag`, `default_order`, `status`, `creator_uid`, `create_time`, `operator_uid`, `update_time`) VALUES ('203', 'enterprise_customer', 'totalTaxAmount', '税费合计', 'BigDecimal', '9', '/9', '0', NULL, '2', '1', '2017-08-25 02:27:30', NULL, NULL);
INSERT INTO `eh_var_fields` (`id`, `module_name`, `name`, `display_name`, `field_type`, `group_id`, `group_path`, `mandatory_flag`, `default_order`, `status`, `creator_uid`, `create_time`, `operator_uid`, `update_time`) VALUES ('204', 'enterprise_customer', 'name', '证书名称', 'String', '18', '/17/18', '0', NULL, '2', '1', '2017-08-30 14:11:01', NULL, NULL);
INSERT INTO `eh_var_fields` (`id`, `module_name`, `name`, `display_name`, `field_type`, `group_id`, `group_path`, `mandatory_flag`, `default_order`, `status`, `creator_uid`, `create_time`, `operator_uid`, `update_time`) VALUES ('205', 'enterprise_customer', 'certificateNumber', '证书编号', 'String', '18', '/17/18', '0', NULL, '2', '1', '2017-08-30 14:11:01', NULL, NULL);
INSERT INTO `eh_var_fields` (`id`, `module_name`, `name`, `display_name`, `field_type`, `group_id`, `group_path`, `mandatory_flag`, `default_order`, `status`, `creator_uid`, `create_time`, `operator_uid`, `update_time`) VALUES ('206', 'enterprise_customer', 'registeDate', '获得日期', 'Long', '18', '/17/18', '0', NULL, '2', '1', '2017-08-30 14:11:01', NULL, NULL);
INSERT INTO `eh_var_fields` (`id`, `module_name`, `name`, `display_name`, `field_type`, `group_id`, `group_path`, `mandatory_flag`, `default_order`, `status`, `creator_uid`, `create_time`, `operator_uid`, `update_time`) VALUES ('207', 'contract', 'rentCycle', '租赁周期', 'Integer', '14', '/13/14', '0', NULL, '2', '1', '2017-08-18 02:24:46', NULL, NULL);
INSERT INTO `eh_var_fields` (`id`, `module_name`, `name`, `display_name`, `field_type`, `group_id`, `group_path`, `mandatory_flag`, `default_order`, `status`, `creator_uid`, `create_time`, `operator_uid`, `update_time`) VALUES ('208', 'enterprise_customer', 'status', '项目状态', 'Byte', '6', '/6', '0', NULL, '2', '1', '2017-08-19 09:48:57', NULL, NULL);

INSERT INTO `eh_var_field_scopes` (`id`, `namespace_id`, `module_name`, `group_id`, `field_id`, `field_param`, `field_display_name`, `mandatory_flag`, `default_order`, `status`, `creator_uid`, `create_time`, `operator_uid`, `update_time`, `group_path`) VALUES ('1', '999971', 'enterprise_customer', '10', '1', '{\"fieldParamType\": \"text\", \"length\": 32}', '客户编号', '1', '1', '2', '1', '2017-08-18 02:24:31', NULL, NULL, '/1/10');
INSERT INTO `eh_var_field_scopes` (`id`, `namespace_id`, `module_name`, `group_id`, `field_id`, `field_param`, `field_display_name`, `mandatory_flag`, `default_order`, `status`, `creator_uid`, `create_time`, `operator_uid`, `update_time`, `group_path`) VALUES ('2', '999971', 'enterprise_customer', '10', '2', '{\"fieldParamType\": \"text\", \"length\": 32}', '客户名称', '1', '2', '2', '1', '2017-08-18 02:24:31', NULL, NULL, '/1/10');
INSERT INTO `eh_var_field_scopes` (`id`, `namespace_id`, `module_name`, `group_id`, `field_id`, `field_param`, `field_display_name`, `mandatory_flag`, `default_order`, `status`, `creator_uid`, `create_time`, `operator_uid`, `update_time`, `group_path`) VALUES ('3', '999971', 'enterprise_customer', '10', '3', '{\"fieldParamType\": \"text\", \"length\": 32}', '简称', '1', '3', '2', '1', '2017-08-18 02:24:31', NULL, NULL, '/1/10');
INSERT INTO `eh_var_field_scopes` (`id`, `namespace_id`, `module_name`, `group_id`, `field_id`, `field_param`, `field_display_name`, `mandatory_flag`, `default_order`, `status`, `creator_uid`, `create_time`, `operator_uid`, `update_time`, `group_path`) VALUES ('4', '999971', 'enterprise_customer', '10', '4', '{\"fieldParamType\": \"select\", \"length\": 32}', '客户类型', '1', '4', '2', '1', '2017-08-18 02:24:31', NULL, NULL, '/1/10');
INSERT INTO `eh_var_field_scopes` (`id`, `namespace_id`, `module_name`, `group_id`, `field_id`, `field_param`, `field_display_name`, `mandatory_flag`, `default_order`, `status`, `creator_uid`, `create_time`, `operator_uid`, `update_time`, `group_path`) VALUES ('5', '999971', 'enterprise_customer', '10', '5', '{\"fieldParamType\": \"select\", \"length\": 32}', '客户级别', '1', '5', '2', '1', '2017-08-18 02:24:32', NULL, NULL, '/1/10');
INSERT INTO `eh_var_field_scopes` (`id`, `namespace_id`, `module_name`, `group_id`, `field_id`, `field_param`, `field_display_name`, `mandatory_flag`, `default_order`, `status`, `creator_uid`, `create_time`, `operator_uid`, `update_time`, `group_path`) VALUES ('6', '999971', 'enterprise_customer', '10', '6', '{\"fieldParamType\": \"select\", \"length\": 32}', '认知途径', '1', '6', '2', '1', '2017-08-18 02:24:32', NULL, NULL, '/1/10');
INSERT INTO `eh_var_field_scopes` (`id`, `namespace_id`, `module_name`, `group_id`, `field_id`, `field_param`, `field_display_name`, `mandatory_flag`, `default_order`, `status`, `creator_uid`, `create_time`, `operator_uid`, `update_time`, `group_path`) VALUES ('7', '999971', 'enterprise_customer', '10', '7', '{\"fieldParamType\": \"text\", \"length\": 32}', '联系人', '1', '7', '2', '1', '2017-08-18 02:24:32', NULL, NULL, '/1/10');
INSERT INTO `eh_var_field_scopes` (`id`, `namespace_id`, `module_name`, `group_id`, `field_id`, `field_param`, `field_display_name`, `mandatory_flag`, `default_order`, `status`, `creator_uid`, `create_time`, `operator_uid`, `update_time`, `group_path`) VALUES ('8', '999971', 'enterprise_customer', '10', '8', '{\"fieldParamType\": \"select\", \"length\": 32}', '联系人性别', '1', '8', '2', '1', '2017-08-18 02:24:32', NULL, NULL, '/1/10');
INSERT INTO `eh_var_field_scopes` (`id`, `namespace_id`, `module_name`, `group_id`, `field_id`, `field_param`, `field_display_name`, `mandatory_flag`, `default_order`, `status`, `creator_uid`, `create_time`, `operator_uid`, `update_time`, `group_path`) VALUES ('9', '999971', 'enterprise_customer', '10', '9', '{\"fieldParamType\": \"text\", \"length\": 32}', '手机号码', '1', '9', '2', '1', '2017-08-18 02:24:32', NULL, NULL, '/1/10');
INSERT INTO `eh_var_field_scopes` (`id`, `namespace_id`, `module_name`, `group_id`, `field_id`, `field_param`, `field_display_name`, `mandatory_flag`, `default_order`, `status`, `creator_uid`, `create_time`, `operator_uid`, `update_time`, `group_path`) VALUES ('10', '999971', 'enterprise_customer', '10', '10', '{\"fieldParamType\": \"text\", \"length\": 32}', '座机号码', '1', '10', '2', '1', '2017-08-18 02:24:33', NULL, NULL, '/1/10');
INSERT INTO `eh_var_field_scopes` (`id`, `namespace_id`, `module_name`, `group_id`, `field_id`, `field_param`, `field_display_name`, `mandatory_flag`, `default_order`, `status`, `creator_uid`, `create_time`, `operator_uid`, `update_time`, `group_path`) VALUES ('11', '999971', 'enterprise_customer', '10', '11', '{\"fieldParamType\": \"text\", \"length\": 32}', '办公电话', '1', '11', '2', '1', '2017-08-18 02:24:33', NULL, NULL, '/1/10');
INSERT INTO `eh_var_field_scopes` (`id`, `namespace_id`, `module_name`, `group_id`, `field_id`, `field_param`, `field_display_name`, `mandatory_flag`, `default_order`, `status`, `creator_uid`, `create_time`, `operator_uid`, `update_time`, `group_path`) VALUES ('12', '999971', 'enterprise_customer', '10', '12', '{\"fieldParamType\": \"text\", \"length\": 32}', '家庭电话', '1', '12', '2', '1', '2017-08-18 02:24:33', NULL, NULL, '/1/10');
INSERT INTO `eh_var_field_scopes` (`id`, `namespace_id`, `module_name`, `group_id`, `field_id`, `field_param`, `field_display_name`, `mandatory_flag`, `default_order`, `status`, `creator_uid`, `create_time`, `operator_uid`, `update_time`, `group_path`) VALUES ('13', '999971', 'enterprise_customer', '10', '13', '{\"fieldParamType\": \"text\", \"length\": 32}', '电子邮件', '1', '13', '2', '1', '2017-08-18 02:24:33', NULL, NULL, '/1/10');
INSERT INTO `eh_var_field_scopes` (`id`, `namespace_id`, `module_name`, `group_id`, `field_id`, `field_param`, `field_display_name`, `mandatory_flag`, `default_order`, `status`, `creator_uid`, `create_time`, `operator_uid`, `update_time`, `group_path`) VALUES ('14', '999971', 'enterprise_customer', '11', '14', '{\"fieldParamType\": \"text\", \"length\": 32}', '传真', '1', '14', '2', '1', '2017-08-18 02:24:33', NULL, NULL, '/1/11');
INSERT INTO `eh_var_field_scopes` (`id`, `namespace_id`, `module_name`, `group_id`, `field_id`, `field_param`, `field_display_name`, `mandatory_flag`, `default_order`, `status`, `creator_uid`, `create_time`, `operator_uid`, `update_time`, `group_path`) VALUES ('15', '999971', 'enterprise_customer', '11', '15', '{\"fieldParamType\": \"text\", \"length\": 32}', '地址', '1', '15', '2', '1', '2017-08-18 02:24:34', NULL, NULL, '/1/11');
INSERT INTO `eh_var_field_scopes` (`id`, `namespace_id`, `module_name`, `group_id`, `field_id`, `field_param`, `field_display_name`, `mandatory_flag`, `default_order`, `status`, `creator_uid`, `create_time`, `operator_uid`, `update_time`, `group_path`) VALUES ('16', '999971', 'enterprise_customer', '11', '16', '{\"fieldParamType\": \"text\", \"length\": 32}', '企业邮箱', '1', '16', '2', '1', '2017-08-18 02:24:34', NULL, NULL, '/1/11');
INSERT INTO `eh_var_field_scopes` (`id`, `namespace_id`, `module_name`, `group_id`, `field_id`, `field_param`, `field_display_name`, `mandatory_flag`, `default_order`, `status`, `creator_uid`, `create_time`, `operator_uid`, `update_time`, `group_path`) VALUES ('17', '999971', 'enterprise_customer', '11', '17', '{\"fieldParamType\": \"text\", \"length\": 32}', '企业网址', '1', '17', '2', '1', '2017-08-18 02:24:34', NULL, NULL, '/1/11');
INSERT INTO `eh_var_field_scopes` (`id`, `namespace_id`, `module_name`, `group_id`, `field_id`, `field_param`, `field_display_name`, `mandatory_flag`, `default_order`, `status`, `creator_uid`, `create_time`, `operator_uid`, `update_time`, `group_path`) VALUES ('18', '999971', 'enterprise_customer', '11', '18', '{\"fieldParamType\": \"text\", \"length\": 32}', '注册地址', '1', '18', '2', '1', '2017-08-18 02:24:34', NULL, NULL, '/1/11');
INSERT INTO `eh_var_field_scopes` (`id`, `namespace_id`, `module_name`, `group_id`, `field_id`, `field_param`, `field_display_name`, `mandatory_flag`, `default_order`, `status`, `creator_uid`, `create_time`, `operator_uid`, `update_time`, `group_path`) VALUES ('19', '999971', 'enterprise_customer', '11', '19', '{\"fieldParamType\": \"text\", \"length\": 32}', '经营地址', '1', '19', '2', '1', '2017-08-18 02:24:34', NULL, NULL, '/1/11');
INSERT INTO `eh_var_field_scopes` (`id`, `namespace_id`, `module_name`, `group_id`, `field_id`, `field_param`, `field_display_name`, `mandatory_flag`, `default_order`, `status`, `creator_uid`, `create_time`, `operator_uid`, `update_time`, `group_path`) VALUES ('20', '999971', 'enterprise_customer', '11', '20', '{\"fieldParamType\": \"text\", \"length\": 32}', '法人代表', '1', '20', '2', '1', '2017-08-18 02:24:34', NULL, NULL, '/1/11');
INSERT INTO `eh_var_field_scopes` (`id`, `namespace_id`, `module_name`, `group_id`, `field_id`, `field_param`, `field_display_name`, `mandatory_flag`, `default_order`, `status`, `creator_uid`, `create_time`, `operator_uid`, `update_time`, `group_path`) VALUES ('21', '999971', 'enterprise_customer', '11', '21', '{\"fieldParamType\": \"text\", \"length\": 32}', '注册资金(万元)', '1', '21', '2', '1', '2017-08-18 02:24:34', NULL, NULL, '/1/11');
INSERT INTO `eh_var_field_scopes` (`id`, `namespace_id`, `module_name`, `group_id`, `field_id`, `field_param`, `field_display_name`, `mandatory_flag`, `default_order`, `status`, `creator_uid`, `create_time`, `operator_uid`, `update_time`, `group_path`) VALUES ('22', '999971', 'enterprise_customer', '11', '22', '{\"fieldParamType\": \"select\", \"length\": 32}', '企业性质', '1', '22', '2', '1', '2017-08-18 02:24:34', NULL, NULL, '/1/11');
INSERT INTO `eh_var_field_scopes` (`id`, `namespace_id`, `module_name`, `group_id`, `field_id`, `field_param`, `field_display_name`, `mandatory_flag`, `default_order`, `status`, `creator_uid`, `create_time`, `operator_uid`, `update_time`, `group_path`) VALUES ('23', '999971', 'enterprise_customer', '11', '23', '{\"fieldParamType\": \"text\", \"length\": 32}', '企业规模', '1', '23', '2', '1', '2017-08-18 02:24:34', NULL, NULL, '/1/11');
INSERT INTO `eh_var_field_scopes` (`id`, `namespace_id`, `module_name`, `group_id`, `field_id`, `field_param`, `field_display_name`, `mandatory_flag`, `default_order`, `status`, `creator_uid`, `create_time`, `operator_uid`, `update_time`, `group_path`) VALUES ('24', '999971', 'enterprise_customer', '11', '24', '{\"fieldParamType\": \"select\", \"length\": 32}', '行业类型', '1', '24', '2', '1', '2017-08-18 02:24:34', NULL, NULL, '/1/11');
INSERT INTO `eh_var_field_scopes` (`id`, `namespace_id`, `module_name`, `group_id`, `field_id`, `field_param`, `field_display_name`, `mandatory_flag`, `default_order`, `status`, `creator_uid`, `create_time`, `operator_uid`, `update_time`, `group_path`) VALUES ('25', '999971', 'enterprise_customer', '11', '25', '{\"fieldParamType\": \"select\", \"length\": 32}', '企业定位', '1', '25', '2', '1', '2017-08-18 02:24:34', NULL, NULL, '/1/11');
INSERT INTO `eh_var_field_scopes` (`id`, `namespace_id`, `module_name`, `group_id`, `field_id`, `field_param`, `field_display_name`, `mandatory_flag`, `default_order`, `status`, `creator_uid`, `create_time`, `operator_uid`, `update_time`, `group_path`) VALUES ('26', '999971', 'enterprise_customer', '11', '26', '{\"fieldParamType\": \"text\", \"length\": 32}', '年营业额(万元)', '1', '26', '2', '1', '2017-08-18 02:24:34', NULL, NULL, '/1/11');
INSERT INTO `eh_var_field_scopes` (`id`, `namespace_id`, `module_name`, `group_id`, `field_id`, `field_param`, `field_display_name`, `mandatory_flag`, `default_order`, `status`, `creator_uid`, `create_time`, `operator_uid`, `update_time`, `group_path`) VALUES ('27', '999971', 'enterprise_customer', '11', '27', '{\"fieldParamType\": \"text\", \"length\": 32}', '营业范围', '1', '27', '2', '1', '2017-08-18 02:24:34', NULL, NULL, '/1/11');
INSERT INTO `eh_var_field_scopes` (`id`, `namespace_id`, `module_name`, `group_id`, `field_id`, `field_param`, `field_display_name`, `mandatory_flag`, `default_order`, `status`, `creator_uid`, `create_time`, `operator_uid`, `update_time`, `group_path`) VALUES ('28', '999971', 'enterprise_customer', '11', '28', '{\"fieldParamType\": \"text\", \"length\": 32}', '营业执照号', '1', '28', '2', '1', '2017-08-18 02:24:34', NULL, NULL, '/1/11');
INSERT INTO `eh_var_field_scopes` (`id`, `namespace_id`, `module_name`, `group_id`, `field_id`, `field_param`, `field_display_name`, `mandatory_flag`, `default_order`, `status`, `creator_uid`, `create_time`, `operator_uid`, `update_time`, `group_path`) VALUES ('30', '999971', 'enterprise_customer', '11', '30', '{\"fieldParamType\": \"text\", \"length\": 32}', '门牌号', '1', '29', '2', '1', '2017-08-18 02:24:34', NULL, NULL, '/1/11');
INSERT INTO `eh_var_field_scopes` (`id`, `namespace_id`, `module_name`, `group_id`, `field_id`, `field_param`, `field_display_name`, `mandatory_flag`, `default_order`, `status`, `creator_uid`, `create_time`, `operator_uid`, `update_time`, `group_path`) VALUES ('31', '999971', 'enterprise_customer', '11', '31', '{\"fieldParamType\": \"text\", \"length\": 32}', '场地面积', '1', '30', '2', '1', '2017-08-18 02:24:35', NULL, NULL, '/1/11');
INSERT INTO `eh_var_field_scopes` (`id`, `namespace_id`, `module_name`, `group_id`, `field_id`, `field_param`, `field_display_name`, `mandatory_flag`, `default_order`, `status`, `creator_uid`, `create_time`, `operator_uid`, `update_time`, `group_path`) VALUES ('32', '999971', 'enterprise_customer', '11', '32', '{\"fieldParamType\": \"datetime\", \"length\": 32}', '入住园区日期', '1', '31', '2', '1', '2017-08-18 02:24:35', NULL, NULL, '/1/11');
INSERT INTO `eh_var_field_scopes` (`id`, `namespace_id`, `module_name`, `group_id`, `field_id`, `field_param`, `field_display_name`, `mandatory_flag`, `default_order`, `status`, `creator_uid`, `create_time`, `operator_uid`, `update_time`, `group_path`) VALUES ('33', '999971', 'enterprise_customer', '11', '33', '{\"fieldParamType\": \"select\", \"length\": 32}', '产品类型', '1', '32', '2', '1', '2017-08-18 02:24:35', NULL, NULL, '/1/11');
INSERT INTO `eh_var_field_scopes` (`id`, `namespace_id`, `module_name`, `group_id`, `field_id`, `field_param`, `field_display_name`, `mandatory_flag`, `default_order`, `status`, `creator_uid`, `create_time`, `operator_uid`, `update_time`, `group_path`) VALUES ('34', '999971', 'enterprise_customer', '11', '34', '{\"fieldParamType\": \"text\", \"length\": 32}', '主要技术及产品', '1', '33', '2', '1', '2017-08-18 02:24:35', NULL, NULL, '/1/11');
INSERT INTO `eh_var_field_scopes` (`id`, `namespace_id`, `module_name`, `group_id`, `field_id`, `field_param`, `field_display_name`, `mandatory_flag`, `default_order`, `status`, `creator_uid`, `create_time`, `operator_uid`, `update_time`, `group_path`) VALUES ('35', '999971', 'enterprise_customer', '11', '35', '{\"fieldParamType\": \"select\", \"length\": 32}', '企业资质认证', '1', '34', '2', '1', '2017-08-18 02:24:35', NULL, NULL, '/1/11');
INSERT INTO `eh_var_field_scopes` (`id`, `namespace_id`, `module_name`, `group_id`, `field_id`, `field_param`, `field_display_name`, `mandatory_flag`, `default_order`, `status`, `creator_uid`, `create_time`, `operator_uid`, `update_time`, `group_path`) VALUES ('36', '999971', 'enterprise_customer', '11', '36', '{\"fieldParamType\": \"image\", \"length\": 1}', '企业LOGO', '1', '35', '2', '1', '2017-08-18 02:24:35', NULL, NULL, '/1/11');
INSERT INTO `eh_var_field_scopes` (`id`, `namespace_id`, `module_name`, `group_id`, `field_id`, `field_param`, `field_display_name`, `mandatory_flag`, `default_order`, `status`, `creator_uid`, `create_time`, `operator_uid`, `update_time`, `group_path`) VALUES ('37', '999971', 'enterprise_customer', '11', '37', '{\"fieldParamType\": \"text\", \"length\": 320}', '企业简介', '1', '36', '2', '1', '2017-08-18 02:24:36', NULL, NULL, '/1/11');
INSERT INTO `eh_var_field_scopes` (`id`, `namespace_id`, `module_name`, `group_id`, `field_id`, `field_param`, `field_display_name`, `mandatory_flag`, `default_order`, `status`, `creator_uid`, `create_time`, `operator_uid`, `update_time`, `group_path`) VALUES ('38', '999971', 'enterprise_customer', '12', '38', '{\"fieldParamType\": \"text\", \"length\": 32}', '员工总数', '1', '37', '2', '1', '2017-08-18 02:24:36', NULL, NULL, '/1/12');
INSERT INTO `eh_var_field_scopes` (`id`, `namespace_id`, `module_name`, `group_id`, `field_id`, `field_param`, `field_display_name`, `mandatory_flag`, `default_order`, `status`, `creator_uid`, `create_time`, `operator_uid`, `update_time`, `group_path`) VALUES ('39', '999971', 'enterprise_customer', '12', '39', '{\"fieldParamType\": \"text\", \"length\": 32}', '员工平均年龄', '1', '39', '2', '1', '2017-08-18 02:24:36', NULL, NULL, '/1/12');
INSERT INTO `eh_var_field_scopes` (`id`, `namespace_id`, `module_name`, `group_id`, `field_id`, `field_param`, `field_display_name`, `mandatory_flag`, `default_order`, `status`, `creator_uid`, `create_time`, `operator_uid`, `update_time`, `group_path`) VALUES ('40', '999971', 'enterprise_customer', '12', '40', '{\"fieldParamType\": \"text\", \"length\": 32}', '高管平均年龄', '1', '40', '2', '1', '2017-08-18 02:24:36', NULL, NULL, '/1/12');
INSERT INTO `eh_var_field_scopes` (`id`, `namespace_id`, `module_name`, `group_id`, `field_id`, `field_param`, `field_display_name`, `mandatory_flag`, `default_order`, `status`, `creator_uid`, `create_time`, `operator_uid`, `update_time`, `group_path`) VALUES ('41', '999971', 'enterprise_customer', '12', '41', '{\"fieldParamType\": \"text\", \"length\": 32}', '女性员工总数', '1', '41', '2', '1', '2017-08-18 02:24:36', NULL, NULL, '/1/12');
INSERT INTO `eh_var_field_scopes` (`id`, `namespace_id`, `module_name`, `group_id`, `field_id`, `field_param`, `field_display_name`, `mandatory_flag`, `default_order`, `status`, `creator_uid`, `create_time`, `operator_uid`, `update_time`, `group_path`) VALUES ('42', '999971', 'enterprise_customer', '12', '42', '{\"fieldParamType\": \"text\", \"length\": 32}', '男性员工总数', '1', '42', '2', '1', '2017-08-18 02:24:36', NULL, NULL, '/1/12');
INSERT INTO `eh_var_field_scopes` (`id`, `namespace_id`, `module_name`, `group_id`, `field_id`, `field_param`, `field_display_name`, `mandatory_flag`, `default_order`, `status`, `creator_uid`, `create_time`, `operator_uid`, `update_time`, `group_path`) VALUES ('43', '999971', 'enterprise_customer', '12', '43', '{\"fieldParamType\": \"text\", \"length\": 32}', '研发员工总数', '1', '43', '2', '1', '2017-08-18 02:24:36', NULL, NULL, '/1/12');
INSERT INTO `eh_var_field_scopes` (`id`, `namespace_id`, `module_name`, `group_id`, `field_id`, `field_param`, `field_display_name`, `mandatory_flag`, `default_order`, `status`, `creator_uid`, `create_time`, `operator_uid`, `update_time`, `group_path`) VALUES ('44', '999971', 'enterprise_customer', '12', '44', '{\"fieldParamType\": \"text\", \"length\": 32}', '海归人数占比', '1', '44', '2', '1', '2017-08-18 02:24:36', NULL, NULL, '/1/12');
INSERT INTO `eh_var_field_scopes` (`id`, `namespace_id`, `module_name`, `group_id`, `field_id`, `field_param`, `field_display_name`, `mandatory_flag`, `default_order`, `status`, `creator_uid`, `create_time`, `operator_uid`, `update_time`, `group_path`) VALUES ('45', '999971', 'enterprise_customer', '12', '45', '{\"fieldParamType\": \"text\", \"length\": 32}', '总经理', '1', '45', '2', '1', '2017-08-18 02:24:37', NULL, NULL, '/1/12');
INSERT INTO `eh_var_field_scopes` (`id`, `namespace_id`, `module_name`, `group_id`, `field_id`, `field_param`, `field_display_name`, `mandatory_flag`, `default_order`, `status`, `creator_uid`, `create_time`, `operator_uid`, `update_time`, `group_path`) VALUES ('46', '999971', 'enterprise_customer', '12', '46', '{\"fieldParamType\": \"text\", \"length\": 32}', '总经理电话', '1', '46', '2', '1', '2017-08-18 02:24:37', NULL, NULL, '/1/12');
INSERT INTO `eh_var_field_scopes` (`id`, `namespace_id`, `module_name`, `group_id`, `field_id`, `field_param`, `field_display_name`, `mandatory_flag`, `default_order`, `status`, `creator_uid`, `create_time`, `operator_uid`, `update_time`, `group_path`) VALUES ('47', '999971', 'enterprise_customer', '12', '47', '{\"fieldParamType\": \"text\", \"length\": 32}', '总经理邮箱', '1', '47', '2', '1', '2017-08-18 02:24:37', NULL, NULL, '/1/12');
INSERT INTO `eh_var_field_scopes` (`id`, `namespace_id`, `module_name`, `group_id`, `field_id`, `field_param`, `field_display_name`, `mandatory_flag`, `default_order`, `status`, `creator_uid`, `create_time`, `operator_uid`, `update_time`, `group_path`) VALUES ('48', '999971', 'enterprise_customer', '12', '48', '{\"fieldParamType\": \"multiText\", \"length\": 2048}', '备注', '1', '48', '2', '1', '2017-08-18 02:24:37', NULL, NULL, '/1/12');
INSERT INTO `eh_var_field_scopes` (`id`, `namespace_id`, `module_name`, `group_id`, `field_id`, `field_param`, `field_display_name`, `mandatory_flag`, `default_order`, `status`, `creator_uid`, `create_time`, `operator_uid`, `update_time`, `group_path`) VALUES ('100', '999971', 'contract', '14', '100', '{\"fieldParamType\": \"text\", \"length\": 32}', '合同编号', '1', '100', '2', '1', '2017-08-18 02:24:50', NULL, NULL, '/13/14');
INSERT INTO `eh_var_field_scopes` (`id`, `namespace_id`, `module_name`, `group_id`, `field_id`, `field_param`, `field_display_name`, `mandatory_flag`, `default_order`, `status`, `creator_uid`, `create_time`, `operator_uid`, `update_time`, `group_path`) VALUES ('101', '999971', 'contract', '14', '101', '{\"fieldParamType\": \"text\", \"length\": 32}', '合同名称', '1', '101', '2', '1', '2017-08-18 02:24:51', NULL, NULL, '/13/14');
INSERT INTO `eh_var_field_scopes` (`id`, `namespace_id`, `module_name`, `group_id`, `field_id`, `field_param`, `field_display_name`, `mandatory_flag`, `default_order`, `status`, `creator_uid`, `create_time`, `operator_uid`, `update_time`, `group_path`) VALUES ('102', '999971', 'contract', '14', '102', '{\"fieldParamType\": \"text\", \"length\": 32}', '客户名称', '1', '102', '2', '1', '2017-08-18 02:24:51', NULL, NULL, '/13/14');
INSERT INTO `eh_var_field_scopes` (`id`, `namespace_id`, `module_name`, `group_id`, `field_id`, `field_param`, `field_display_name`, `mandatory_flag`, `default_order`, `status`, `creator_uid`, `create_time`, `operator_uid`, `update_time`, `group_path`) VALUES ('103', '999971', 'contract', '14', '103', '{\"fieldParamType\": \"text\", \"length\": 32}', '出租方', '1', '103', '2', '1', '2017-08-18 02:24:51', NULL, NULL, '/13/14');
INSERT INTO `eh_var_field_scopes` (`id`, `namespace_id`, `module_name`, `group_id`, `field_id`, `field_param`, `field_display_name`, `mandatory_flag`, `default_order`, `status`, `creator_uid`, `create_time`, `operator_uid`, `update_time`, `group_path`) VALUES ('104', '999971', 'contract', '14', '104', '{\"fieldParamType\": \"select\", \"length\": 32}', '合同属性', '1', '104', '2', '1', '2017-08-18 02:24:51', NULL, NULL, '/13/14');
INSERT INTO `eh_var_field_scopes` (`id`, `namespace_id`, `module_name`, `group_id`, `field_id`, `field_param`, `field_display_name`, `mandatory_flag`, `default_order`, `status`, `creator_uid`, `create_time`, `operator_uid`, `update_time`, `group_path`) VALUES ('105', '999971', 'contract', '14', '105', '{\"fieldParamType\": \"select\", \"length\": 32}', '合同类型', '1', '105', '2', '1', '2017-08-18 02:24:51', NULL, NULL, '/13/14');
INSERT INTO `eh_var_field_scopes` (`id`, `namespace_id`, `module_name`, `group_id`, `field_id`, `field_param`, `field_display_name`, `mandatory_flag`, `default_order`, `status`, `creator_uid`, `create_time`, `operator_uid`, `update_time`, `group_path`) VALUES ('106', '999971', 'contract', '14', '106', '{\"fieldParamType\": \"text\", \"length\": 32}', '原合同', '1', '98', '2', '1', '2017-08-18 02:24:51', NULL, NULL, '/13/14');
INSERT INTO `eh_var_field_scopes` (`id`, `namespace_id`, `module_name`, `group_id`, `field_id`, `field_param`, `field_display_name`, `mandatory_flag`, `default_order`, `status`, `creator_uid`, `create_time`, `operator_uid`, `update_time`, `group_path`) VALUES ('107', '999971', 'contract', '14', '107', '{\"fieldParamType\": \"text\", \"length\": 32}', '初始合同', '1', '99', '2', '1', '2017-08-18 02:24:51', NULL, NULL, '/13/14');
INSERT INTO `eh_var_field_scopes` (`id`, `namespace_id`, `module_name`, `group_id`, `field_id`, `field_param`, `field_display_name`, `mandatory_flag`, `default_order`, `status`, `creator_uid`, `create_time`, `operator_uid`, `update_time`, `group_path`) VALUES ('108', '999971', 'contract', '14', '108', '{\"fieldParamType\": \"text\", \"length\": 32}', '归档地', '1', '108', '2', '1', '2017-08-18 02:24:51', NULL, NULL, '/13/14');
INSERT INTO `eh_var_field_scopes` (`id`, `namespace_id`, `module_name`, `group_id`, `field_id`, `field_param`, `field_display_name`, `mandatory_flag`, `default_order`, `status`, `creator_uid`, `create_time`, `operator_uid`, `update_time`, `group_path`) VALUES ('109', '999971', 'contract', '14', '109', '{\"fieldParamType\": \"text\", \"length\": 32}', '备案号', '1', '109', '2', '1', '2017-08-18 02:24:52', NULL, NULL, '/13/14');
INSERT INTO `eh_var_field_scopes` (`id`, `namespace_id`, `module_name`, `group_id`, `field_id`, `field_param`, `field_display_name`, `mandatory_flag`, `default_order`, `status`, `creator_uid`, `create_time`, `operator_uid`, `update_time`, `group_path`) VALUES ('110', '999971', 'contract', '14', '110', '{\"fieldParamType\": \"datetime\", \"length\": 32}', '开始日期', '1', '110', '2', '1', '2017-08-18 02:24:52', NULL, NULL, '/13/14');
INSERT INTO `eh_var_field_scopes` (`id`, `namespace_id`, `module_name`, `group_id`, `field_id`, `field_param`, `field_display_name`, `mandatory_flag`, `default_order`, `status`, `creator_uid`, `create_time`, `operator_uid`, `update_time`, `group_path`) VALUES ('111', '999971', 'contract', '14', '111', '{\"fieldParamType\": \"datetime\", \"length\": 32}', '结束日期', '1', '111', '2', '1', '2017-08-18 02:24:52', NULL, NULL, '/13/14');
INSERT INTO `eh_var_field_scopes` (`id`, `namespace_id`, `module_name`, `group_id`, `field_id`, `field_param`, `field_display_name`, `mandatory_flag`, `default_order`, `status`, `creator_uid`, `create_time`, `operator_uid`, `update_time`, `group_path`) VALUES ('112', '999971', 'contract', '14', '112', '{\"fieldParamType\": \"datetime\", \"length\": 32}', '签约日期', '1', '112', '2', '1', '2017-08-18 02:24:52', NULL, NULL, '/13/14');
INSERT INTO `eh_var_field_scopes` (`id`, `namespace_id`, `module_name`, `group_id`, `field_id`, `field_param`, `field_display_name`, `mandatory_flag`, `default_order`, `status`, `creator_uid`, `create_time`, `operator_uid`, `update_time`, `group_path`) VALUES ('113', '999971', 'contract', '14', '113', '{\"fieldParamType\": \"text\", \"length\": 32}', '签约原因', '1', '113', '2', '1', '2017-08-18 02:24:52', NULL, NULL, '/13/14');
INSERT INTO `eh_var_field_scopes` (`id`, `namespace_id`, `module_name`, `group_id`, `field_id`, `field_param`, `field_display_name`, `mandatory_flag`, `default_order`, `status`, `creator_uid`, `create_time`, `operator_uid`, `update_time`, `group_path`) VALUES ('114', '999971', 'contract', '14', '114', '{\"fieldParamType\": \"multiText\", \"length\": 2048}', '合同情况', '1', '114', '2', '1', '2017-08-18 02:24:53', NULL, NULL, '/13/14');
INSERT INTO `eh_var_field_scopes` (`id`, `namespace_id`, `module_name`, `group_id`, `field_id`, `field_param`, `field_display_name`, `mandatory_flag`, `default_order`, `status`, `creator_uid`, `create_time`, `operator_uid`, `update_time`, `group_path`) VALUES ('115', '999971', 'contract', '14', '115', '{\"fieldParamType\": \"text\", \"length\": 32}', '合同资产', '1', '115', '2', '1', '2017-08-18 02:24:53', NULL, NULL, '/13/14');
INSERT INTO `eh_var_field_scopes` (`id`, `namespace_id`, `module_name`, `group_id`, `field_id`, `field_param`, `field_display_name`, `mandatory_flag`, `default_order`, `status`, `creator_uid`, `create_time`, `operator_uid`, `update_time`, `group_path`) VALUES ('117', '999971', 'contract', '15', '117', '{\"fieldParamType\": \"text\", \"length\": 32}', '租赁总额', '1', '117', '2', '1', '2017-08-18 02:24:53', NULL, NULL, '/13/15');
INSERT INTO `eh_var_field_scopes` (`id`, `namespace_id`, `module_name`, `group_id`, `field_id`, `field_param`, `field_display_name`, `mandatory_flag`, `default_order`, `status`, `creator_uid`, `create_time`, `operator_uid`, `update_time`, `group_path`) VALUES ('118', '999971', 'contract', '15', '118', '{\"fieldParamType\": \"text\", \"length\": 32}', '租赁总面积', '1', '118', '2', '1', '2017-08-18 02:24:53', NULL, NULL, '/13/15');
INSERT INTO `eh_var_field_scopes` (`id`, `namespace_id`, `module_name`, `group_id`, `field_id`, `field_param`, `field_display_name`, `mandatory_flag`, `default_order`, `status`, `creator_uid`, `create_time`, `operator_uid`, `update_time`, `group_path`) VALUES ('119', '999971', 'contract', '15', '119', '{\"fieldParamType\": \"text\", \"length\": 32}', '定金', '1', '119', '2', '1', '2017-08-18 02:24:53', NULL, NULL, '/13/15');
INSERT INTO `eh_var_field_scopes` (`id`, `namespace_id`, `module_name`, `group_id`, `field_id`, `field_param`, `field_display_name`, `mandatory_flag`, `default_order`, `status`, `creator_uid`, `create_time`, `operator_uid`, `update_time`, `group_path`) VALUES ('120', '999971', 'contract', '15', '120', '{\"fieldParamType\": \"datetime\", \"length\": 32}', '定金最迟收取日期', '1', '120', '2', '1', '2017-08-18 02:24:54', NULL, NULL, '/13/15');
INSERT INTO `eh_var_field_scopes` (`id`, `namespace_id`, `module_name`, `group_id`, `field_id`, `field_param`, `field_display_name`, `mandatory_flag`, `default_order`, `status`, `creator_uid`, `create_time`, `operator_uid`, `update_time`, `group_path`) VALUES ('121', '999971', 'contract', '15', '121', '{\"fieldParamType\": \"text\", \"length\": 32}', '违约金', '1', '121', '2', '1', '2017-08-18 02:24:54', NULL, NULL, '/13/15');
INSERT INTO `eh_var_field_scopes` (`id`, `namespace_id`, `module_name`, `group_id`, `field_id`, `field_param`, `field_display_name`, `mandatory_flag`, `default_order`, `status`, `creator_uid`, `create_time`, `operator_uid`, `update_time`, `group_path`) VALUES ('122', '999971', 'contract', '15', '122', '{\"fieldParamType\": \"text\", \"length\": 64}', '违约说明', '1', '122', '2', '1', '2017-08-18 02:24:54', NULL, NULL, '/13/15');
INSERT INTO `eh_var_field_scopes` (`id`, `namespace_id`, `module_name`, `group_id`, `field_id`, `field_param`, `field_display_name`, `mandatory_flag`, `default_order`, `status`, `creator_uid`, `create_time`, `operator_uid`, `update_time`, `group_path`) VALUES ('123', '999971', 'contract', '15', '123', '{\"fieldParamType\": \"text\", \"length\": 32}', '免租期', '1', '123', '2', '1', '2017-08-18 02:24:54', NULL, NULL, '/13/15');
INSERT INTO `eh_var_field_scopes` (`id`, `namespace_id`, `module_name`, `group_id`, `field_id`, `field_param`, `field_display_name`, `mandatory_flag`, `default_order`, `status`, `creator_uid`, `create_time`, `operator_uid`, `update_time`, `group_path`) VALUES ('124', '999971', 'contract', '15', '124', '{\"fieldParamType\": \"text\", \"length\": 32}', '赠送车位数量', '1', '124', '2', '1', '2017-08-18 02:24:55', NULL, NULL, '/13/15');
INSERT INTO `eh_var_field_scopes` (`id`, `namespace_id`, `module_name`, `group_id`, `field_id`, `field_param`, `field_display_name`, `mandatory_flag`, `default_order`, `status`, `creator_uid`, `create_time`, `operator_uid`, `update_time`, `group_path`) VALUES ('125', '999971', 'contract', '15', '125', '{\"fieldParamType\": \"datetime\", \"length\": 32}', '装修开始日期', '1', '125', '2', '1', '2017-08-18 02:24:55', NULL, NULL, '/13/15');
INSERT INTO `eh_var_field_scopes` (`id`, `namespace_id`, `module_name`, `group_id`, `field_id`, `field_param`, `field_display_name`, `mandatory_flag`, `default_order`, `status`, `creator_uid`, `create_time`, `operator_uid`, `update_time`, `group_path`) VALUES ('126', '999971', 'contract', '15', '126', '{\"fieldParamType\": \"datetime\", \"length\": 32}', '装修结束日期', '1', '126', '2', '1', '2017-08-18 02:24:55', NULL, NULL, '/13/15');
INSERT INTO `eh_var_field_scopes` (`id`, `namespace_id`, `module_name`, `group_id`, `field_id`, `field_param`, `field_display_name`, `mandatory_flag`, `default_order`, `status`, `creator_uid`, `create_time`, `operator_uid`, `update_time`, `group_path`) VALUES ('127', '999971', 'contract', '15', '127', '{\"fieldParamType\": \"text\", \"length\": 32}', '首付总额', '1', '127', '2', '1', '2017-08-18 02:24:55', NULL, NULL, '/13/15');
INSERT INTO `eh_var_field_scopes` (`id`, `namespace_id`, `module_name`, `group_id`, `field_id`, `field_param`, `field_display_name`, `mandatory_flag`, `default_order`, `status`, `creator_uid`, `create_time`, `operator_uid`, `update_time`, `group_path`) VALUES ('128', '999971', 'contract', '15', '128', '{\"fieldParamType\": \"datetime\", \"length\": 32}', '首付截止日期', '1', '128', '2', '1', '2017-08-18 02:24:56', NULL, NULL, '/13/15');
INSERT INTO `eh_var_field_scopes` (`id`, `namespace_id`, `module_name`, `group_id`, `field_id`, `field_param`, `field_display_name`, `mandatory_flag`, `default_order`, `status`, `creator_uid`, `create_time`, `operator_uid`, `update_time`, `group_path`) VALUES ('129', '999971', 'contract', '15', '129', '{\"fieldParamType\": \"text\", \"length\": 32}', '佣金', '1', '129', '2', '1', '2017-08-18 02:24:56', NULL, NULL, '/13/15');
INSERT INTO `eh_var_field_scopes` (`id`, `namespace_id`, `module_name`, `group_id`, `field_id`, `field_param`, `field_display_name`, `mandatory_flag`, `default_order`, `status`, `creator_uid`, `create_time`, `operator_uid`, `update_time`, `group_path`) VALUES ('130', '999971', 'contract', '15', '130', '{\"fieldParamType\": \"select\", \"length\": 32}', '付款方式', '1', '130', '2', '1', '2017-08-18 02:24:56', NULL, NULL, '/13/15');
INSERT INTO `eh_var_field_scopes` (`id`, `namespace_id`, `module_name`, `group_id`, `field_id`, `field_param`, `field_display_name`, `mandatory_flag`, `default_order`, `status`, `creator_uid`, `create_time`, `operator_uid`, `update_time`, `group_path`) VALUES ('131', '999971', 'contract', '15', '131', '{\"fieldParamType\": \"select\", \"length\": 32}', '合同状态', '1', '131', '2', '1', '2017-08-18 02:24:56', NULL, NULL, '/13/15');
INSERT INTO `eh_var_field_scopes` (`id`, `namespace_id`, `module_name`, `group_id`, `field_id`, `field_param`, `field_display_name`, `mandatory_flag`, `default_order`, `status`, `creator_uid`, `create_time`, `operator_uid`, `update_time`, `group_path`) VALUES ('132', '999971', 'contract', '15', '132', '{\"fieldParamType\": \"text\", \"length\": 32}', '签约经办人', '1', '132', '2', '1', '2017-08-18 02:24:56', NULL, NULL, '/13/15');
INSERT INTO `eh_var_field_scopes` (`id`, `namespace_id`, `module_name`, `group_id`, `field_id`, `field_param`, `field_display_name`, `mandatory_flag`, `default_order`, `status`, `creator_uid`, `create_time`, `operator_uid`, `update_time`, `group_path`) VALUES ('133', '999971', 'contract', '15', '133', '{\"fieldParamType\": \"text\", \"length\": 64}', '作废原因', '1', '133', '2', '1', '2017-08-18 02:24:56', NULL, NULL, '/13/15');
INSERT INTO `eh_var_field_scopes` (`id`, `namespace_id`, `module_name`, `group_id`, `field_id`, `field_param`, `field_display_name`, `mandatory_flag`, `default_order`, `status`, `creator_uid`, `create_time`, `operator_uid`, `update_time`, `group_path`) VALUES ('134', '999971', 'contract', '15', '134', '{\"fieldParamType\": \"text\", \"length\": 64}', '退约原因', '1', '134', '2', '1', '2017-08-18 02:24:56', NULL, NULL, '/13/15');
INSERT INTO `eh_var_field_scopes` (`id`, `namespace_id`, `module_name`, `group_id`, `field_id`, `field_param`, `field_display_name`, `mandatory_flag`, `default_order`, `status`, `creator_uid`, `create_time`, `operator_uid`, `update_time`, `group_path`) VALUES ('135', '999971', 'contract', '15', '135', '{\"fieldParamType\": \"multiText\", \"length\": 2048}', '备注', '1', '135', '2', '1', '2017-08-18 02:24:56', NULL, NULL, '/13/15');
INSERT INTO `eh_var_field_scopes` (`id`, `namespace_id`, `module_name`, `group_id`, `field_id`, `field_param`, `field_display_name`, `mandatory_flag`, `default_order`, `status`, `creator_uid`, `create_time`, `operator_uid`, `update_time`, `group_path`) VALUES ('136', '999971', 'contract', '15', '136', '{\"fieldParamType\": \"file\", \"length\": 9}', '附件', '1', '136', '2', '1', '2017-08-18 02:24:56', NULL, NULL, '/13/15');
INSERT INTO `eh_var_field_scopes` (`id`, `namespace_id`, `module_name`, `group_id`, `field_id`, `field_param`, `field_display_name`, `mandatory_flag`, `default_order`, `status`, `creator_uid`, `create_time`, `operator_uid`, `update_time`, `group_path`) VALUES ('140', '999971', 'enterprise_customer', '4', '140', '{\"fieldParamType\": \"text\", \"length\": 32}', '姓名', '1', '1', '2', '1', '2017-08-19 09:14:28', NULL, NULL, '/4');
INSERT INTO `eh_var_field_scopes` (`id`, `namespace_id`, `module_name`, `group_id`, `field_id`, `field_param`, `field_display_name`, `mandatory_flag`, `default_order`, `status`, `creator_uid`, `create_time`, `operator_uid`, `update_time`, `group_path`) VALUES ('141', '999971', 'enterprise_customer', '4', '141', '{\"fieldParamType\": \"select\", \"length\": 32}', '性别', '2', '1', '2', '1', '2017-08-19 09:14:28', NULL, NULL, '/4');
INSERT INTO `eh_var_field_scopes` (`id`, `namespace_id`, `module_name`, `group_id`, `field_id`, `field_param`, `field_display_name`, `mandatory_flag`, `default_order`, `status`, `creator_uid`, `create_time`, `operator_uid`, `update_time`, `group_path`) VALUES ('142', '999971', 'enterprise_customer', '4', '142', '{\"fieldParamType\": \"text\", \"length\": 32}', '联系电话', '3', '1', '2', '1', '2017-08-19 09:14:28', NULL, NULL, '/4');
INSERT INTO `eh_var_field_scopes` (`id`, `namespace_id`, `module_name`, `group_id`, `field_id`, `field_param`, `field_display_name`, `mandatory_flag`, `default_order`, `status`, `creator_uid`, `create_time`, `operator_uid`, `update_time`, `group_path`) VALUES ('143', '999971', 'enterprise_customer', '4', '143', '{\"fieldParamType\": \"select\", \"length\": 32}', '国籍', '4', '1', '2', '1', '2017-08-19 09:14:28', NULL, NULL, '/4');
INSERT INTO `eh_var_field_scopes` (`id`, `namespace_id`, `module_name`, `group_id`, `field_id`, `field_param`, `field_display_name`, `mandatory_flag`, `default_order`, `status`, `creator_uid`, `create_time`, `operator_uid`, `update_time`, `group_path`) VALUES ('144', '999971', 'enterprise_customer', '4', '144', '{\"fieldParamType\": \"select\", \"length\": 32}', '最高学历', '5', '1', '2', '1', '2017-08-19 09:14:28', NULL, NULL, '/4');
INSERT INTO `eh_var_field_scopes` (`id`, `namespace_id`, `module_name`, `group_id`, `field_id`, `field_param`, `field_display_name`, `mandatory_flag`, `default_order`, `status`, `creator_uid`, `create_time`, `operator_uid`, `update_time`, `group_path`) VALUES ('145', '999971', 'enterprise_customer', '4', '145', '{\"fieldParamType\": \"text\", \"length\": 32}', '毕业学校', '6', '1', '2', '1', '2017-08-19 09:14:28', NULL, NULL, '/4');
INSERT INTO `eh_var_field_scopes` (`id`, `namespace_id`, `module_name`, `group_id`, `field_id`, `field_param`, `field_display_name`, `mandatory_flag`, `default_order`, `status`, `creator_uid`, `create_time`, `operator_uid`, `update_time`, `group_path`) VALUES ('146', '999971', 'enterprise_customer', '4', '146', '{\"fieldParamType\": \"text\", \"length\": 32}', '所属专业', '7', '1', '2', '1', '2017-08-19 09:14:28', NULL, NULL, '/4');
INSERT INTO `eh_var_field_scopes` (`id`, `namespace_id`, `module_name`, `group_id`, `field_id`, `field_param`, `field_display_name`, `mandatory_flag`, `default_order`, `status`, `creator_uid`, `create_time`, `operator_uid`, `update_time`, `group_path`) VALUES ('147', '999971', 'enterprise_customer', '4', '147', '{\"fieldParamType\": \"text\", \"length\": 32}', '工作经验(年)', '8', '1', '2', '1', '2017-08-19 09:14:28', NULL, NULL, '/4');
INSERT INTO `eh_var_field_scopes` (`id`, `namespace_id`, `module_name`, `group_id`, `field_id`, `field_param`, `field_display_name`, `mandatory_flag`, `default_order`, `status`, `creator_uid`, `create_time`, `operator_uid`, `update_time`, `group_path`) VALUES ('148', '999971', 'enterprise_customer', '4', '148', '{\"fieldParamType\": \"select\", \"length\": 32}', '是否海归', '9', '1', '2', '1', '2017-08-19 09:14:29', NULL, NULL, '/4');
INSERT INTO `eh_var_field_scopes` (`id`, `namespace_id`, `module_name`, `group_id`, `field_id`, `field_param`, `field_display_name`, `mandatory_flag`, `default_order`, `status`, `creator_uid`, `create_time`, `operator_uid`, `update_time`, `group_path`) VALUES ('149', '999971', 'enterprise_customer', '4', '149', '{\"fieldParamType\": \"select\", \"length\": 32}', '留学国家', '10', '1', '2', '1', '2017-08-19 09:14:29', NULL, NULL, '/4');
INSERT INTO `eh_var_field_scopes` (`id`, `namespace_id`, `module_name`, `group_id`, `field_id`, `field_param`, `field_display_name`, `mandatory_flag`, `default_order`, `status`, `creator_uid`, `create_time`, `operator_uid`, `update_time`, `group_path`) VALUES ('150', '999971', 'enterprise_customer', '4', '150', '{\"fieldParamType\": \"text\", \"length\": 32}', '聘任职务', '11', '1', '2', '1', '2017-08-19 09:14:29', NULL, NULL, '/4');
INSERT INTO `eh_var_field_scopes` (`id`, `namespace_id`, `module_name`, `group_id`, `field_id`, `field_param`, `field_display_name`, `mandatory_flag`, `default_order`, `status`, `creator_uid`, `create_time`, `operator_uid`, `update_time`, `group_path`) VALUES ('151', '999971', 'enterprise_customer', '4', '151', '{\"fieldParamType\": \"select\", \"length\": 32}', '技术职称', '12', '1', '2', '1', '2017-08-19 09:14:29', NULL, NULL, '/4');
INSERT INTO `eh_var_field_scopes` (`id`, `namespace_id`, `module_name`, `group_id`, `field_id`, `field_param`, `field_display_name`, `mandatory_flag`, `default_order`, `status`, `creator_uid`, `create_time`, `operator_uid`, `update_time`, `group_path`) VALUES ('152', '999971', 'enterprise_customer', '4', '152', '{\"fieldParamType\": \"select\", \"length\": 32}', '个人评定', '13', '1', '2', '1', '2017-08-19 09:14:29', NULL, NULL, '/4');
INSERT INTO `eh_var_field_scopes` (`id`, `namespace_id`, `module_name`, `group_id`, `field_id`, `field_param`, `field_display_name`, `mandatory_flag`, `default_order`, `status`, `creator_uid`, `create_time`, `operator_uid`, `update_time`, `group_path`) VALUES ('153', '999971', 'enterprise_customer', '4', '153', '{\"fieldParamType\": \"text\", \"length\": 64}', '个人证书', '14', '1', '2', '1', '2017-08-19 09:14:29', NULL, NULL, '/4');
INSERT INTO `eh_var_field_scopes` (`id`, `namespace_id`, `module_name`, `group_id`, `field_id`, `field_param`, `field_display_name`, `mandatory_flag`, `default_order`, `status`, `creator_uid`, `create_time`, `operator_uid`, `update_time`, `group_path`) VALUES ('154', '999971', 'enterprise_customer', '4', '154', '{\"fieldParamType\": \"text\", \"length\": 2048}', '主要职业经历', '15', '1', '2', '1', '2017-08-19 09:14:29', NULL, NULL, '/4');
INSERT INTO `eh_var_field_scopes` (`id`, `namespace_id`, `module_name`, `group_id`, `field_id`, `field_param`, `field_display_name`, `mandatory_flag`, `default_order`, `status`, `creator_uid`, `create_time`, `operator_uid`, `update_time`, `group_path`) VALUES ('155', '999971', 'enterprise_customer', '4', '155', '{\"fieldParamType\": \"multiText\", \"length\": 2048}', '人才备注', '16', '1', '2', '1', '2017-08-19 09:14:29', NULL, NULL, '/4');
INSERT INTO `eh_var_field_scopes` (`id`, `namespace_id`, `module_name`, `group_id`, `field_id`, `field_param`, `field_display_name`, `mandatory_flag`, `default_order`, `status`, `creator_uid`, `create_time`, `operator_uid`, `update_time`, `group_path`) VALUES ('156', '999971', 'enterprise_customer', '6', '156', '{\"fieldParamType\": \"text\", \"length\": 32}', '项目名称', '1', '1', '2', '1', '2017-08-19 09:48:57', NULL, NULL, '/6');
INSERT INTO `eh_var_field_scopes` (`id`, `namespace_id`, `module_name`, `group_id`, `field_id`, `field_param`, `field_display_name`, `mandatory_flag`, `default_order`, `status`, `creator_uid`, `create_time`, `operator_uid`, `update_time`, `group_path`) VALUES ('157', '999971', 'enterprise_customer', '6', '157', '{\"fieldParamType\": \"select\", \"length\": 32}', '项目来源', '1', '2', '2', '1', '2017-08-19 09:48:57', NULL, NULL, '/6');
INSERT INTO `eh_var_field_scopes` (`id`, `namespace_id`, `module_name`, `group_id`, `field_id`, `field_param`, `field_display_name`, `mandatory_flag`, `default_order`, `status`, `creator_uid`, `create_time`, `operator_uid`, `update_time`, `group_path`) VALUES ('158', '999971', 'enterprise_customer', '6', '158', '{\"fieldParamType\": \"datetime\", \"length\": 32}', '项目立项日期', '1', '3', '2', '1', '2017-08-19 09:48:57', NULL, NULL, '/6');
INSERT INTO `eh_var_field_scopes` (`id`, `namespace_id`, `module_name`, `group_id`, `field_id`, `field_param`, `field_display_name`, `mandatory_flag`, `default_order`, `status`, `creator_uid`, `create_time`, `operator_uid`, `update_time`, `group_path`) VALUES ('159', '999971', 'enterprise_customer', '6', '159', '{\"fieldParamType\": \"datetime\", \"length\": 32}', '项目完成日期', '1', '4', '2', '1', '2017-08-19 09:48:57', NULL, NULL, '/6');
INSERT INTO `eh_var_field_scopes` (`id`, `namespace_id`, `module_name`, `group_id`, `field_id`, `field_param`, `field_display_name`, `mandatory_flag`, `default_order`, `status`, `creator_uid`, `create_time`, `operator_uid`, `update_time`, `group_path`) VALUES ('160', '999971', 'enterprise_customer', '6', '160', '{\"fieldParamType\": \"text\", \"length\": 32}', '获批项目金额', '1', '5', '2', '1', '2017-08-19 09:48:57', NULL, NULL, '/6');
INSERT INTO `eh_var_field_scopes` (`id`, `namespace_id`, `module_name`, `group_id`, `field_id`, `field_param`, `field_display_name`, `mandatory_flag`, `default_order`, `status`, `creator_uid`, `create_time`, `operator_uid`, `update_time`, `group_path`) VALUES ('161', '999971', 'enterprise_customer', '5', '161', '{\"fieldParamType\": \"text\", \"length\": 32}', '商标名称', '1', '1', '2', '1', '2017-08-23 10:56:15', NULL, NULL, '/17/5');
INSERT INTO `eh_var_field_scopes` (`id`, `namespace_id`, `module_name`, `group_id`, `field_id`, `field_param`, `field_display_name`, `mandatory_flag`, `default_order`, `status`, `creator_uid`, `create_time`, `operator_uid`, `update_time`, `group_path`) VALUES ('162', '999971', 'enterprise_customer', '5', '162', '{\"fieldParamType\": \"datetime\", \"length\": 32}', '注册日期', '1', '2', '2', '1', '2017-08-23 10:56:15', NULL, NULL, '/17/5');
INSERT INTO `eh_var_field_scopes` (`id`, `namespace_id`, `module_name`, `group_id`, `field_id`, `field_param`, `field_display_name`, `mandatory_flag`, `default_order`, `status`, `creator_uid`, `create_time`, `operator_uid`, `update_time`, `group_path`) VALUES ('163', '999971', 'enterprise_customer', '5', '163', '{\"fieldParamType\": \"select\", \"length\": 32}', '商标类型', '1', '3', '2', '1', '2017-08-23 10:56:16', NULL, NULL, '/17/5');
INSERT INTO `eh_var_field_scopes` (`id`, `namespace_id`, `module_name`, `group_id`, `field_id`, `field_param`, `field_display_name`, `mandatory_flag`, `default_order`, `status`, `creator_uid`, `create_time`, `operator_uid`, `update_time`, `group_path`) VALUES ('164', '999971', 'enterprise_customer', '5', '164', '{\"fieldParamType\": \"text\", \"length\": 32}', '商标数量', '1', '4', '2', '1', '2017-08-23 10:56:16', NULL, NULL, '/17/5');
INSERT INTO `eh_var_field_scopes` (`id`, `namespace_id`, `module_name`, `group_id`, `field_id`, `field_param`, `field_display_name`, `mandatory_flag`, `default_order`, `status`, `creator_uid`, `create_time`, `operator_uid`, `update_time`, `group_path`) VALUES ('166', '999971', 'enterprise_customer', '16', '166', '{\"fieldParamType\": \"text\", \"length\": 32}', '专利名称', '1', '2', '2', '1', '2017-08-24 01:20:50', NULL, NULL, '/17/16');
INSERT INTO `eh_var_field_scopes` (`id`, `namespace_id`, `module_name`, `group_id`, `field_id`, `field_param`, `field_display_name`, `mandatory_flag`, `default_order`, `status`, `creator_uid`, `create_time`, `operator_uid`, `update_time`, `group_path`) VALUES ('167', '999971', 'enterprise_customer', '16', '167', '{\"fieldParamType\": \"text\", \"length\": 32}', '授权号', '1', '3', '2', '1', '2017-08-24 01:20:50', NULL, NULL, '/17/16');
INSERT INTO `eh_var_field_scopes` (`id`, `namespace_id`, `module_name`, `group_id`, `field_id`, `field_param`, `field_display_name`, `mandatory_flag`, `default_order`, `status`, `creator_uid`, `create_time`, `operator_uid`, `update_time`, `group_path`) VALUES ('168', '999971', 'enterprise_customer', '16', '168', '{\"fieldParamType\": \"datetime\", \"length\": 32}', '注册日期', '1', '4', '2', '1', '2017-08-24 01:20:50', NULL, NULL, '/17/16');
INSERT INTO `eh_var_field_scopes` (`id`, `namespace_id`, `module_name`, `group_id`, `field_id`, `field_param`, `field_display_name`, `mandatory_flag`, `default_order`, `status`, `creator_uid`, `create_time`, `operator_uid`, `update_time`, `group_path`) VALUES ('169', '999971', 'enterprise_customer', '16', '169', '{\"fieldParamType\": \"select\", \"length\": 32}', '专利类型', '1', '5', '2', '1', '2017-08-24 01:20:50', NULL, NULL, '/17/16');
INSERT INTO `eh_var_field_scopes` (`id`, `namespace_id`, `module_name`, `group_id`, `field_id`, `field_param`, `field_display_name`, `mandatory_flag`, `default_order`, `status`, `creator_uid`, `create_time`, `operator_uid`, `update_time`, `group_path`) VALUES ('170', '999971', 'enterprise_customer', '16', '170', '{\"fieldParamType\": \"select\", \"length\": 32}', '专利状态', '1', '6', '2', '1', '2017-08-24 01:20:52', NULL, NULL, '/17/16');
INSERT INTO `eh_var_field_scopes` (`id`, `namespace_id`, `module_name`, `group_id`, `field_id`, `field_param`, `field_display_name`, `mandatory_flag`, `default_order`, `status`, `creator_uid`, `create_time`, `operator_uid`, `update_time`, `group_path`) VALUES ('171', '999971', 'enterprise_customer', '7', '171', '{\"fieldParamType\": \"select\", \"length\": 32}', '企业类型', '1', '1', '2', '1', '2017-08-24 04:26:20', NULL, NULL, '/7');
INSERT INTO `eh_var_field_scopes` (`id`, `namespace_id`, `module_name`, `group_id`, `field_id`, `field_param`, `field_display_name`, `mandatory_flag`, `default_order`, `status`, `creator_uid`, `create_time`, `operator_uid`, `update_time`, `group_path`) VALUES ('172', '999971', 'enterprise_customer', '7', '172', '{\"fieldParamType\": \"select\", \"length\": 32}', '控股情况', '1', '2', '2', '1', '2017-08-24 04:26:22', NULL, NULL, '/7');
INSERT INTO `eh_var_field_scopes` (`id`, `namespace_id`, `module_name`, `group_id`, `field_id`, `field_param`, `field_display_name`, `mandatory_flag`, `default_order`, `status`, `creator_uid`, `create_time`, `operator_uid`, `update_time`, `group_path`) VALUES ('173', '999971', 'enterprise_customer', '7', '173', '{\"fieldParamType\": \"text\", \"length\": 32}', '联系人', '1', '2', '2', '1', '2017-08-24 04:26:23', NULL, NULL, '/7');
INSERT INTO `eh_var_field_scopes` (`id`, `namespace_id`, `module_name`, `group_id`, `field_id`, `field_param`, `field_display_name`, `mandatory_flag`, `default_order`, `status`, `creator_uid`, `create_time`, `operator_uid`, `update_time`, `group_path`) VALUES ('174', '999971', 'enterprise_customer', '7', '174', '{\"fieldParamType\": \"text\", \"length\": 32}', '联系人电话', '1', '2', '2', '1', '2017-08-24 04:26:23', NULL, NULL, '/7');
INSERT INTO `eh_var_field_scopes` (`id`, `namespace_id`, `module_name`, `group_id`, `field_id`, `field_param`, `field_display_name`, `mandatory_flag`, `default_order`, `status`, `creator_uid`, `create_time`, `operator_uid`, `update_time`, `group_path`) VALUES ('175', '999971', 'enterprise_customer', '7', '175', '{\"fieldParamType\": \"text\", \"length\": 32}', '统一社会信用代码', '1', '2', '2', '1', '2017-08-24 04:26:23', NULL, NULL, '/7');
INSERT INTO `eh_var_field_scopes` (`id`, `namespace_id`, `module_name`, `group_id`, `field_id`, `field_param`, `field_display_name`, `mandatory_flag`, `default_order`, `status`, `creator_uid`, `create_time`, `operator_uid`, `update_time`, `group_path`) VALUES ('176', '999971', 'enterprise_customer', '7', '176', '{\"fieldParamType\": \"text\", \"length\": 32}', '主营业务', '1', '2', '2', '1', '2017-08-24 04:26:24', NULL, NULL, '/7');
INSERT INTO `eh_var_field_scopes` (`id`, `namespace_id`, `module_name`, `group_id`, `field_id`, `field_param`, `field_display_name`, `mandatory_flag`, `default_order`, `status`, `creator_uid`, `create_time`, `operator_uid`, `update_time`, `group_path`) VALUES ('177', '999971', 'enterprise_customer', '7', '177', '{\"fieldParamType\": \"datetime\", \"length\": 32}', '成立日期', '1', '2', '2', '1', '2017-08-24 04:26:24', NULL, NULL, '/7');
INSERT INTO `eh_var_field_scopes` (`id`, `namespace_id`, `module_name`, `group_id`, `field_id`, `field_param`, `field_display_name`, `mandatory_flag`, `default_order`, `status`, `creator_uid`, `create_time`, `operator_uid`, `update_time`, `group_path`) VALUES ('178', '999971', 'enterprise_customer', '7', '178', '{\"fieldParamType\": \"datetime\", \"length\": 32}', '税务登记日期', '1', '2', '2', '1', '2017-08-24 04:26:24', NULL, NULL, '/7');
INSERT INTO `eh_var_field_scopes` (`id`, `namespace_id`, `module_name`, `group_id`, `field_id`, `field_param`, `field_display_name`, `mandatory_flag`, `default_order`, `status`, `creator_uid`, `create_time`, `operator_uid`, `update_time`, `group_path`) VALUES ('179', '999971', 'enterprise_customer', '7', '179', '{\"fieldParamType\": \"datetime\", \"length\": 32}', '有效开始日期', '1', '2', '2', '1', '2017-08-24 04:26:24', NULL, NULL, '/7');
INSERT INTO `eh_var_field_scopes` (`id`, `namespace_id`, `module_name`, `group_id`, `field_id`, `field_param`, `field_display_name`, `mandatory_flag`, `default_order`, `status`, `creator_uid`, `create_time`, `operator_uid`, `update_time`, `group_path`) VALUES ('180', '999971', 'enterprise_customer', '7', '180', '{\"fieldParamType\": \"datetime\", \"length\": 32}', '有效截止日期', '1', '2', '2', '1', '2017-08-24 04:26:24', NULL, NULL, '/7');
INSERT INTO `eh_var_field_scopes` (`id`, `namespace_id`, `module_name`, `group_id`, `field_id`, `field_param`, `field_display_name`, `mandatory_flag`, `default_order`, `status`, `creator_uid`, `create_time`, `operator_uid`, `update_time`, `group_path`) VALUES ('181', '999971', 'enterprise_customer', '7', '181', '{\"fieldParamType\": \"datetime\", \"length\": 32}', '变更日期', '1', '2', '2', '1', '2017-08-24 04:26:24', NULL, NULL, '/7');
INSERT INTO `eh_var_field_scopes` (`id`, `namespace_id`, `module_name`, `group_id`, `field_id`, `field_param`, `field_display_name`, `mandatory_flag`, `default_order`, `status`, `creator_uid`, `create_time`, `operator_uid`, `update_time`, `group_path`) VALUES ('182', '999971', 'enterprise_customer', '7', '182', '{\"fieldParamType\": \"datetime\", \"length\": 32}', '出营业执照日期', '1', '2', '2', '1', '2017-08-24 04:26:24', NULL, NULL, '/7');
INSERT INTO `eh_var_field_scopes` (`id`, `namespace_id`, `module_name`, `group_id`, `field_id`, `field_param`, `field_display_name`, `mandatory_flag`, `default_order`, `status`, `creator_uid`, `create_time`, `operator_uid`, `update_time`, `group_path`) VALUES ('183', '999971', 'enterprise_customer', '7', '183', '{\"fieldParamType\": \"datetime\", \"length\": 32}', '清算组备案日期', '1', '2', '2', '1', '2017-08-24 04:26:24', NULL, NULL, '/7');
INSERT INTO `eh_var_field_scopes` (`id`, `namespace_id`, `module_name`, `group_id`, `field_id`, `field_param`, `field_display_name`, `mandatory_flag`, `default_order`, `status`, `creator_uid`, `create_time`, `operator_uid`, `update_time`, `group_path`) VALUES ('184', '999971', 'enterprise_customer', '7', '184', '{\"fieldParamType\": \"datetime\", \"length\": 32}', '注销日期', '1', '2', '2', '1', '2017-08-24 04:26:24', NULL, NULL, '/7');
INSERT INTO `eh_var_field_scopes` (`id`, `namespace_id`, `module_name`, `group_id`, `field_id`, `field_param`, `field_display_name`, `mandatory_flag`, `default_order`, `status`, `creator_uid`, `create_time`, `operator_uid`, `update_time`, `group_path`) VALUES ('185', '999971', 'enterprise_customer', '7', '185', '{\"fieldParamType\": \"text\", \"length\": 32}', '注册地址', '1', '2', '2', '1', '2017-08-24 04:26:24', NULL, NULL, '/7');
INSERT INTO `eh_var_field_scopes` (`id`, `namespace_id`, `module_name`, `group_id`, `field_id`, `field_param`, `field_display_name`, `mandatory_flag`, `default_order`, `status`, `creator_uid`, `create_time`, `operator_uid`, `update_time`, `group_path`) VALUES ('186', '999971', 'enterprise_customer', '7', '186', '{\"fieldParamType\": \"text\", \"length\": 32}', '注册资金', '1', '2', '2', '1', '2017-08-24 04:26:25', NULL, NULL, '/7');
INSERT INTO `eh_var_field_scopes` (`id`, `namespace_id`, `module_name`, `group_id`, `field_id`, `field_param`, `field_display_name`, `mandatory_flag`, `default_order`, `status`, `creator_uid`, `create_time`, `operator_uid`, `update_time`, `group_path`) VALUES ('187', '999971', 'enterprise_customer', '7', '187', '{\"fieldParamType\": \"text\", \"length\": 32}', '实到资金', '1', '2', '2', '1', '2017-08-24 04:26:25', NULL, NULL, '/7');
INSERT INTO `eh_var_field_scopes` (`id`, `namespace_id`, `module_name`, `group_id`, `field_id`, `field_param`, `field_display_name`, `mandatory_flag`, `default_order`, `status`, `creator_uid`, `create_time`, `operator_uid`, `update_time`, `group_path`) VALUES ('188', '999971', 'enterprise_customer', '7', '188', '{\"fieldParamType\": \"select\", \"length\": 32}', '房产性质', '1', '2', '2', '1', '2017-08-24 04:26:25', NULL, NULL, '/7');
INSERT INTO `eh_var_field_scopes` (`id`, `namespace_id`, `module_name`, `group_id`, `field_id`, `field_param`, `field_display_name`, `mandatory_flag`, `default_order`, `status`, `creator_uid`, `create_time`, `operator_uid`, `update_time`, `group_path`) VALUES ('189', '999971', 'enterprise_customer', '8', '189', '{\"fieldParamType\": \"text\", \"length\": 32}', '获得政府扶持项目', '1', '2', '2', '1', '2017-08-24 12:40:45', NULL, NULL, '/8');
INSERT INTO `eh_var_field_scopes` (`id`, `namespace_id`, `module_name`, `group_id`, `field_id`, `field_param`, `field_display_name`, `mandatory_flag`, `default_order`, `status`, `creator_uid`, `create_time`, `operator_uid`, `update_time`, `group_path`) VALUES ('190', '999971', 'enterprise_customer', '8', '190', '{\"fieldParamType\": \"text\", \"length\": 32}', '银行贷款', '1', '2', '2', '1', '2017-08-24 12:40:46', NULL, NULL, '/8');
INSERT INTO `eh_var_field_scopes` (`id`, `namespace_id`, `module_name`, `group_id`, `field_id`, `field_param`, `field_display_name`, `mandatory_flag`, `default_order`, `status`, `creator_uid`, `create_time`, `operator_uid`, `update_time`, `group_path`) VALUES ('191', '999971', 'enterprise_customer', '8', '191', '{\"fieldParamType\": \"text\", \"length\": 32}', '股权融资', '1', '2', '2', '1', '2017-08-24 12:40:46', NULL, NULL, '/8');
INSERT INTO `eh_var_field_scopes` (`id`, `namespace_id`, `module_name`, `group_id`, `field_id`, `field_param`, `field_display_name`, `mandatory_flag`, `default_order`, `status`, `creator_uid`, `create_time`, `operator_uid`, `update_time`, `group_path`) VALUES ('192', '999971', 'enterprise_customer', '9', '192', '{\"fieldParamType\": \"text\", \"length\": 32}', '资产总计', '1', '2', '2', '1', '2017-08-25 02:27:27', NULL, NULL, '/9');
INSERT INTO `eh_var_field_scopes` (`id`, `namespace_id`, `module_name`, `group_id`, `field_id`, `field_param`, `field_display_name`, `mandatory_flag`, `default_order`, `status`, `creator_uid`, `create_time`, `operator_uid`, `update_time`, `group_path`) VALUES ('193', '999971', 'enterprise_customer', '9', '193', '{\"fieldParamType\": \"text\", \"length\": 32}', '利润总额', '1', '2', '2', '1', '2017-08-25 02:27:28', NULL, NULL, '/9');
INSERT INTO `eh_var_field_scopes` (`id`, `namespace_id`, `module_name`, `group_id`, `field_id`, `field_param`, `field_display_name`, `mandatory_flag`, `default_order`, `status`, `creator_uid`, `create_time`, `operator_uid`, `update_time`, `group_path`) VALUES ('194', '999971', 'enterprise_customer', '9', '194', '{\"fieldParamType\": \"text\", \"length\": 32}', '销售额', '1', '2', '2', '1', '2017-08-25 02:27:28', NULL, NULL, '/9');
INSERT INTO `eh_var_field_scopes` (`id`, `namespace_id`, `module_name`, `group_id`, `field_id`, `field_param`, `field_display_name`, `mandatory_flag`, `default_order`, `status`, `creator_uid`, `create_time`, `operator_uid`, `update_time`, `group_path`) VALUES ('195', '999971', 'enterprise_customer', '9', '195', '{\"fieldParamType\": \"text\", \"length\": 32}', '营业额', '1', '2', '2', '1', '2017-08-25 02:27:28', NULL, NULL, '/9');
INSERT INTO `eh_var_field_scopes` (`id`, `namespace_id`, `module_name`, `group_id`, `field_id`, `field_param`, `field_display_name`, `mandatory_flag`, `default_order`, `status`, `creator_uid`, `create_time`, `operator_uid`, `update_time`, `group_path`) VALUES ('196', '999971', 'enterprise_customer', '9', '196', '{\"fieldParamType\": \"text\", \"length\": 32}', '税收指标', '1', '2', '2', '1', '2017-08-25 02:27:28', NULL, NULL, '/9');
INSERT INTO `eh_var_field_scopes` (`id`, `namespace_id`, `module_name`, `group_id`, `field_id`, `field_param`, `field_display_name`, `mandatory_flag`, `default_order`, `status`, `creator_uid`, `create_time`, `operator_uid`, `update_time`, `group_path`) VALUES ('197', '999971', 'enterprise_customer', '9', '197', '{\"fieldParamType\": \"text\", \"length\": 32}', '纳税额', '1', '2', '2', '1', '2017-08-25 02:27:29', NULL, NULL, '/9');
INSERT INTO `eh_var_field_scopes` (`id`, `namespace_id`, `module_name`, `group_id`, `field_id`, `field_param`, `field_display_name`, `mandatory_flag`, `default_order`, `status`, `creator_uid`, `create_time`, `operator_uid`, `update_time`, `group_path`) VALUES ('198', '999971', 'enterprise_customer', '9', '198', '{\"fieldParamType\": \"text\", \"length\": 32}', '增值税', '1', '2', '2', '1', '2017-08-25 02:27:29', NULL, NULL, '/9');
INSERT INTO `eh_var_field_scopes` (`id`, `namespace_id`, `module_name`, `group_id`, `field_id`, `field_param`, `field_display_name`, `mandatory_flag`, `default_order`, `status`, `creator_uid`, `create_time`, `operator_uid`, `update_time`, `group_path`) VALUES ('199', '999971', 'enterprise_customer', '9', '199', '{\"fieldParamType\": \"text\", \"length\": 32}', '营业税', '1', '2', '2', '1', '2017-08-25 02:27:29', NULL, NULL, '/9');
INSERT INTO `eh_var_field_scopes` (`id`, `namespace_id`, `module_name`, `group_id`, `field_id`, `field_param`, `field_display_name`, `mandatory_flag`, `default_order`, `status`, `creator_uid`, `create_time`, `operator_uid`, `update_time`, `group_path`) VALUES ('200', '999971', 'enterprise_customer', '9', '200', '{\"fieldParamType\": \"text\", \"length\": 32}', '企业所得税', '1', '2', '2', '1', '2017-08-25 02:27:29', NULL, NULL, '/9');
INSERT INTO `eh_var_field_scopes` (`id`, `namespace_id`, `module_name`, `group_id`, `field_id`, `field_param`, `field_display_name`, `mandatory_flag`, `default_order`, `status`, `creator_uid`, `create_time`, `operator_uid`, `update_time`, `group_path`) VALUES ('201', '999971', 'enterprise_customer', '9', '201', '{\"fieldParamType\": \"text\", \"length\": 32}', '外企所得税', '1', '2', '2', '1', '2017-08-25 02:27:29', NULL, NULL, '/9');
INSERT INTO `eh_var_field_scopes` (`id`, `namespace_id`, `module_name`, `group_id`, `field_id`, `field_param`, `field_display_name`, `mandatory_flag`, `default_order`, `status`, `creator_uid`, `create_time`, `operator_uid`, `update_time`, `group_path`) VALUES ('202', '999971', 'enterprise_customer', '9', '202', '{\"fieldParamType\": \"text\", \"length\": 32}', '个人所得税', '1', '2', '2', '1', '2017-08-25 02:27:30', NULL, NULL, '/9');
INSERT INTO `eh_var_field_scopes` (`id`, `namespace_id`, `module_name`, `group_id`, `field_id`, `field_param`, `field_display_name`, `mandatory_flag`, `default_order`, `status`, `creator_uid`, `create_time`, `operator_uid`, `update_time`, `group_path`) VALUES ('203', '999971', 'enterprise_customer', '9', '203', '{\"fieldParamType\": \"text\", \"length\": 32}', '税费合计', '1', '2', '2', '1', '2017-08-25 02:27:30', NULL, NULL, '/9');
INSERT INTO `eh_var_field_scopes` (`id`, `namespace_id`, `module_name`, `group_id`, `field_id`, `field_param`, `field_display_name`, `mandatory_flag`, `default_order`, `status`, `creator_uid`, `create_time`, `operator_uid`, `update_time`, `group_path`) VALUES ('204', '999971', 'enterprise_customer', '18', '204', '{\"fieldParamType\": \"text\", \"length\": 32}', '证书名称', '1', '1', '2', '1', '2017-08-23 10:56:15', NULL, NULL, '/17/18');
INSERT INTO `eh_var_field_scopes` (`id`, `namespace_id`, `module_name`, `group_id`, `field_id`, `field_param`, `field_display_name`, `mandatory_flag`, `default_order`, `status`, `creator_uid`, `create_time`, `operator_uid`, `update_time`, `group_path`) VALUES ('205', '999971', 'enterprise_customer', '18', '205', '{\"fieldParamType\": \"text\", \"length\": 32}', '证书编号', '1', '2', '2', '1', '2017-08-23 10:56:15', NULL, NULL, '/17/18');
INSERT INTO `eh_var_field_scopes` (`id`, `namespace_id`, `module_name`, `group_id`, `field_id`, `field_param`, `field_display_name`, `mandatory_flag`, `default_order`, `status`, `creator_uid`, `create_time`, `operator_uid`, `update_time`, `group_path`) VALUES ('206', '999971', 'enterprise_customer', '18', '206', '{\"fieldParamType\": \"datetime\", \"length\": 32}', '获得日期', '1', '3', '2', '1', '2017-08-23 10:56:15', NULL, NULL, '/17/18');
INSERT INTO `eh_var_field_scopes` (`id`, `namespace_id`, `module_name`, `group_id`, `field_id`, `field_param`, `field_display_name`, `mandatory_flag`, `default_order`, `status`, `creator_uid`, `create_time`, `operator_uid`, `update_time`, `group_path`) VALUES ('207', '999971', 'contract', '14', '207', '{\"fieldParamType\": \"text\", \"length\": 32}', '租赁周期', '1', '112', '2', '1', '2017-08-18 02:24:52', NULL, NULL, '/13/14');
INSERT INTO `eh_var_field_scopes` (`id`, `namespace_id`, `module_name`, `group_id`, `field_id`, `field_param`, `field_display_name`, `mandatory_flag`, `default_order`, `status`, `creator_uid`, `create_time`, `operator_uid`, `update_time`, `group_path`) VALUES ('208', '999971', 'enterprise_customer', '6', '208', '{\"fieldParamType\": \"select\", \"length\": 32}', '项目状态', '1', '6', '2', '1', '2017-08-19 09:48:57', NULL, NULL, '/6');

SET @field_scopes_id = (SELECT MAX(id) FROM `eh_var_field_scopes`);
INSERT INTO `eh_var_field_scopes` (`id`, `namespace_id`, `module_name`, `group_id`, `field_id`, `field_param`, `field_display_name`, `mandatory_flag`, `default_order`, `status`, `creator_uid`, `create_time`, `operator_uid`, `update_time`, `group_path`) VALUES ((@field_scopes_id := @field_scopes_id + 1), '999973', 'enterprise_customer', '10', '1', '{\"fieldParamType\": \"text\", \"length\": 32}', '客户编号', '1', '1', '2', '1', '2017-08-18 02:24:31', NULL, NULL, '/1/10');
INSERT INTO `eh_var_field_scopes` (`id`, `namespace_id`, `module_name`, `group_id`, `field_id`, `field_param`, `field_display_name`, `mandatory_flag`, `default_order`, `status`, `creator_uid`, `create_time`, `operator_uid`, `update_time`, `group_path`) VALUES ((@field_scopes_id := @field_scopes_id + 1), '999973', 'enterprise_customer', '10', '2', '{\"fieldParamType\": \"text\", \"length\": 32}', '客户名称', '1', '2', '2', '1', '2017-08-18 02:24:31', NULL, NULL, '/1/10');
INSERT INTO `eh_var_field_scopes` (`id`, `namespace_id`, `module_name`, `group_id`, `field_id`, `field_param`, `field_display_name`, `mandatory_flag`, `default_order`, `status`, `creator_uid`, `create_time`, `operator_uid`, `update_time`, `group_path`) VALUES ((@field_scopes_id := @field_scopes_id + 1), '999973', 'enterprise_customer', '10', '3', '{\"fieldParamType\": \"text\", \"length\": 32}', '简称', '1', '3', '2', '1', '2017-08-18 02:24:31', NULL, NULL, '/1/10');
INSERT INTO `eh_var_field_scopes` (`id`, `namespace_id`, `module_name`, `group_id`, `field_id`, `field_param`, `field_display_name`, `mandatory_flag`, `default_order`, `status`, `creator_uid`, `create_time`, `operator_uid`, `update_time`, `group_path`) VALUES ((@field_scopes_id := @field_scopes_id + 1), '999973', 'enterprise_customer', '10', '4', '{\"fieldParamType\": \"select\", \"length\": 32}', '客户类型', '1', '4', '2', '1', '2017-08-18 02:24:31', NULL, NULL, '/1/10');
INSERT INTO `eh_var_field_scopes` (`id`, `namespace_id`, `module_name`, `group_id`, `field_id`, `field_param`, `field_display_name`, `mandatory_flag`, `default_order`, `status`, `creator_uid`, `create_time`, `operator_uid`, `update_time`, `group_path`) VALUES ((@field_scopes_id := @field_scopes_id + 1), '999973', 'enterprise_customer', '10', '5', '{\"fieldParamType\": \"select\", \"length\": 32}', '客户级别', '1', '5', '2', '1', '2017-08-18 02:24:32', NULL, NULL, '/1/10');
INSERT INTO `eh_var_field_scopes` (`id`, `namespace_id`, `module_name`, `group_id`, `field_id`, `field_param`, `field_display_name`, `mandatory_flag`, `default_order`, `status`, `creator_uid`, `create_time`, `operator_uid`, `update_time`, `group_path`) VALUES ((@field_scopes_id := @field_scopes_id + 1), '999973', 'enterprise_customer', '10', '6', '{\"fieldParamType\": \"select\", \"length\": 32}', '认知途径', '1', '6', '2', '1', '2017-08-18 02:24:32', NULL, NULL, '/1/10');
INSERT INTO `eh_var_field_scopes` (`id`, `namespace_id`, `module_name`, `group_id`, `field_id`, `field_param`, `field_display_name`, `mandatory_flag`, `default_order`, `status`, `creator_uid`, `create_time`, `operator_uid`, `update_time`, `group_path`) VALUES ((@field_scopes_id := @field_scopes_id + 1), '999973', 'enterprise_customer', '10', '7', '{\"fieldParamType\": \"text\", \"length\": 32}', '联系人', '1', '7', '2', '1', '2017-08-18 02:24:32', NULL, NULL, '/1/10');
INSERT INTO `eh_var_field_scopes` (`id`, `namespace_id`, `module_name`, `group_id`, `field_id`, `field_param`, `field_display_name`, `mandatory_flag`, `default_order`, `status`, `creator_uid`, `create_time`, `operator_uid`, `update_time`, `group_path`) VALUES ((@field_scopes_id := @field_scopes_id + 1), '999973', 'enterprise_customer', '10', '8', '{\"fieldParamType\": \"select\", \"length\": 32}', '联系人性别', '1', '8', '2', '1', '2017-08-18 02:24:32', NULL, NULL, '/1/10');
INSERT INTO `eh_var_field_scopes` (`id`, `namespace_id`, `module_name`, `group_id`, `field_id`, `field_param`, `field_display_name`, `mandatory_flag`, `default_order`, `status`, `creator_uid`, `create_time`, `operator_uid`, `update_time`, `group_path`) VALUES ((@field_scopes_id := @field_scopes_id + 1), '999973', 'enterprise_customer', '10', '9', '{\"fieldParamType\": \"text\", \"length\": 32}', '手机号码', '1', '9', '2', '1', '2017-08-18 02:24:32', NULL, NULL, '/1/10');
INSERT INTO `eh_var_field_scopes` (`id`, `namespace_id`, `module_name`, `group_id`, `field_id`, `field_param`, `field_display_name`, `mandatory_flag`, `default_order`, `status`, `creator_uid`, `create_time`, `operator_uid`, `update_time`, `group_path`) VALUES ((@field_scopes_id := @field_scopes_id + 1), '999973', 'enterprise_customer', '10', '10', '{\"fieldParamType\": \"text\", \"length\": 32}', '座机号码', '1', '10', '2', '1', '2017-08-18 02:24:33', NULL, NULL, '/1/10');
INSERT INTO `eh_var_field_scopes` (`id`, `namespace_id`, `module_name`, `group_id`, `field_id`, `field_param`, `field_display_name`, `mandatory_flag`, `default_order`, `status`, `creator_uid`, `create_time`, `operator_uid`, `update_time`, `group_path`) VALUES ((@field_scopes_id := @field_scopes_id + 1), '999973', 'enterprise_customer', '10', '11', '{\"fieldParamType\": \"text\", \"length\": 32}', '办公电话', '1', '11', '2', '1', '2017-08-18 02:24:33', NULL, NULL, '/1/10');
INSERT INTO `eh_var_field_scopes` (`id`, `namespace_id`, `module_name`, `group_id`, `field_id`, `field_param`, `field_display_name`, `mandatory_flag`, `default_order`, `status`, `creator_uid`, `create_time`, `operator_uid`, `update_time`, `group_path`) VALUES ((@field_scopes_id := @field_scopes_id + 1), '999973', 'enterprise_customer', '10', '12', '{\"fieldParamType\": \"text\", \"length\": 32}', '家庭电话', '1', '12', '2', '1', '2017-08-18 02:24:33', NULL, NULL, '/1/10');
INSERT INTO `eh_var_field_scopes` (`id`, `namespace_id`, `module_name`, `group_id`, `field_id`, `field_param`, `field_display_name`, `mandatory_flag`, `default_order`, `status`, `creator_uid`, `create_time`, `operator_uid`, `update_time`, `group_path`) VALUES ((@field_scopes_id := @field_scopes_id + 1), '999973', 'enterprise_customer', '10', '13', '{\"fieldParamType\": \"text\", \"length\": 32}', '电子邮件', '1', '13', '2', '1', '2017-08-18 02:24:33', NULL, NULL, '/1/10');
INSERT INTO `eh_var_field_scopes` (`id`, `namespace_id`, `module_name`, `group_id`, `field_id`, `field_param`, `field_display_name`, `mandatory_flag`, `default_order`, `status`, `creator_uid`, `create_time`, `operator_uid`, `update_time`, `group_path`) VALUES ((@field_scopes_id := @field_scopes_id + 1), '999973', 'enterprise_customer', '11', '14', '{\"fieldParamType\": \"text\", \"length\": 32}', '传真', '1', '14', '2', '1', '2017-08-18 02:24:33', NULL, NULL, '/1/11');
INSERT INTO `eh_var_field_scopes` (`id`, `namespace_id`, `module_name`, `group_id`, `field_id`, `field_param`, `field_display_name`, `mandatory_flag`, `default_order`, `status`, `creator_uid`, `create_time`, `operator_uid`, `update_time`, `group_path`) VALUES ((@field_scopes_id := @field_scopes_id + 1), '999973', 'enterprise_customer', '11', '15', '{\"fieldParamType\": \"text\", \"length\": 32}', '地址', '1', '15', '2', '1', '2017-08-18 02:24:34', NULL, NULL, '/1/11');
INSERT INTO `eh_var_field_scopes` (`id`, `namespace_id`, `module_name`, `group_id`, `field_id`, `field_param`, `field_display_name`, `mandatory_flag`, `default_order`, `status`, `creator_uid`, `create_time`, `operator_uid`, `update_time`, `group_path`) VALUES ((@field_scopes_id := @field_scopes_id + 1), '999973', 'enterprise_customer', '11', '16', '{\"fieldParamType\": \"text\", \"length\": 32}', '企业邮箱', '1', '16', '2', '1', '2017-08-18 02:24:34', NULL, NULL, '/1/11');
INSERT INTO `eh_var_field_scopes` (`id`, `namespace_id`, `module_name`, `group_id`, `field_id`, `field_param`, `field_display_name`, `mandatory_flag`, `default_order`, `status`, `creator_uid`, `create_time`, `operator_uid`, `update_time`, `group_path`) VALUES ((@field_scopes_id := @field_scopes_id + 1), '999973', 'enterprise_customer', '11', '17', '{\"fieldParamType\": \"text\", \"length\": 32}', '企业网址', '1', '17', '2', '1', '2017-08-18 02:24:34', NULL, NULL, '/1/11');
INSERT INTO `eh_var_field_scopes` (`id`, `namespace_id`, `module_name`, `group_id`, `field_id`, `field_param`, `field_display_name`, `mandatory_flag`, `default_order`, `status`, `creator_uid`, `create_time`, `operator_uid`, `update_time`, `group_path`) VALUES ((@field_scopes_id := @field_scopes_id + 1), '999973', 'enterprise_customer', '11', '18', '{\"fieldParamType\": \"text\", \"length\": 32}', '注册地址', '1', '18', '2', '1', '2017-08-18 02:24:34', NULL, NULL, '/1/11');
INSERT INTO `eh_var_field_scopes` (`id`, `namespace_id`, `module_name`, `group_id`, `field_id`, `field_param`, `field_display_name`, `mandatory_flag`, `default_order`, `status`, `creator_uid`, `create_time`, `operator_uid`, `update_time`, `group_path`) VALUES ((@field_scopes_id := @field_scopes_id + 1), '999973', 'enterprise_customer', '11', '19', '{\"fieldParamType\": \"text\", \"length\": 32}', '经营地址', '1', '19', '2', '1', '2017-08-18 02:24:34', NULL, NULL, '/1/11');
INSERT INTO `eh_var_field_scopes` (`id`, `namespace_id`, `module_name`, `group_id`, `field_id`, `field_param`, `field_display_name`, `mandatory_flag`, `default_order`, `status`, `creator_uid`, `create_time`, `operator_uid`, `update_time`, `group_path`) VALUES ((@field_scopes_id := @field_scopes_id + 1), '999973', 'enterprise_customer', '11', '20', '{\"fieldParamType\": \"text\", \"length\": 32}', '法人代表', '1', '20', '2', '1', '2017-08-18 02:24:34', NULL, NULL, '/1/11');
INSERT INTO `eh_var_field_scopes` (`id`, `namespace_id`, `module_name`, `group_id`, `field_id`, `field_param`, `field_display_name`, `mandatory_flag`, `default_order`, `status`, `creator_uid`, `create_time`, `operator_uid`, `update_time`, `group_path`) VALUES ((@field_scopes_id := @field_scopes_id + 1), '999973', 'enterprise_customer', '11', '21', '{\"fieldParamType\": \"text\", \"length\": 32}', '注册资金(万元)', '1', '21', '2', '1', '2017-08-18 02:24:34', NULL, NULL, '/1/11');
INSERT INTO `eh_var_field_scopes` (`id`, `namespace_id`, `module_name`, `group_id`, `field_id`, `field_param`, `field_display_name`, `mandatory_flag`, `default_order`, `status`, `creator_uid`, `create_time`, `operator_uid`, `update_time`, `group_path`) VALUES ((@field_scopes_id := @field_scopes_id + 1), '999973', 'enterprise_customer', '11', '22', '{\"fieldParamType\": \"select\", \"length\": 32}', '企业性质', '1', '22', '2', '1', '2017-08-18 02:24:34', NULL, NULL, '/1/11');
INSERT INTO `eh_var_field_scopes` (`id`, `namespace_id`, `module_name`, `group_id`, `field_id`, `field_param`, `field_display_name`, `mandatory_flag`, `default_order`, `status`, `creator_uid`, `create_time`, `operator_uid`, `update_time`, `group_path`) VALUES ((@field_scopes_id := @field_scopes_id + 1), '999973', 'enterprise_customer', '11', '23', '{\"fieldParamType\": \"text\", \"length\": 32}', '企业规模', '1', '23', '2', '1', '2017-08-18 02:24:34', NULL, NULL, '/1/11');
INSERT INTO `eh_var_field_scopes` (`id`, `namespace_id`, `module_name`, `group_id`, `field_id`, `field_param`, `field_display_name`, `mandatory_flag`, `default_order`, `status`, `creator_uid`, `create_time`, `operator_uid`, `update_time`, `group_path`) VALUES ((@field_scopes_id := @field_scopes_id + 1), '999973', 'enterprise_customer', '11', '24', '{\"fieldParamType\": \"select\", \"length\": 32}', '行业类型', '1', '24', '2', '1', '2017-08-18 02:24:34', NULL, NULL, '/1/11');
INSERT INTO `eh_var_field_scopes` (`id`, `namespace_id`, `module_name`, `group_id`, `field_id`, `field_param`, `field_display_name`, `mandatory_flag`, `default_order`, `status`, `creator_uid`, `create_time`, `operator_uid`, `update_time`, `group_path`) VALUES ((@field_scopes_id := @field_scopes_id + 1), '999973', 'enterprise_customer', '11', '25', '{\"fieldParamType\": \"select\", \"length\": 32}', '企业定位', '1', '25', '2', '1', '2017-08-18 02:24:34', NULL, NULL, '/1/11');
INSERT INTO `eh_var_field_scopes` (`id`, `namespace_id`, `module_name`, `group_id`, `field_id`, `field_param`, `field_display_name`, `mandatory_flag`, `default_order`, `status`, `creator_uid`, `create_time`, `operator_uid`, `update_time`, `group_path`) VALUES ((@field_scopes_id := @field_scopes_id + 1), '999973', 'enterprise_customer', '11', '26', '{\"fieldParamType\": \"text\", \"length\": 32}', '年营业额(万元)', '1', '26', '2', '1', '2017-08-18 02:24:34', NULL, NULL, '/1/11');
INSERT INTO `eh_var_field_scopes` (`id`, `namespace_id`, `module_name`, `group_id`, `field_id`, `field_param`, `field_display_name`, `mandatory_flag`, `default_order`, `status`, `creator_uid`, `create_time`, `operator_uid`, `update_time`, `group_path`) VALUES ((@field_scopes_id := @field_scopes_id + 1), '999973', 'enterprise_customer', '11', '27', '{\"fieldParamType\": \"text\", \"length\": 32}', '营业范围', '1', '27', '2', '1', '2017-08-18 02:24:34', NULL, NULL, '/1/11');
INSERT INTO `eh_var_field_scopes` (`id`, `namespace_id`, `module_name`, `group_id`, `field_id`, `field_param`, `field_display_name`, `mandatory_flag`, `default_order`, `status`, `creator_uid`, `create_time`, `operator_uid`, `update_time`, `group_path`) VALUES ((@field_scopes_id := @field_scopes_id + 1), '999973', 'enterprise_customer', '11', '28', '{\"fieldParamType\": \"text\", \"length\": 32}', '营业执照号', '1', '28', '2', '1', '2017-08-18 02:24:34', NULL, NULL, '/1/11');
INSERT INTO `eh_var_field_scopes` (`id`, `namespace_id`, `module_name`, `group_id`, `field_id`, `field_param`, `field_display_name`, `mandatory_flag`, `default_order`, `status`, `creator_uid`, `create_time`, `operator_uid`, `update_time`, `group_path`) VALUES ((@field_scopes_id := @field_scopes_id + 1), '999973', 'enterprise_customer', '11', '30', '{\"fieldParamType\": \"text\", \"length\": 32}', '门牌号', '1', '29', '2', '1', '2017-08-18 02:24:34', NULL, NULL, '/1/11');
INSERT INTO `eh_var_field_scopes` (`id`, `namespace_id`, `module_name`, `group_id`, `field_id`, `field_param`, `field_display_name`, `mandatory_flag`, `default_order`, `status`, `creator_uid`, `create_time`, `operator_uid`, `update_time`, `group_path`) VALUES ((@field_scopes_id := @field_scopes_id + 1), '999973', 'enterprise_customer', '11', '31', '{\"fieldParamType\": \"text\", \"length\": 32}', '场地面积', '1', '30', '2', '1', '2017-08-18 02:24:35', NULL, NULL, '/1/11');
INSERT INTO `eh_var_field_scopes` (`id`, `namespace_id`, `module_name`, `group_id`, `field_id`, `field_param`, `field_display_name`, `mandatory_flag`, `default_order`, `status`, `creator_uid`, `create_time`, `operator_uid`, `update_time`, `group_path`) VALUES ((@field_scopes_id := @field_scopes_id + 1), '999973', 'enterprise_customer', '11', '32', '{\"fieldParamType\": \"datetime\", \"length\": 32}', '入住园区日期', '1', '31', '2', '1', '2017-08-18 02:24:35', NULL, NULL, '/1/11');
INSERT INTO `eh_var_field_scopes` (`id`, `namespace_id`, `module_name`, `group_id`, `field_id`, `field_param`, `field_display_name`, `mandatory_flag`, `default_order`, `status`, `creator_uid`, `create_time`, `operator_uid`, `update_time`, `group_path`) VALUES ((@field_scopes_id := @field_scopes_id + 1), '999973', 'enterprise_customer', '11', '33', '{\"fieldParamType\": \"select\", \"length\": 32}', '产品类型', '1', '32', '2', '1', '2017-08-18 02:24:35', NULL, NULL, '/1/11');
INSERT INTO `eh_var_field_scopes` (`id`, `namespace_id`, `module_name`, `group_id`, `field_id`, `field_param`, `field_display_name`, `mandatory_flag`, `default_order`, `status`, `creator_uid`, `create_time`, `operator_uid`, `update_time`, `group_path`) VALUES ((@field_scopes_id := @field_scopes_id + 1), '999973', 'enterprise_customer', '11', '34', '{\"fieldParamType\": \"text\", \"length\": 32}', '主要技术及产品', '1', '33', '2', '1', '2017-08-18 02:24:35', NULL, NULL, '/1/11');
INSERT INTO `eh_var_field_scopes` (`id`, `namespace_id`, `module_name`, `group_id`, `field_id`, `field_param`, `field_display_name`, `mandatory_flag`, `default_order`, `status`, `creator_uid`, `create_time`, `operator_uid`, `update_time`, `group_path`) VALUES ((@field_scopes_id := @field_scopes_id + 1), '999973', 'enterprise_customer', '11', '35', '{\"fieldParamType\": \"select\", \"length\": 32}', '企业资质认证', '1', '34', '2', '1', '2017-08-18 02:24:35', NULL, NULL, '/1/11');
INSERT INTO `eh_var_field_scopes` (`id`, `namespace_id`, `module_name`, `group_id`, `field_id`, `field_param`, `field_display_name`, `mandatory_flag`, `default_order`, `status`, `creator_uid`, `create_time`, `operator_uid`, `update_time`, `group_path`) VALUES ((@field_scopes_id := @field_scopes_id + 1), '999973', 'enterprise_customer', '11', '36', '{\"fieldParamType\": \"image\", \"length\": 1}', '企业LOGO', '1', '35', '2', '1', '2017-08-18 02:24:35', NULL, NULL, '/1/11');
INSERT INTO `eh_var_field_scopes` (`id`, `namespace_id`, `module_name`, `group_id`, `field_id`, `field_param`, `field_display_name`, `mandatory_flag`, `default_order`, `status`, `creator_uid`, `create_time`, `operator_uid`, `update_time`, `group_path`) VALUES ((@field_scopes_id := @field_scopes_id + 1), '999973', 'enterprise_customer', '11', '37', '{\"fieldParamType\": \"text\", \"length\": 320}', '企业简介', '1', '36', '2', '1', '2017-08-18 02:24:36', NULL, NULL, '/1/11');
INSERT INTO `eh_var_field_scopes` (`id`, `namespace_id`, `module_name`, `group_id`, `field_id`, `field_param`, `field_display_name`, `mandatory_flag`, `default_order`, `status`, `creator_uid`, `create_time`, `operator_uid`, `update_time`, `group_path`) VALUES ((@field_scopes_id := @field_scopes_id + 1), '999973', 'enterprise_customer', '12', '38', '{\"fieldParamType\": \"text\", \"length\": 32}', '员工总数', '1', '37', '2', '1', '2017-08-18 02:24:36', NULL, NULL, '/1/12');
INSERT INTO `eh_var_field_scopes` (`id`, `namespace_id`, `module_name`, `group_id`, `field_id`, `field_param`, `field_display_name`, `mandatory_flag`, `default_order`, `status`, `creator_uid`, `create_time`, `operator_uid`, `update_time`, `group_path`) VALUES ((@field_scopes_id := @field_scopes_id + 1), '999973', 'enterprise_customer', '12', '39', '{\"fieldParamType\": \"text\", \"length\": 32}', '员工平均年龄', '1', '39', '2', '1', '2017-08-18 02:24:36', NULL, NULL, '/1/12');
INSERT INTO `eh_var_field_scopes` (`id`, `namespace_id`, `module_name`, `group_id`, `field_id`, `field_param`, `field_display_name`, `mandatory_flag`, `default_order`, `status`, `creator_uid`, `create_time`, `operator_uid`, `update_time`, `group_path`) VALUES ((@field_scopes_id := @field_scopes_id + 1), '999973', 'enterprise_customer', '12', '40', '{\"fieldParamType\": \"text\", \"length\": 32}', '高管平均年龄', '1', '40', '2', '1', '2017-08-18 02:24:36', NULL, NULL, '/1/12');
INSERT INTO `eh_var_field_scopes` (`id`, `namespace_id`, `module_name`, `group_id`, `field_id`, `field_param`, `field_display_name`, `mandatory_flag`, `default_order`, `status`, `creator_uid`, `create_time`, `operator_uid`, `update_time`, `group_path`) VALUES ((@field_scopes_id := @field_scopes_id + 1), '999973', 'enterprise_customer', '12', '41', '{\"fieldParamType\": \"text\", \"length\": 32}', '女性员工总数', '1', '41', '2', '1', '2017-08-18 02:24:36', NULL, NULL, '/1/12');
INSERT INTO `eh_var_field_scopes` (`id`, `namespace_id`, `module_name`, `group_id`, `field_id`, `field_param`, `field_display_name`, `mandatory_flag`, `default_order`, `status`, `creator_uid`, `create_time`, `operator_uid`, `update_time`, `group_path`) VALUES ((@field_scopes_id := @field_scopes_id + 1), '999973', 'enterprise_customer', '12', '42', '{\"fieldParamType\": \"text\", \"length\": 32}', '男性员工总数', '1', '42', '2', '1', '2017-08-18 02:24:36', NULL, NULL, '/1/12');
INSERT INTO `eh_var_field_scopes` (`id`, `namespace_id`, `module_name`, `group_id`, `field_id`, `field_param`, `field_display_name`, `mandatory_flag`, `default_order`, `status`, `creator_uid`, `create_time`, `operator_uid`, `update_time`, `group_path`) VALUES ((@field_scopes_id := @field_scopes_id + 1), '999973', 'enterprise_customer', '12', '43', '{\"fieldParamType\": \"text\", \"length\": 32}', '研发员工总数', '1', '43', '2', '1', '2017-08-18 02:24:36', NULL, NULL, '/1/12');
INSERT INTO `eh_var_field_scopes` (`id`, `namespace_id`, `module_name`, `group_id`, `field_id`, `field_param`, `field_display_name`, `mandatory_flag`, `default_order`, `status`, `creator_uid`, `create_time`, `operator_uid`, `update_time`, `group_path`) VALUES ((@field_scopes_id := @field_scopes_id + 1), '999973', 'enterprise_customer', '12', '44', '{\"fieldParamType\": \"text\", \"length\": 32}', '海归人数占比', '1', '44', '2', '1', '2017-08-18 02:24:36', NULL, NULL, '/1/12');
INSERT INTO `eh_var_field_scopes` (`id`, `namespace_id`, `module_name`, `group_id`, `field_id`, `field_param`, `field_display_name`, `mandatory_flag`, `default_order`, `status`, `creator_uid`, `create_time`, `operator_uid`, `update_time`, `group_path`) VALUES ((@field_scopes_id := @field_scopes_id + 1), '999973', 'enterprise_customer', '12', '45', '{\"fieldParamType\": \"text\", \"length\": 32}', '总经理', '1', '45', '2', '1', '2017-08-18 02:24:37', NULL, NULL, '/1/12');
INSERT INTO `eh_var_field_scopes` (`id`, `namespace_id`, `module_name`, `group_id`, `field_id`, `field_param`, `field_display_name`, `mandatory_flag`, `default_order`, `status`, `creator_uid`, `create_time`, `operator_uid`, `update_time`, `group_path`) VALUES ((@field_scopes_id := @field_scopes_id + 1), '999973', 'enterprise_customer', '12', '46', '{\"fieldParamType\": \"text\", \"length\": 32}', '总经理电话', '1', '46', '2', '1', '2017-08-18 02:24:37', NULL, NULL, '/1/12');
INSERT INTO `eh_var_field_scopes` (`id`, `namespace_id`, `module_name`, `group_id`, `field_id`, `field_param`, `field_display_name`, `mandatory_flag`, `default_order`, `status`, `creator_uid`, `create_time`, `operator_uid`, `update_time`, `group_path`) VALUES ((@field_scopes_id := @field_scopes_id + 1), '999973', 'enterprise_customer', '12', '47', '{\"fieldParamType\": \"text\", \"length\": 32}', '总经理邮箱', '1', '47', '2', '1', '2017-08-18 02:24:37', NULL, NULL, '/1/12');
INSERT INTO `eh_var_field_scopes` (`id`, `namespace_id`, `module_name`, `group_id`, `field_id`, `field_param`, `field_display_name`, `mandatory_flag`, `default_order`, `status`, `creator_uid`, `create_time`, `operator_uid`, `update_time`, `group_path`) VALUES ((@field_scopes_id := @field_scopes_id + 1), '999973', 'enterprise_customer', '12', '48', '{\"fieldParamType\": \"multiText\", \"length\": 2048}', '备注', '1', '48', '2', '1', '2017-08-18 02:24:37', NULL, NULL, '/1/12');
INSERT INTO `eh_var_field_scopes` (`id`, `namespace_id`, `module_name`, `group_id`, `field_id`, `field_param`, `field_display_name`, `mandatory_flag`, `default_order`, `status`, `creator_uid`, `create_time`, `operator_uid`, `update_time`, `group_path`) VALUES ((@field_scopes_id := @field_scopes_id + 1), '999973', 'contract', '14', '100', '{\"fieldParamType\": \"text\", \"length\": 32}', '合同编号', '1', '100', '2', '1', '2017-08-18 02:24:50', NULL, NULL, '/13/14');
INSERT INTO `eh_var_field_scopes` (`id`, `namespace_id`, `module_name`, `group_id`, `field_id`, `field_param`, `field_display_name`, `mandatory_flag`, `default_order`, `status`, `creator_uid`, `create_time`, `operator_uid`, `update_time`, `group_path`) VALUES ((@field_scopes_id := @field_scopes_id + 1), '999973', 'contract', '14', '101', '{\"fieldParamType\": \"text\", \"length\": 32}', '合同名称', '1', '101', '2', '1', '2017-08-18 02:24:51', NULL, NULL, '/13/14');
INSERT INTO `eh_var_field_scopes` (`id`, `namespace_id`, `module_name`, `group_id`, `field_id`, `field_param`, `field_display_name`, `mandatory_flag`, `default_order`, `status`, `creator_uid`, `create_time`, `operator_uid`, `update_time`, `group_path`) VALUES ((@field_scopes_id := @field_scopes_id + 1), '999973', 'contract', '14', '102', '{\"fieldParamType\": \"text\", \"length\": 32}', '客户名称', '1', '102', '2', '1', '2017-08-18 02:24:51', NULL, NULL, '/13/14');
INSERT INTO `eh_var_field_scopes` (`id`, `namespace_id`, `module_name`, `group_id`, `field_id`, `field_param`, `field_display_name`, `mandatory_flag`, `default_order`, `status`, `creator_uid`, `create_time`, `operator_uid`, `update_time`, `group_path`) VALUES ((@field_scopes_id := @field_scopes_id + 1), '999973', 'contract', '14', '103', '{\"fieldParamType\": \"text\", \"length\": 32}', '出租方', '1', '103', '2', '1', '2017-08-18 02:24:51', NULL, NULL, '/13/14');
INSERT INTO `eh_var_field_scopes` (`id`, `namespace_id`, `module_name`, `group_id`, `field_id`, `field_param`, `field_display_name`, `mandatory_flag`, `default_order`, `status`, `creator_uid`, `create_time`, `operator_uid`, `update_time`, `group_path`) VALUES ((@field_scopes_id := @field_scopes_id + 1), '999973', 'contract', '14', '104', '{\"fieldParamType\": \"select\", \"length\": 32}', '合同属性', '1', '104', '2', '1', '2017-08-18 02:24:51', NULL, NULL, '/13/14');
INSERT INTO `eh_var_field_scopes` (`id`, `namespace_id`, `module_name`, `group_id`, `field_id`, `field_param`, `field_display_name`, `mandatory_flag`, `default_order`, `status`, `creator_uid`, `create_time`, `operator_uid`, `update_time`, `group_path`) VALUES ((@field_scopes_id := @field_scopes_id + 1), '999973', 'contract', '14', '105', '{\"fieldParamType\": \"select\", \"length\": 32}', '合同类型', '1', '105', '2', '1', '2017-08-18 02:24:51', NULL, NULL, '/13/14');
INSERT INTO `eh_var_field_scopes` (`id`, `namespace_id`, `module_name`, `group_id`, `field_id`, `field_param`, `field_display_name`, `mandatory_flag`, `default_order`, `status`, `creator_uid`, `create_time`, `operator_uid`, `update_time`, `group_path`) VALUES ((@field_scopes_id := @field_scopes_id + 1), '999973', 'contract', '14', '106', '{\"fieldParamType\": \"text\", \"length\": 32}', '原合同', '1', '98', '2', '1', '2017-08-18 02:24:51', NULL, NULL, '/13/14');
INSERT INTO `eh_var_field_scopes` (`id`, `namespace_id`, `module_name`, `group_id`, `field_id`, `field_param`, `field_display_name`, `mandatory_flag`, `default_order`, `status`, `creator_uid`, `create_time`, `operator_uid`, `update_time`, `group_path`) VALUES ((@field_scopes_id := @field_scopes_id + 1), '999973', 'contract', '14', '107', '{\"fieldParamType\": \"text\", \"length\": 32}', '初始合同', '1', '99', '2', '1', '2017-08-18 02:24:51', NULL, NULL, '/13/14');
INSERT INTO `eh_var_field_scopes` (`id`, `namespace_id`, `module_name`, `group_id`, `field_id`, `field_param`, `field_display_name`, `mandatory_flag`, `default_order`, `status`, `creator_uid`, `create_time`, `operator_uid`, `update_time`, `group_path`) VALUES ((@field_scopes_id := @field_scopes_id + 1), '999973', 'contract', '14', '108', '{\"fieldParamType\": \"text\", \"length\": 32}', '归档地', '1', '108', '2', '1', '2017-08-18 02:24:51', NULL, NULL, '/13/14');
INSERT INTO `eh_var_field_scopes` (`id`, `namespace_id`, `module_name`, `group_id`, `field_id`, `field_param`, `field_display_name`, `mandatory_flag`, `default_order`, `status`, `creator_uid`, `create_time`, `operator_uid`, `update_time`, `group_path`) VALUES ((@field_scopes_id := @field_scopes_id + 1), '999973', 'contract', '14', '109', '{\"fieldParamType\": \"text\", \"length\": 32}', '备案号', '1', '109', '2', '1', '2017-08-18 02:24:52', NULL, NULL, '/13/14');
INSERT INTO `eh_var_field_scopes` (`id`, `namespace_id`, `module_name`, `group_id`, `field_id`, `field_param`, `field_display_name`, `mandatory_flag`, `default_order`, `status`, `creator_uid`, `create_time`, `operator_uid`, `update_time`, `group_path`) VALUES ((@field_scopes_id := @field_scopes_id + 1), '999973', 'contract', '14', '110', '{\"fieldParamType\": \"datetime\", \"length\": 32}', '开始日期', '1', '110', '2', '1', '2017-08-18 02:24:52', NULL, NULL, '/13/14');
INSERT INTO `eh_var_field_scopes` (`id`, `namespace_id`, `module_name`, `group_id`, `field_id`, `field_param`, `field_display_name`, `mandatory_flag`, `default_order`, `status`, `creator_uid`, `create_time`, `operator_uid`, `update_time`, `group_path`) VALUES ((@field_scopes_id := @field_scopes_id + 1), '999973', 'contract', '14', '111', '{\"fieldParamType\": \"datetime\", \"length\": 32}', '结束日期', '1', '111', '2', '1', '2017-08-18 02:24:52', NULL, NULL, '/13/14');
INSERT INTO `eh_var_field_scopes` (`id`, `namespace_id`, `module_name`, `group_id`, `field_id`, `field_param`, `field_display_name`, `mandatory_flag`, `default_order`, `status`, `creator_uid`, `create_time`, `operator_uid`, `update_time`, `group_path`) VALUES ((@field_scopes_id := @field_scopes_id + 1), '999973', 'contract', '14', '112', '{\"fieldParamType\": \"datetime\", \"length\": 32}', '签约日期', '1', '112', '2', '1', '2017-08-18 02:24:52', NULL, NULL, '/13/14');
INSERT INTO `eh_var_field_scopes` (`id`, `namespace_id`, `module_name`, `group_id`, `field_id`, `field_param`, `field_display_name`, `mandatory_flag`, `default_order`, `status`, `creator_uid`, `create_time`, `operator_uid`, `update_time`, `group_path`) VALUES ((@field_scopes_id := @field_scopes_id + 1), '999973', 'contract', '14', '113', '{\"fieldParamType\": \"text\", \"length\": 32}', '签约原因', '1', '113', '2', '1', '2017-08-18 02:24:52', NULL, NULL, '/13/14');
INSERT INTO `eh_var_field_scopes` (`id`, `namespace_id`, `module_name`, `group_id`, `field_id`, `field_param`, `field_display_name`, `mandatory_flag`, `default_order`, `status`, `creator_uid`, `create_time`, `operator_uid`, `update_time`, `group_path`) VALUES ((@field_scopes_id := @field_scopes_id + 1), '999973', 'contract', '14', '114', '{\"fieldParamType\": \"multiText\", \"length\": 2048}', '合同情况', '1', '114', '2', '1', '2017-08-18 02:24:53', NULL, NULL, '/13/14');
INSERT INTO `eh_var_field_scopes` (`id`, `namespace_id`, `module_name`, `group_id`, `field_id`, `field_param`, `field_display_name`, `mandatory_flag`, `default_order`, `status`, `creator_uid`, `create_time`, `operator_uid`, `update_time`, `group_path`) VALUES ((@field_scopes_id := @field_scopes_id + 1), '999973', 'contract', '14', '115', '{\"fieldParamType\": \"text\", \"length\": 32}', '合同资产', '1', '115', '2', '1', '2017-08-18 02:24:53', NULL, NULL, '/13/14');
INSERT INTO `eh_var_field_scopes` (`id`, `namespace_id`, `module_name`, `group_id`, `field_id`, `field_param`, `field_display_name`, `mandatory_flag`, `default_order`, `status`, `creator_uid`, `create_time`, `operator_uid`, `update_time`, `group_path`) VALUES ((@field_scopes_id := @field_scopes_id + 1), '999973', 'contract', '15', '117', '{\"fieldParamType\": \"text\", \"length\": 32}', '租赁总额', '1', '117', '2', '1', '2017-08-18 02:24:53', NULL, NULL, '/13/15');
INSERT INTO `eh_var_field_scopes` (`id`, `namespace_id`, `module_name`, `group_id`, `field_id`, `field_param`, `field_display_name`, `mandatory_flag`, `default_order`, `status`, `creator_uid`, `create_time`, `operator_uid`, `update_time`, `group_path`) VALUES ((@field_scopes_id := @field_scopes_id + 1), '999973', 'contract', '15', '118', '{\"fieldParamType\": \"text\", \"length\": 32}', '租赁总面积', '1', '118', '2', '1', '2017-08-18 02:24:53', NULL, NULL, '/13/15');
INSERT INTO `eh_var_field_scopes` (`id`, `namespace_id`, `module_name`, `group_id`, `field_id`, `field_param`, `field_display_name`, `mandatory_flag`, `default_order`, `status`, `creator_uid`, `create_time`, `operator_uid`, `update_time`, `group_path`) VALUES ((@field_scopes_id := @field_scopes_id + 1), '999973', 'contract', '15', '119', '{\"fieldParamType\": \"text\", \"length\": 32}', '定金', '1', '119', '2', '1', '2017-08-18 02:24:53', NULL, NULL, '/13/15');
INSERT INTO `eh_var_field_scopes` (`id`, `namespace_id`, `module_name`, `group_id`, `field_id`, `field_param`, `field_display_name`, `mandatory_flag`, `default_order`, `status`, `creator_uid`, `create_time`, `operator_uid`, `update_time`, `group_path`) VALUES ((@field_scopes_id := @field_scopes_id + 1), '999973', 'contract', '15', '120', '{\"fieldParamType\": \"datetime\", \"length\": 32}', '定金最迟收取日期', '1', '120', '2', '1', '2017-08-18 02:24:54', NULL, NULL, '/13/15');
INSERT INTO `eh_var_field_scopes` (`id`, `namespace_id`, `module_name`, `group_id`, `field_id`, `field_param`, `field_display_name`, `mandatory_flag`, `default_order`, `status`, `creator_uid`, `create_time`, `operator_uid`, `update_time`, `group_path`) VALUES ((@field_scopes_id := @field_scopes_id + 1), '999973', 'contract', '15', '121', '{\"fieldParamType\": \"text\", \"length\": 32}', '违约金', '1', '121', '2', '1', '2017-08-18 02:24:54', NULL, NULL, '/13/15');
INSERT INTO `eh_var_field_scopes` (`id`, `namespace_id`, `module_name`, `group_id`, `field_id`, `field_param`, `field_display_name`, `mandatory_flag`, `default_order`, `status`, `creator_uid`, `create_time`, `operator_uid`, `update_time`, `group_path`) VALUES ((@field_scopes_id := @field_scopes_id + 1), '999973', 'contract', '15', '122', '{\"fieldParamType\": \"text\", \"length\": 64}', '违约说明', '1', '122', '2', '1', '2017-08-18 02:24:54', NULL, NULL, '/13/15');
INSERT INTO `eh_var_field_scopes` (`id`, `namespace_id`, `module_name`, `group_id`, `field_id`, `field_param`, `field_display_name`, `mandatory_flag`, `default_order`, `status`, `creator_uid`, `create_time`, `operator_uid`, `update_time`, `group_path`) VALUES ((@field_scopes_id := @field_scopes_id + 1), '999973', 'contract', '15', '123', '{\"fieldParamType\": \"text\", \"length\": 32}', '免租期', '1', '123', '2', '1', '2017-08-18 02:24:54', NULL, NULL, '/13/15');
INSERT INTO `eh_var_field_scopes` (`id`, `namespace_id`, `module_name`, `group_id`, `field_id`, `field_param`, `field_display_name`, `mandatory_flag`, `default_order`, `status`, `creator_uid`, `create_time`, `operator_uid`, `update_time`, `group_path`) VALUES ((@field_scopes_id := @field_scopes_id + 1), '999973', 'contract', '15', '124', '{\"fieldParamType\": \"text\", \"length\": 32}', '赠送车位数量', '1', '124', '2', '1', '2017-08-18 02:24:55', NULL, NULL, '/13/15');
INSERT INTO `eh_var_field_scopes` (`id`, `namespace_id`, `module_name`, `group_id`, `field_id`, `field_param`, `field_display_name`, `mandatory_flag`, `default_order`, `status`, `creator_uid`, `create_time`, `operator_uid`, `update_time`, `group_path`) VALUES ((@field_scopes_id := @field_scopes_id + 1), '999973', 'contract', '15', '125', '{\"fieldParamType\": \"datetime\", \"length\": 32}', '装修开始日期', '1', '125', '2', '1', '2017-08-18 02:24:55', NULL, NULL, '/13/15');
INSERT INTO `eh_var_field_scopes` (`id`, `namespace_id`, `module_name`, `group_id`, `field_id`, `field_param`, `field_display_name`, `mandatory_flag`, `default_order`, `status`, `creator_uid`, `create_time`, `operator_uid`, `update_time`, `group_path`) VALUES ((@field_scopes_id := @field_scopes_id + 1), '999973', 'contract', '15', '126', '{\"fieldParamType\": \"datetime\", \"length\": 32}', '装修结束日期', '1', '126', '2', '1', '2017-08-18 02:24:55', NULL, NULL, '/13/15');
INSERT INTO `eh_var_field_scopes` (`id`, `namespace_id`, `module_name`, `group_id`, `field_id`, `field_param`, `field_display_name`, `mandatory_flag`, `default_order`, `status`, `creator_uid`, `create_time`, `operator_uid`, `update_time`, `group_path`) VALUES ((@field_scopes_id := @field_scopes_id + 1), '999973', 'contract', '15', '127', '{\"fieldParamType\": \"text\", \"length\": 32}', '首付总额', '1', '127', '2', '1', '2017-08-18 02:24:55', NULL, NULL, '/13/15');
INSERT INTO `eh_var_field_scopes` (`id`, `namespace_id`, `module_name`, `group_id`, `field_id`, `field_param`, `field_display_name`, `mandatory_flag`, `default_order`, `status`, `creator_uid`, `create_time`, `operator_uid`, `update_time`, `group_path`) VALUES ((@field_scopes_id := @field_scopes_id + 1), '999973', 'contract', '15', '128', '{\"fieldParamType\": \"datetime\", \"length\": 32}', '首付截止日期', '1', '128', '2', '1', '2017-08-18 02:24:56', NULL, NULL, '/13/15');
INSERT INTO `eh_var_field_scopes` (`id`, `namespace_id`, `module_name`, `group_id`, `field_id`, `field_param`, `field_display_name`, `mandatory_flag`, `default_order`, `status`, `creator_uid`, `create_time`, `operator_uid`, `update_time`, `group_path`) VALUES ((@field_scopes_id := @field_scopes_id + 1), '999973', 'contract', '15', '129', '{\"fieldParamType\": \"text\", \"length\": 32}', '佣金', '1', '129', '2', '1', '2017-08-18 02:24:56', NULL, NULL, '/13/15');
INSERT INTO `eh_var_field_scopes` (`id`, `namespace_id`, `module_name`, `group_id`, `field_id`, `field_param`, `field_display_name`, `mandatory_flag`, `default_order`, `status`, `creator_uid`, `create_time`, `operator_uid`, `update_time`, `group_path`) VALUES ((@field_scopes_id := @field_scopes_id + 1), '999973', 'contract', '15', '130', '{\"fieldParamType\": \"select\", \"length\": 32}', '付款方式', '1', '130', '2', '1', '2017-08-18 02:24:56', NULL, NULL, '/13/15');
INSERT INTO `eh_var_field_scopes` (`id`, `namespace_id`, `module_name`, `group_id`, `field_id`, `field_param`, `field_display_name`, `mandatory_flag`, `default_order`, `status`, `creator_uid`, `create_time`, `operator_uid`, `update_time`, `group_path`) VALUES ((@field_scopes_id := @field_scopes_id + 1), '999973', 'contract', '15', '131', '{\"fieldParamType\": \"select\", \"length\": 32}', '合同状态', '1', '131', '2', '1', '2017-08-18 02:24:56', NULL, NULL, '/13/15');
INSERT INTO `eh_var_field_scopes` (`id`, `namespace_id`, `module_name`, `group_id`, `field_id`, `field_param`, `field_display_name`, `mandatory_flag`, `default_order`, `status`, `creator_uid`, `create_time`, `operator_uid`, `update_time`, `group_path`) VALUES ((@field_scopes_id := @field_scopes_id + 1), '999973', 'contract', '15', '132', '{\"fieldParamType\": \"text\", \"length\": 32}', '签约经办人', '1', '132', '2', '1', '2017-08-18 02:24:56', NULL, NULL, '/13/15');
INSERT INTO `eh_var_field_scopes` (`id`, `namespace_id`, `module_name`, `group_id`, `field_id`, `field_param`, `field_display_name`, `mandatory_flag`, `default_order`, `status`, `creator_uid`, `create_time`, `operator_uid`, `update_time`, `group_path`) VALUES ((@field_scopes_id := @field_scopes_id + 1), '999973', 'contract', '15', '133', '{\"fieldParamType\": \"text\", \"length\": 64}', '作废原因', '1', '133', '2', '1', '2017-08-18 02:24:56', NULL, NULL, '/13/15');
INSERT INTO `eh_var_field_scopes` (`id`, `namespace_id`, `module_name`, `group_id`, `field_id`, `field_param`, `field_display_name`, `mandatory_flag`, `default_order`, `status`, `creator_uid`, `create_time`, `operator_uid`, `update_time`, `group_path`) VALUES ((@field_scopes_id := @field_scopes_id + 1), '999973', 'contract', '15', '134', '{\"fieldParamType\": \"text\", \"length\": 64}', '退约原因', '1', '134', '2', '1', '2017-08-18 02:24:56', NULL, NULL, '/13/15');
INSERT INTO `eh_var_field_scopes` (`id`, `namespace_id`, `module_name`, `group_id`, `field_id`, `field_param`, `field_display_name`, `mandatory_flag`, `default_order`, `status`, `creator_uid`, `create_time`, `operator_uid`, `update_time`, `group_path`) VALUES ((@field_scopes_id := @field_scopes_id + 1), '999973', 'contract', '15', '135', '{\"fieldParamType\": \"multiText\", \"length\": 2048}', '备注', '1', '135', '2', '1', '2017-08-18 02:24:56', NULL, NULL, '/13/15');
INSERT INTO `eh_var_field_scopes` (`id`, `namespace_id`, `module_name`, `group_id`, `field_id`, `field_param`, `field_display_name`, `mandatory_flag`, `default_order`, `status`, `creator_uid`, `create_time`, `operator_uid`, `update_time`, `group_path`) VALUES ((@field_scopes_id := @field_scopes_id + 1), '999973', 'contract', '15', '136', '{\"fieldParamType\": \"file\", \"length\": 9}', '附件', '1', '136', '2', '1', '2017-08-18 02:24:56', NULL, NULL, '/13/15');
INSERT INTO `eh_var_field_scopes` (`id`, `namespace_id`, `module_name`, `group_id`, `field_id`, `field_param`, `field_display_name`, `mandatory_flag`, `default_order`, `status`, `creator_uid`, `create_time`, `operator_uid`, `update_time`, `group_path`) VALUES ((@field_scopes_id := @field_scopes_id + 1), '999973', 'enterprise_customer', '4', '140', '{\"fieldParamType\": \"text\", \"length\": 32}', '姓名', '1', '1', '2', '1', '2017-08-19 09:14:28', NULL, NULL, '/4');
INSERT INTO `eh_var_field_scopes` (`id`, `namespace_id`, `module_name`, `group_id`, `field_id`, `field_param`, `field_display_name`, `mandatory_flag`, `default_order`, `status`, `creator_uid`, `create_time`, `operator_uid`, `update_time`, `group_path`) VALUES ((@field_scopes_id := @field_scopes_id + 1), '999973', 'enterprise_customer', '4', '141', '{\"fieldParamType\": \"select\", \"length\": 32}', '性别', '2', '1', '2', '1', '2017-08-19 09:14:28', NULL, NULL, '/4');
INSERT INTO `eh_var_field_scopes` (`id`, `namespace_id`, `module_name`, `group_id`, `field_id`, `field_param`, `field_display_name`, `mandatory_flag`, `default_order`, `status`, `creator_uid`, `create_time`, `operator_uid`, `update_time`, `group_path`) VALUES ((@field_scopes_id := @field_scopes_id + 1), '999973', 'enterprise_customer', '4', '142', '{\"fieldParamType\": \"text\", \"length\": 32}', '联系电话', '3', '1', '2', '1', '2017-08-19 09:14:28', NULL, NULL, '/4');
INSERT INTO `eh_var_field_scopes` (`id`, `namespace_id`, `module_name`, `group_id`, `field_id`, `field_param`, `field_display_name`, `mandatory_flag`, `default_order`, `status`, `creator_uid`, `create_time`, `operator_uid`, `update_time`, `group_path`) VALUES ((@field_scopes_id := @field_scopes_id + 1), '999973', 'enterprise_customer', '4', '143', '{\"fieldParamType\": \"select\", \"length\": 32}', '国籍', '4', '1', '2', '1', '2017-08-19 09:14:28', NULL, NULL, '/4');
INSERT INTO `eh_var_field_scopes` (`id`, `namespace_id`, `module_name`, `group_id`, `field_id`, `field_param`, `field_display_name`, `mandatory_flag`, `default_order`, `status`, `creator_uid`, `create_time`, `operator_uid`, `update_time`, `group_path`) VALUES ((@field_scopes_id := @field_scopes_id + 1), '999973', 'enterprise_customer', '4', '144', '{\"fieldParamType\": \"select\", \"length\": 32}', '最高学历', '5', '1', '2', '1', '2017-08-19 09:14:28', NULL, NULL, '/4');
INSERT INTO `eh_var_field_scopes` (`id`, `namespace_id`, `module_name`, `group_id`, `field_id`, `field_param`, `field_display_name`, `mandatory_flag`, `default_order`, `status`, `creator_uid`, `create_time`, `operator_uid`, `update_time`, `group_path`) VALUES ((@field_scopes_id := @field_scopes_id + 1), '999973', 'enterprise_customer', '4', '145', '{\"fieldParamType\": \"text\", \"length\": 32}', '毕业学校', '6', '1', '2', '1', '2017-08-19 09:14:28', NULL, NULL, '/4');
INSERT INTO `eh_var_field_scopes` (`id`, `namespace_id`, `module_name`, `group_id`, `field_id`, `field_param`, `field_display_name`, `mandatory_flag`, `default_order`, `status`, `creator_uid`, `create_time`, `operator_uid`, `update_time`, `group_path`) VALUES ((@field_scopes_id := @field_scopes_id + 1), '999973', 'enterprise_customer', '4', '146', '{\"fieldParamType\": \"text\", \"length\": 32}', '所属专业', '7', '1', '2', '1', '2017-08-19 09:14:28', NULL, NULL, '/4');
INSERT INTO `eh_var_field_scopes` (`id`, `namespace_id`, `module_name`, `group_id`, `field_id`, `field_param`, `field_display_name`, `mandatory_flag`, `default_order`, `status`, `creator_uid`, `create_time`, `operator_uid`, `update_time`, `group_path`) VALUES ((@field_scopes_id := @field_scopes_id + 1), '999973', 'enterprise_customer', '4', '147', '{\"fieldParamType\": \"text\", \"length\": 32}', '工作经验(年)', '8', '1', '2', '1', '2017-08-19 09:14:28', NULL, NULL, '/4');
INSERT INTO `eh_var_field_scopes` (`id`, `namespace_id`, `module_name`, `group_id`, `field_id`, `field_param`, `field_display_name`, `mandatory_flag`, `default_order`, `status`, `creator_uid`, `create_time`, `operator_uid`, `update_time`, `group_path`) VALUES ((@field_scopes_id := @field_scopes_id + 1), '999973', 'enterprise_customer', '4', '148', '{\"fieldParamType\": \"select\", \"length\": 32}', '是否海归', '9', '1', '2', '1', '2017-08-19 09:14:29', NULL, NULL, '/4');
INSERT INTO `eh_var_field_scopes` (`id`, `namespace_id`, `module_name`, `group_id`, `field_id`, `field_param`, `field_display_name`, `mandatory_flag`, `default_order`, `status`, `creator_uid`, `create_time`, `operator_uid`, `update_time`, `group_path`) VALUES ((@field_scopes_id := @field_scopes_id + 1), '999973', 'enterprise_customer', '4', '149', '{\"fieldParamType\": \"select\", \"length\": 32}', '留学国家', '10', '1', '2', '1', '2017-08-19 09:14:29', NULL, NULL, '/4');
INSERT INTO `eh_var_field_scopes` (`id`, `namespace_id`, `module_name`, `group_id`, `field_id`, `field_param`, `field_display_name`, `mandatory_flag`, `default_order`, `status`, `creator_uid`, `create_time`, `operator_uid`, `update_time`, `group_path`) VALUES ((@field_scopes_id := @field_scopes_id + 1), '999973', 'enterprise_customer', '4', '150', '{\"fieldParamType\": \"text\", \"length\": 32}', '聘任职务', '11', '1', '2', '1', '2017-08-19 09:14:29', NULL, NULL, '/4');
INSERT INTO `eh_var_field_scopes` (`id`, `namespace_id`, `module_name`, `group_id`, `field_id`, `field_param`, `field_display_name`, `mandatory_flag`, `default_order`, `status`, `creator_uid`, `create_time`, `operator_uid`, `update_time`, `group_path`) VALUES ((@field_scopes_id := @field_scopes_id + 1), '999973', 'enterprise_customer', '4', '151', '{\"fieldParamType\": \"select\", \"length\": 32}', '技术职称', '12', '1', '2', '1', '2017-08-19 09:14:29', NULL, NULL, '/4');
INSERT INTO `eh_var_field_scopes` (`id`, `namespace_id`, `module_name`, `group_id`, `field_id`, `field_param`, `field_display_name`, `mandatory_flag`, `default_order`, `status`, `creator_uid`, `create_time`, `operator_uid`, `update_time`, `group_path`) VALUES ((@field_scopes_id := @field_scopes_id + 1), '999973', 'enterprise_customer', '4', '152', '{\"fieldParamType\": \"select\", \"length\": 32}', '个人评定', '13', '1', '2', '1', '2017-08-19 09:14:29', NULL, NULL, '/4');
INSERT INTO `eh_var_field_scopes` (`id`, `namespace_id`, `module_name`, `group_id`, `field_id`, `field_param`, `field_display_name`, `mandatory_flag`, `default_order`, `status`, `creator_uid`, `create_time`, `operator_uid`, `update_time`, `group_path`) VALUES ((@field_scopes_id := @field_scopes_id + 1), '999973', 'enterprise_customer', '4', '153', '{\"fieldParamType\": \"text\", \"length\": 64}', '个人证书', '14', '1', '2', '1', '2017-08-19 09:14:29', NULL, NULL, '/4');
INSERT INTO `eh_var_field_scopes` (`id`, `namespace_id`, `module_name`, `group_id`, `field_id`, `field_param`, `field_display_name`, `mandatory_flag`, `default_order`, `status`, `creator_uid`, `create_time`, `operator_uid`, `update_time`, `group_path`) VALUES ((@field_scopes_id := @field_scopes_id + 1), '999973', 'enterprise_customer', '4', '154', '{\"fieldParamType\": \"text\", \"length\": 2048}', '主要职业经历', '15', '1', '2', '1', '2017-08-19 09:14:29', NULL, NULL, '/4');
INSERT INTO `eh_var_field_scopes` (`id`, `namespace_id`, `module_name`, `group_id`, `field_id`, `field_param`, `field_display_name`, `mandatory_flag`, `default_order`, `status`, `creator_uid`, `create_time`, `operator_uid`, `update_time`, `group_path`) VALUES ((@field_scopes_id := @field_scopes_id + 1), '999973', 'enterprise_customer', '4', '155', '{\"fieldParamType\": \"multiText\", \"length\": 2048}', '人才备注', '16', '1', '2', '1', '2017-08-19 09:14:29', NULL, NULL, '/4');
INSERT INTO `eh_var_field_scopes` (`id`, `namespace_id`, `module_name`, `group_id`, `field_id`, `field_param`, `field_display_name`, `mandatory_flag`, `default_order`, `status`, `creator_uid`, `create_time`, `operator_uid`, `update_time`, `group_path`) VALUES ((@field_scopes_id := @field_scopes_id + 1), '999973', 'enterprise_customer', '6', '156', '{\"fieldParamType\": \"text\", \"length\": 32}', '项目名称', '1', '1', '2', '1', '2017-08-19 09:48:57', NULL, NULL, '/6');
INSERT INTO `eh_var_field_scopes` (`id`, `namespace_id`, `module_name`, `group_id`, `field_id`, `field_param`, `field_display_name`, `mandatory_flag`, `default_order`, `status`, `creator_uid`, `create_time`, `operator_uid`, `update_time`, `group_path`) VALUES ((@field_scopes_id := @field_scopes_id + 1), '999973', 'enterprise_customer', '6', '157', '{\"fieldParamType\": \"select\", \"length\": 32}', '项目来源', '1', '2', '2', '1', '2017-08-19 09:48:57', NULL, NULL, '/6');
INSERT INTO `eh_var_field_scopes` (`id`, `namespace_id`, `module_name`, `group_id`, `field_id`, `field_param`, `field_display_name`, `mandatory_flag`, `default_order`, `status`, `creator_uid`, `create_time`, `operator_uid`, `update_time`, `group_path`) VALUES ((@field_scopes_id := @field_scopes_id + 1), '999973', 'enterprise_customer', '6', '158', '{\"fieldParamType\": \"datetime\", \"length\": 32}', '项目立项日期', '1', '3', '2', '1', '2017-08-19 09:48:57', NULL, NULL, '/6');
INSERT INTO `eh_var_field_scopes` (`id`, `namespace_id`, `module_name`, `group_id`, `field_id`, `field_param`, `field_display_name`, `mandatory_flag`, `default_order`, `status`, `creator_uid`, `create_time`, `operator_uid`, `update_time`, `group_path`) VALUES ((@field_scopes_id := @field_scopes_id + 1), '999973', 'enterprise_customer', '6', '159', '{\"fieldParamType\": \"datetime\", \"length\": 32}', '项目完成日期', '1', '4', '2', '1', '2017-08-19 09:48:57', NULL, NULL, '/6');
INSERT INTO `eh_var_field_scopes` (`id`, `namespace_id`, `module_name`, `group_id`, `field_id`, `field_param`, `field_display_name`, `mandatory_flag`, `default_order`, `status`, `creator_uid`, `create_time`, `operator_uid`, `update_time`, `group_path`) VALUES ((@field_scopes_id := @field_scopes_id + 1), '999973', 'enterprise_customer', '6', '160', '{\"fieldParamType\": \"text\", \"length\": 32}', '获批项目金额', '1', '5', '2', '1', '2017-08-19 09:48:57', NULL, NULL, '/6');
INSERT INTO `eh_var_field_scopes` (`id`, `namespace_id`, `module_name`, `group_id`, `field_id`, `field_param`, `field_display_name`, `mandatory_flag`, `default_order`, `status`, `creator_uid`, `create_time`, `operator_uid`, `update_time`, `group_path`) VALUES ((@field_scopes_id := @field_scopes_id + 1), '999973', 'enterprise_customer', '5', '161', '{\"fieldParamType\": \"text\", \"length\": 32}', '商标名称', '1', '1', '2', '1', '2017-08-23 10:56:15', NULL, NULL, '/17/5');
INSERT INTO `eh_var_field_scopes` (`id`, `namespace_id`, `module_name`, `group_id`, `field_id`, `field_param`, `field_display_name`, `mandatory_flag`, `default_order`, `status`, `creator_uid`, `create_time`, `operator_uid`, `update_time`, `group_path`) VALUES ((@field_scopes_id := @field_scopes_id + 1), '999973', 'enterprise_customer', '5', '162', '{\"fieldParamType\": \"datetime\", \"length\": 32}', '注册日期', '1', '2', '2', '1', '2017-08-23 10:56:15', NULL, NULL, '/17/5');
INSERT INTO `eh_var_field_scopes` (`id`, `namespace_id`, `module_name`, `group_id`, `field_id`, `field_param`, `field_display_name`, `mandatory_flag`, `default_order`, `status`, `creator_uid`, `create_time`, `operator_uid`, `update_time`, `group_path`) VALUES ((@field_scopes_id := @field_scopes_id + 1), '999973', 'enterprise_customer', '5', '163', '{\"fieldParamType\": \"select\", \"length\": 32}', '商标类型', '1', '3', '2', '1', '2017-08-23 10:56:16', NULL, NULL, '/17/5');
INSERT INTO `eh_var_field_scopes` (`id`, `namespace_id`, `module_name`, `group_id`, `field_id`, `field_param`, `field_display_name`, `mandatory_flag`, `default_order`, `status`, `creator_uid`, `create_time`, `operator_uid`, `update_time`, `group_path`) VALUES ((@field_scopes_id := @field_scopes_id + 1), '999973', 'enterprise_customer', '5', '164', '{\"fieldParamType\": \"text\", \"length\": 32}', '商标数量', '1', '4', '2', '1', '2017-08-23 10:56:16', NULL, NULL, '/17/5');
INSERT INTO `eh_var_field_scopes` (`id`, `namespace_id`, `module_name`, `group_id`, `field_id`, `field_param`, `field_display_name`, `mandatory_flag`, `default_order`, `status`, `creator_uid`, `create_time`, `operator_uid`, `update_time`, `group_path`) VALUES ((@field_scopes_id := @field_scopes_id + 1), '999973', 'enterprise_customer', '16', '166', '{\"fieldParamType\": \"text\", \"length\": 32}', '专利名称', '1', '2', '2', '1', '2017-08-24 01:20:50', NULL, NULL, '/17/16');
INSERT INTO `eh_var_field_scopes` (`id`, `namespace_id`, `module_name`, `group_id`, `field_id`, `field_param`, `field_display_name`, `mandatory_flag`, `default_order`, `status`, `creator_uid`, `create_time`, `operator_uid`, `update_time`, `group_path`) VALUES ((@field_scopes_id := @field_scopes_id + 1), '999973', 'enterprise_customer', '16', '167', '{\"fieldParamType\": \"text\", \"length\": 32}', '授权号', '1', '3', '2', '1', '2017-08-24 01:20:50', NULL, NULL, '/17/16');
INSERT INTO `eh_var_field_scopes` (`id`, `namespace_id`, `module_name`, `group_id`, `field_id`, `field_param`, `field_display_name`, `mandatory_flag`, `default_order`, `status`, `creator_uid`, `create_time`, `operator_uid`, `update_time`, `group_path`) VALUES ((@field_scopes_id := @field_scopes_id + 1), '999973', 'enterprise_customer', '16', '168', '{\"fieldParamType\": \"datetime\", \"length\": 32}', '注册日期', '1', '4', '2', '1', '2017-08-24 01:20:50', NULL, NULL, '/17/16');
INSERT INTO `eh_var_field_scopes` (`id`, `namespace_id`, `module_name`, `group_id`, `field_id`, `field_param`, `field_display_name`, `mandatory_flag`, `default_order`, `status`, `creator_uid`, `create_time`, `operator_uid`, `update_time`, `group_path`) VALUES ((@field_scopes_id := @field_scopes_id + 1), '999973', 'enterprise_customer', '16', '169', '{\"fieldParamType\": \"select\", \"length\": 32}', '专利类型', '1', '5', '2', '1', '2017-08-24 01:20:50', NULL, NULL, '/17/16');
INSERT INTO `eh_var_field_scopes` (`id`, `namespace_id`, `module_name`, `group_id`, `field_id`, `field_param`, `field_display_name`, `mandatory_flag`, `default_order`, `status`, `creator_uid`, `create_time`, `operator_uid`, `update_time`, `group_path`) VALUES ((@field_scopes_id := @field_scopes_id + 1), '999973', 'enterprise_customer', '16', '170', '{\"fieldParamType\": \"select\", \"length\": 32}', '专利状态', '1', '6', '2', '1', '2017-08-24 01:20:52', NULL, NULL, '/17/16');
INSERT INTO `eh_var_field_scopes` (`id`, `namespace_id`, `module_name`, `group_id`, `field_id`, `field_param`, `field_display_name`, `mandatory_flag`, `default_order`, `status`, `creator_uid`, `create_time`, `operator_uid`, `update_time`, `group_path`) VALUES ((@field_scopes_id := @field_scopes_id + 1), '999973', 'enterprise_customer', '7', '171', '{\"fieldParamType\": \"select\", \"length\": 32}', '企业类型', '1', '1', '2', '1', '2017-08-24 04:26:20', NULL, NULL, '/7');
INSERT INTO `eh_var_field_scopes` (`id`, `namespace_id`, `module_name`, `group_id`, `field_id`, `field_param`, `field_display_name`, `mandatory_flag`, `default_order`, `status`, `creator_uid`, `create_time`, `operator_uid`, `update_time`, `group_path`) VALUES ((@field_scopes_id := @field_scopes_id + 1), '999973', 'enterprise_customer', '7', '172', '{\"fieldParamType\": \"select\", \"length\": 32}', '控股情况', '1', '2', '2', '1', '2017-08-24 04:26:22', NULL, NULL, '/7');
INSERT INTO `eh_var_field_scopes` (`id`, `namespace_id`, `module_name`, `group_id`, `field_id`, `field_param`, `field_display_name`, `mandatory_flag`, `default_order`, `status`, `creator_uid`, `create_time`, `operator_uid`, `update_time`, `group_path`) VALUES ((@field_scopes_id := @field_scopes_id + 1), '999973', 'enterprise_customer', '7', '173', '{\"fieldParamType\": \"text\", \"length\": 32}', '联系人', '1', '2', '2', '1', '2017-08-24 04:26:23', NULL, NULL, '/7');
INSERT INTO `eh_var_field_scopes` (`id`, `namespace_id`, `module_name`, `group_id`, `field_id`, `field_param`, `field_display_name`, `mandatory_flag`, `default_order`, `status`, `creator_uid`, `create_time`, `operator_uid`, `update_time`, `group_path`) VALUES ((@field_scopes_id := @field_scopes_id + 1), '999973', 'enterprise_customer', '7', '174', '{\"fieldParamType\": \"text\", \"length\": 32}', '联系人电话', '1', '2', '2', '1', '2017-08-24 04:26:23', NULL, NULL, '/7');
INSERT INTO `eh_var_field_scopes` (`id`, `namespace_id`, `module_name`, `group_id`, `field_id`, `field_param`, `field_display_name`, `mandatory_flag`, `default_order`, `status`, `creator_uid`, `create_time`, `operator_uid`, `update_time`, `group_path`) VALUES ((@field_scopes_id := @field_scopes_id + 1), '999973', 'enterprise_customer', '7', '175', '{\"fieldParamType\": \"text\", \"length\": 32}', '统一社会信用代码', '1', '2', '2', '1', '2017-08-24 04:26:23', NULL, NULL, '/7');
INSERT INTO `eh_var_field_scopes` (`id`, `namespace_id`, `module_name`, `group_id`, `field_id`, `field_param`, `field_display_name`, `mandatory_flag`, `default_order`, `status`, `creator_uid`, `create_time`, `operator_uid`, `update_time`, `group_path`) VALUES ((@field_scopes_id := @field_scopes_id + 1), '999973', 'enterprise_customer', '7', '176', '{\"fieldParamType\": \"text\", \"length\": 32}', '主营业务', '1', '2', '2', '1', '2017-08-24 04:26:24', NULL, NULL, '/7');
INSERT INTO `eh_var_field_scopes` (`id`, `namespace_id`, `module_name`, `group_id`, `field_id`, `field_param`, `field_display_name`, `mandatory_flag`, `default_order`, `status`, `creator_uid`, `create_time`, `operator_uid`, `update_time`, `group_path`) VALUES ((@field_scopes_id := @field_scopes_id + 1), '999973', 'enterprise_customer', '7', '177', '{\"fieldParamType\": \"datetime\", \"length\": 32}', '成立日期', '1', '2', '2', '1', '2017-08-24 04:26:24', NULL, NULL, '/7');
INSERT INTO `eh_var_field_scopes` (`id`, `namespace_id`, `module_name`, `group_id`, `field_id`, `field_param`, `field_display_name`, `mandatory_flag`, `default_order`, `status`, `creator_uid`, `create_time`, `operator_uid`, `update_time`, `group_path`) VALUES ((@field_scopes_id := @field_scopes_id + 1), '999973', 'enterprise_customer', '7', '178', '{\"fieldParamType\": \"datetime\", \"length\": 32}', '税务登记日期', '1', '2', '2', '1', '2017-08-24 04:26:24', NULL, NULL, '/7');
INSERT INTO `eh_var_field_scopes` (`id`, `namespace_id`, `module_name`, `group_id`, `field_id`, `field_param`, `field_display_name`, `mandatory_flag`, `default_order`, `status`, `creator_uid`, `create_time`, `operator_uid`, `update_time`, `group_path`) VALUES ((@field_scopes_id := @field_scopes_id + 1), '999973', 'enterprise_customer', '7', '179', '{\"fieldParamType\": \"datetime\", \"length\": 32}', '有效开始日期', '1', '2', '2', '1', '2017-08-24 04:26:24', NULL, NULL, '/7');
INSERT INTO `eh_var_field_scopes` (`id`, `namespace_id`, `module_name`, `group_id`, `field_id`, `field_param`, `field_display_name`, `mandatory_flag`, `default_order`, `status`, `creator_uid`, `create_time`, `operator_uid`, `update_time`, `group_path`) VALUES ((@field_scopes_id := @field_scopes_id + 1), '999973', 'enterprise_customer', '7', '180', '{\"fieldParamType\": \"datetime\", \"length\": 32}', '有效截止日期', '1', '2', '2', '1', '2017-08-24 04:26:24', NULL, NULL, '/7');
INSERT INTO `eh_var_field_scopes` (`id`, `namespace_id`, `module_name`, `group_id`, `field_id`, `field_param`, `field_display_name`, `mandatory_flag`, `default_order`, `status`, `creator_uid`, `create_time`, `operator_uid`, `update_time`, `group_path`) VALUES ((@field_scopes_id := @field_scopes_id + 1), '999973', 'enterprise_customer', '7', '181', '{\"fieldParamType\": \"datetime\", \"length\": 32}', '变更日期', '1', '2', '2', '1', '2017-08-24 04:26:24', NULL, NULL, '/7');
INSERT INTO `eh_var_field_scopes` (`id`, `namespace_id`, `module_name`, `group_id`, `field_id`, `field_param`, `field_display_name`, `mandatory_flag`, `default_order`, `status`, `creator_uid`, `create_time`, `operator_uid`, `update_time`, `group_path`) VALUES ((@field_scopes_id := @field_scopes_id + 1), '999973', 'enterprise_customer', '7', '182', '{\"fieldParamType\": \"datetime\", \"length\": 32}', '出营业执照日期', '1', '2', '2', '1', '2017-08-24 04:26:24', NULL, NULL, '/7');
INSERT INTO `eh_var_field_scopes` (`id`, `namespace_id`, `module_name`, `group_id`, `field_id`, `field_param`, `field_display_name`, `mandatory_flag`, `default_order`, `status`, `creator_uid`, `create_time`, `operator_uid`, `update_time`, `group_path`) VALUES ((@field_scopes_id := @field_scopes_id + 1), '999973', 'enterprise_customer', '7', '183', '{\"fieldParamType\": \"datetime\", \"length\": 32}', '清算组备案日期', '1', '2', '2', '1', '2017-08-24 04:26:24', NULL, NULL, '/7');
INSERT INTO `eh_var_field_scopes` (`id`, `namespace_id`, `module_name`, `group_id`, `field_id`, `field_param`, `field_display_name`, `mandatory_flag`, `default_order`, `status`, `creator_uid`, `create_time`, `operator_uid`, `update_time`, `group_path`) VALUES ((@field_scopes_id := @field_scopes_id + 1), '999973', 'enterprise_customer', '7', '184', '{\"fieldParamType\": \"datetime\", \"length\": 32}', '注销日期', '1', '2', '2', '1', '2017-08-24 04:26:24', NULL, NULL, '/7');
INSERT INTO `eh_var_field_scopes` (`id`, `namespace_id`, `module_name`, `group_id`, `field_id`, `field_param`, `field_display_name`, `mandatory_flag`, `default_order`, `status`, `creator_uid`, `create_time`, `operator_uid`, `update_time`, `group_path`) VALUES ((@field_scopes_id := @field_scopes_id + 1), '999973', 'enterprise_customer', '7', '185', '{\"fieldParamType\": \"text\", \"length\": 32}', '注册地址', '1', '2', '2', '1', '2017-08-24 04:26:24', NULL, NULL, '/7');
INSERT INTO `eh_var_field_scopes` (`id`, `namespace_id`, `module_name`, `group_id`, `field_id`, `field_param`, `field_display_name`, `mandatory_flag`, `default_order`, `status`, `creator_uid`, `create_time`, `operator_uid`, `update_time`, `group_path`) VALUES ((@field_scopes_id := @field_scopes_id + 1), '999973', 'enterprise_customer', '7', '186', '{\"fieldParamType\": \"text\", \"length\": 32}', '注册资金', '1', '2', '2', '1', '2017-08-24 04:26:25', NULL, NULL, '/7');
INSERT INTO `eh_var_field_scopes` (`id`, `namespace_id`, `module_name`, `group_id`, `field_id`, `field_param`, `field_display_name`, `mandatory_flag`, `default_order`, `status`, `creator_uid`, `create_time`, `operator_uid`, `update_time`, `group_path`) VALUES ((@field_scopes_id := @field_scopes_id + 1), '999973', 'enterprise_customer', '7', '187', '{\"fieldParamType\": \"text\", \"length\": 32}', '实到资金', '1', '2', '2', '1', '2017-08-24 04:26:25', NULL, NULL, '/7');
INSERT INTO `eh_var_field_scopes` (`id`, `namespace_id`, `module_name`, `group_id`, `field_id`, `field_param`, `field_display_name`, `mandatory_flag`, `default_order`, `status`, `creator_uid`, `create_time`, `operator_uid`, `update_time`, `group_path`) VALUES ((@field_scopes_id := @field_scopes_id + 1), '999973', 'enterprise_customer', '7', '188', '{\"fieldParamType\": \"select\", \"length\": 32}', '房产性质', '1', '2', '2', '1', '2017-08-24 04:26:25', NULL, NULL, '/7');
INSERT INTO `eh_var_field_scopes` (`id`, `namespace_id`, `module_name`, `group_id`, `field_id`, `field_param`, `field_display_name`, `mandatory_flag`, `default_order`, `status`, `creator_uid`, `create_time`, `operator_uid`, `update_time`, `group_path`) VALUES ((@field_scopes_id := @field_scopes_id + 1), '999973', 'enterprise_customer', '8', '189', '{\"fieldParamType\": \"text\", \"length\": 32}', '获得政府扶持项目', '1', '2', '2', '1', '2017-08-24 12:40:45', NULL, NULL, '/8');
INSERT INTO `eh_var_field_scopes` (`id`, `namespace_id`, `module_name`, `group_id`, `field_id`, `field_param`, `field_display_name`, `mandatory_flag`, `default_order`, `status`, `creator_uid`, `create_time`, `operator_uid`, `update_time`, `group_path`) VALUES ((@field_scopes_id := @field_scopes_id + 1), '999973', 'enterprise_customer', '8', '190', '{\"fieldParamType\": \"text\", \"length\": 32}', '银行贷款', '1', '2', '2', '1', '2017-08-24 12:40:46', NULL, NULL, '/8');
INSERT INTO `eh_var_field_scopes` (`id`, `namespace_id`, `module_name`, `group_id`, `field_id`, `field_param`, `field_display_name`, `mandatory_flag`, `default_order`, `status`, `creator_uid`, `create_time`, `operator_uid`, `update_time`, `group_path`) VALUES ((@field_scopes_id := @field_scopes_id + 1), '999973', 'enterprise_customer', '8', '191', '{\"fieldParamType\": \"text\", \"length\": 32}', '股权融资', '1', '2', '2', '1', '2017-08-24 12:40:46', NULL, NULL, '/8');
INSERT INTO `eh_var_field_scopes` (`id`, `namespace_id`, `module_name`, `group_id`, `field_id`, `field_param`, `field_display_name`, `mandatory_flag`, `default_order`, `status`, `creator_uid`, `create_time`, `operator_uid`, `update_time`, `group_path`) VALUES ((@field_scopes_id := @field_scopes_id + 1), '999973', 'enterprise_customer', '9', '192', '{\"fieldParamType\": \"text\", \"length\": 32}', '资产总计', '1', '2', '2', '1', '2017-08-25 02:27:27', NULL, NULL, '/9');
INSERT INTO `eh_var_field_scopes` (`id`, `namespace_id`, `module_name`, `group_id`, `field_id`, `field_param`, `field_display_name`, `mandatory_flag`, `default_order`, `status`, `creator_uid`, `create_time`, `operator_uid`, `update_time`, `group_path`) VALUES ((@field_scopes_id := @field_scopes_id + 1), '999973', 'enterprise_customer', '9', '193', '{\"fieldParamType\": \"text\", \"length\": 32}', '利润总额', '1', '2', '2', '1', '2017-08-25 02:27:28', NULL, NULL, '/9');
INSERT INTO `eh_var_field_scopes` (`id`, `namespace_id`, `module_name`, `group_id`, `field_id`, `field_param`, `field_display_name`, `mandatory_flag`, `default_order`, `status`, `creator_uid`, `create_time`, `operator_uid`, `update_time`, `group_path`) VALUES ((@field_scopes_id := @field_scopes_id + 1), '999973', 'enterprise_customer', '9', '194', '{\"fieldParamType\": \"text\", \"length\": 32}', '销售额', '1', '2', '2', '1', '2017-08-25 02:27:28', NULL, NULL, '/9');
INSERT INTO `eh_var_field_scopes` (`id`, `namespace_id`, `module_name`, `group_id`, `field_id`, `field_param`, `field_display_name`, `mandatory_flag`, `default_order`, `status`, `creator_uid`, `create_time`, `operator_uid`, `update_time`, `group_path`) VALUES ((@field_scopes_id := @field_scopes_id + 1), '999973', 'enterprise_customer', '9', '195', '{\"fieldParamType\": \"text\", \"length\": 32}', '营业额', '1', '2', '2', '1', '2017-08-25 02:27:28', NULL, NULL, '/9');
INSERT INTO `eh_var_field_scopes` (`id`, `namespace_id`, `module_name`, `group_id`, `field_id`, `field_param`, `field_display_name`, `mandatory_flag`, `default_order`, `status`, `creator_uid`, `create_time`, `operator_uid`, `update_time`, `group_path`) VALUES ((@field_scopes_id := @field_scopes_id + 1), '999973', 'enterprise_customer', '9', '196', '{\"fieldParamType\": \"text\", \"length\": 32}', '税收指标', '1', '2', '2', '1', '2017-08-25 02:27:28', NULL, NULL, '/9');
INSERT INTO `eh_var_field_scopes` (`id`, `namespace_id`, `module_name`, `group_id`, `field_id`, `field_param`, `field_display_name`, `mandatory_flag`, `default_order`, `status`, `creator_uid`, `create_time`, `operator_uid`, `update_time`, `group_path`) VALUES ((@field_scopes_id := @field_scopes_id + 1), '999973', 'enterprise_customer', '9', '197', '{\"fieldParamType\": \"text\", \"length\": 32}', '纳税额', '1', '2', '2', '1', '2017-08-25 02:27:29', NULL, NULL, '/9');
INSERT INTO `eh_var_field_scopes` (`id`, `namespace_id`, `module_name`, `group_id`, `field_id`, `field_param`, `field_display_name`, `mandatory_flag`, `default_order`, `status`, `creator_uid`, `create_time`, `operator_uid`, `update_time`, `group_path`) VALUES ((@field_scopes_id := @field_scopes_id + 1), '999973', 'enterprise_customer', '9', '198', '{\"fieldParamType\": \"text\", \"length\": 32}', '增值税', '1', '2', '2', '1', '2017-08-25 02:27:29', NULL, NULL, '/9');
INSERT INTO `eh_var_field_scopes` (`id`, `namespace_id`, `module_name`, `group_id`, `field_id`, `field_param`, `field_display_name`, `mandatory_flag`, `default_order`, `status`, `creator_uid`, `create_time`, `operator_uid`, `update_time`, `group_path`) VALUES ((@field_scopes_id := @field_scopes_id + 1), '999973', 'enterprise_customer', '9', '199', '{\"fieldParamType\": \"text\", \"length\": 32}', '营业税', '1', '2', '2', '1', '2017-08-25 02:27:29', NULL, NULL, '/9');
INSERT INTO `eh_var_field_scopes` (`id`, `namespace_id`, `module_name`, `group_id`, `field_id`, `field_param`, `field_display_name`, `mandatory_flag`, `default_order`, `status`, `creator_uid`, `create_time`, `operator_uid`, `update_time`, `group_path`) VALUES ((@field_scopes_id := @field_scopes_id + 1), '999973', 'enterprise_customer', '9', '200', '{\"fieldParamType\": \"text\", \"length\": 32}', '企业所得税', '1', '2', '2', '1', '2017-08-25 02:27:29', NULL, NULL, '/9');
INSERT INTO `eh_var_field_scopes` (`id`, `namespace_id`, `module_name`, `group_id`, `field_id`, `field_param`, `field_display_name`, `mandatory_flag`, `default_order`, `status`, `creator_uid`, `create_time`, `operator_uid`, `update_time`, `group_path`) VALUES ((@field_scopes_id := @field_scopes_id + 1), '999973', 'enterprise_customer', '9', '201', '{\"fieldParamType\": \"text\", \"length\": 32}', '外企所得税', '1', '2', '2', '1', '2017-08-25 02:27:29', NULL, NULL, '/9');
INSERT INTO `eh_var_field_scopes` (`id`, `namespace_id`, `module_name`, `group_id`, `field_id`, `field_param`, `field_display_name`, `mandatory_flag`, `default_order`, `status`, `creator_uid`, `create_time`, `operator_uid`, `update_time`, `group_path`) VALUES ((@field_scopes_id := @field_scopes_id + 1), '999973', 'enterprise_customer', '9', '202', '{\"fieldParamType\": \"text\", \"length\": 32}', '个人所得税', '1', '2', '2', '1', '2017-08-25 02:27:30', NULL, NULL, '/9');
INSERT INTO `eh_var_field_scopes` (`id`, `namespace_id`, `module_name`, `group_id`, `field_id`, `field_param`, `field_display_name`, `mandatory_flag`, `default_order`, `status`, `creator_uid`, `create_time`, `operator_uid`, `update_time`, `group_path`) VALUES ((@field_scopes_id := @field_scopes_id + 1), '999973', 'enterprise_customer', '9', '203', '{\"fieldParamType\": \"text\", \"length\": 32}', '税费合计', '1', '2', '2', '1', '2017-08-25 02:27:30', NULL, NULL, '/9');
INSERT INTO `eh_var_field_scopes` (`id`, `namespace_id`, `module_name`, `group_id`, `field_id`, `field_param`, `field_display_name`, `mandatory_flag`, `default_order`, `status`, `creator_uid`, `create_time`, `operator_uid`, `update_time`, `group_path`) VALUES ((@field_scopes_id := @field_scopes_id + 1), '999973', 'enterprise_customer', '18', '204', '{\"fieldParamType\": \"text\", \"length\": 32}', '证书名称', '1', '1', '2', '1', '2017-08-23 10:56:15', NULL, NULL, '/17/18');
INSERT INTO `eh_var_field_scopes` (`id`, `namespace_id`, `module_name`, `group_id`, `field_id`, `field_param`, `field_display_name`, `mandatory_flag`, `default_order`, `status`, `creator_uid`, `create_time`, `operator_uid`, `update_time`, `group_path`) VALUES ((@field_scopes_id := @field_scopes_id + 1), '999973', 'enterprise_customer', '18', '205', '{\"fieldParamType\": \"text\", \"length\": 32}', '证书编号', '1', '2', '2', '1', '2017-08-23 10:56:15', NULL, NULL, '/17/18');
INSERT INTO `eh_var_field_scopes` (`id`, `namespace_id`, `module_name`, `group_id`, `field_id`, `field_param`, `field_display_name`, `mandatory_flag`, `default_order`, `status`, `creator_uid`, `create_time`, `operator_uid`, `update_time`, `group_path`) VALUES ((@field_scopes_id := @field_scopes_id + 1), '999973', 'enterprise_customer', '18', '206', '{\"fieldParamType\": \"datetime\", \"length\": 32}', '获得日期', '1', '3', '2', '1', '2017-08-23 10:56:15', NULL, NULL, '/17/18');
INSERT INTO `eh_var_field_scopes` (`id`, `namespace_id`, `module_name`, `group_id`, `field_id`, `field_param`, `field_display_name`, `mandatory_flag`, `default_order`, `status`, `creator_uid`, `create_time`, `operator_uid`, `update_time`, `group_path`) VALUES ((@field_scopes_id := @field_scopes_id + 1), '999973', 'contract', '14', '207', '{\"fieldParamType\": \"text\", \"length\": 32}', '租赁周期', '1', '112', '2', '1', '2017-08-18 02:24:52', NULL, NULL, '/13/14');
INSERT INTO `eh_var_field_scopes` (`id`, `namespace_id`, `module_name`, `group_id`, `field_id`, `field_param`, `field_display_name`, `mandatory_flag`, `default_order`, `status`, `creator_uid`, `create_time`, `operator_uid`, `update_time`, `group_path`) VALUES ((@field_scopes_id := @field_scopes_id + 1), '999973', 'enterprise_customer', '6', '208', '{\"fieldParamType\": \"select\", \"length\": 32}', '项目状态', '1', '6', '2', '1', '2017-08-19 09:48:57', NULL, NULL, '/6');

INSERT INTO `eh_var_field_scopes` (`id`, `namespace_id`, `module_name`, `group_id`, `field_id`, `field_param`, `field_display_name`, `mandatory_flag`, `default_order`, `status`, `creator_uid`, `create_time`, `operator_uid`, `update_time`, `group_path`) VALUES ((@field_scopes_id := @field_scopes_id + 1), '999974', 'enterprise_customer', '10', '1', '{\"fieldParamType\": \"text\", \"length\": 32}', '客户编号', '1', '1', '2', '1', '2017-08-18 02:24:31', NULL, NULL, '/1/10');
INSERT INTO `eh_var_field_scopes` (`id`, `namespace_id`, `module_name`, `group_id`, `field_id`, `field_param`, `field_display_name`, `mandatory_flag`, `default_order`, `status`, `creator_uid`, `create_time`, `operator_uid`, `update_time`, `group_path`) VALUES ((@field_scopes_id := @field_scopes_id + 1), '999974', 'enterprise_customer', '10', '2', '{\"fieldParamType\": \"text\", \"length\": 32}', '客户名称', '1', '2', '2', '1', '2017-08-18 02:24:31', NULL, NULL, '/1/10');
INSERT INTO `eh_var_field_scopes` (`id`, `namespace_id`, `module_name`, `group_id`, `field_id`, `field_param`, `field_display_name`, `mandatory_flag`, `default_order`, `status`, `creator_uid`, `create_time`, `operator_uid`, `update_time`, `group_path`) VALUES ((@field_scopes_id := @field_scopes_id + 1), '999974', 'enterprise_customer', '10', '3', '{\"fieldParamType\": \"text\", \"length\": 32}', '简称', '1', '3', '2', '1', '2017-08-18 02:24:31', NULL, NULL, '/1/10');
INSERT INTO `eh_var_field_scopes` (`id`, `namespace_id`, `module_name`, `group_id`, `field_id`, `field_param`, `field_display_name`, `mandatory_flag`, `default_order`, `status`, `creator_uid`, `create_time`, `operator_uid`, `update_time`, `group_path`) VALUES ((@field_scopes_id := @field_scopes_id + 1), '999974', 'enterprise_customer', '10', '4', '{\"fieldParamType\": \"select\", \"length\": 32}', '客户类型', '1', '4', '2', '1', '2017-08-18 02:24:31', NULL, NULL, '/1/10');
INSERT INTO `eh_var_field_scopes` (`id`, `namespace_id`, `module_name`, `group_id`, `field_id`, `field_param`, `field_display_name`, `mandatory_flag`, `default_order`, `status`, `creator_uid`, `create_time`, `operator_uid`, `update_time`, `group_path`) VALUES ((@field_scopes_id := @field_scopes_id + 1), '999974', 'enterprise_customer', '10', '5', '{\"fieldParamType\": \"select\", \"length\": 32}', '客户级别', '1', '5', '2', '1', '2017-08-18 02:24:32', NULL, NULL, '/1/10');
INSERT INTO `eh_var_field_scopes` (`id`, `namespace_id`, `module_name`, `group_id`, `field_id`, `field_param`, `field_display_name`, `mandatory_flag`, `default_order`, `status`, `creator_uid`, `create_time`, `operator_uid`, `update_time`, `group_path`) VALUES ((@field_scopes_id := @field_scopes_id + 1), '999974', 'enterprise_customer', '10', '6', '{\"fieldParamType\": \"select\", \"length\": 32}', '认知途径', '1', '6', '2', '1', '2017-08-18 02:24:32', NULL, NULL, '/1/10');
INSERT INTO `eh_var_field_scopes` (`id`, `namespace_id`, `module_name`, `group_id`, `field_id`, `field_param`, `field_display_name`, `mandatory_flag`, `default_order`, `status`, `creator_uid`, `create_time`, `operator_uid`, `update_time`, `group_path`) VALUES ((@field_scopes_id := @field_scopes_id + 1), '999974', 'enterprise_customer', '10', '7', '{\"fieldParamType\": \"text\", \"length\": 32}', '联系人', '1', '7', '2', '1', '2017-08-18 02:24:32', NULL, NULL, '/1/10');
INSERT INTO `eh_var_field_scopes` (`id`, `namespace_id`, `module_name`, `group_id`, `field_id`, `field_param`, `field_display_name`, `mandatory_flag`, `default_order`, `status`, `creator_uid`, `create_time`, `operator_uid`, `update_time`, `group_path`) VALUES ((@field_scopes_id := @field_scopes_id + 1), '999974', 'enterprise_customer', '10', '8', '{\"fieldParamType\": \"select\", \"length\": 32}', '联系人性别', '1', '8', '2', '1', '2017-08-18 02:24:32', NULL, NULL, '/1/10');
INSERT INTO `eh_var_field_scopes` (`id`, `namespace_id`, `module_name`, `group_id`, `field_id`, `field_param`, `field_display_name`, `mandatory_flag`, `default_order`, `status`, `creator_uid`, `create_time`, `operator_uid`, `update_time`, `group_path`) VALUES ((@field_scopes_id := @field_scopes_id + 1), '999974', 'enterprise_customer', '10', '9', '{\"fieldParamType\": \"text\", \"length\": 32}', '手机号码', '1', '9', '2', '1', '2017-08-18 02:24:32', NULL, NULL, '/1/10');
INSERT INTO `eh_var_field_scopes` (`id`, `namespace_id`, `module_name`, `group_id`, `field_id`, `field_param`, `field_display_name`, `mandatory_flag`, `default_order`, `status`, `creator_uid`, `create_time`, `operator_uid`, `update_time`, `group_path`) VALUES ((@field_scopes_id := @field_scopes_id + 1), '999974', 'enterprise_customer', '10', '10', '{\"fieldParamType\": \"text\", \"length\": 32}', '座机号码', '1', '10', '2', '1', '2017-08-18 02:24:33', NULL, NULL, '/1/10');
INSERT INTO `eh_var_field_scopes` (`id`, `namespace_id`, `module_name`, `group_id`, `field_id`, `field_param`, `field_display_name`, `mandatory_flag`, `default_order`, `status`, `creator_uid`, `create_time`, `operator_uid`, `update_time`, `group_path`) VALUES ((@field_scopes_id := @field_scopes_id + 1), '999974', 'enterprise_customer', '10', '11', '{\"fieldParamType\": \"text\", \"length\": 32}', '办公电话', '1', '11', '2', '1', '2017-08-18 02:24:33', NULL, NULL, '/1/10');
INSERT INTO `eh_var_field_scopes` (`id`, `namespace_id`, `module_name`, `group_id`, `field_id`, `field_param`, `field_display_name`, `mandatory_flag`, `default_order`, `status`, `creator_uid`, `create_time`, `operator_uid`, `update_time`, `group_path`) VALUES ((@field_scopes_id := @field_scopes_id + 1), '999974', 'enterprise_customer', '10', '12', '{\"fieldParamType\": \"text\", \"length\": 32}', '家庭电话', '1', '12', '2', '1', '2017-08-18 02:24:33', NULL, NULL, '/1/10');
INSERT INTO `eh_var_field_scopes` (`id`, `namespace_id`, `module_name`, `group_id`, `field_id`, `field_param`, `field_display_name`, `mandatory_flag`, `default_order`, `status`, `creator_uid`, `create_time`, `operator_uid`, `update_time`, `group_path`) VALUES ((@field_scopes_id := @field_scopes_id + 1), '999974', 'enterprise_customer', '10', '13', '{\"fieldParamType\": \"text\", \"length\": 32}', '电子邮件', '1', '13', '2', '1', '2017-08-18 02:24:33', NULL, NULL, '/1/10');
INSERT INTO `eh_var_field_scopes` (`id`, `namespace_id`, `module_name`, `group_id`, `field_id`, `field_param`, `field_display_name`, `mandatory_flag`, `default_order`, `status`, `creator_uid`, `create_time`, `operator_uid`, `update_time`, `group_path`) VALUES ((@field_scopes_id := @field_scopes_id + 1), '999974', 'enterprise_customer', '11', '14', '{\"fieldParamType\": \"text\", \"length\": 32}', '传真', '1', '14', '2', '1', '2017-08-18 02:24:33', NULL, NULL, '/1/11');
INSERT INTO `eh_var_field_scopes` (`id`, `namespace_id`, `module_name`, `group_id`, `field_id`, `field_param`, `field_display_name`, `mandatory_flag`, `default_order`, `status`, `creator_uid`, `create_time`, `operator_uid`, `update_time`, `group_path`) VALUES ((@field_scopes_id := @field_scopes_id + 1), '999974', 'enterprise_customer', '11', '15', '{\"fieldParamType\": \"text\", \"length\": 32}', '地址', '1', '15', '2', '1', '2017-08-18 02:24:34', NULL, NULL, '/1/11');
INSERT INTO `eh_var_field_scopes` (`id`, `namespace_id`, `module_name`, `group_id`, `field_id`, `field_param`, `field_display_name`, `mandatory_flag`, `default_order`, `status`, `creator_uid`, `create_time`, `operator_uid`, `update_time`, `group_path`) VALUES ((@field_scopes_id := @field_scopes_id + 1), '999974', 'enterprise_customer', '11', '16', '{\"fieldParamType\": \"text\", \"length\": 32}', '企业邮箱', '1', '16', '2', '1', '2017-08-18 02:24:34', NULL, NULL, '/1/11');
INSERT INTO `eh_var_field_scopes` (`id`, `namespace_id`, `module_name`, `group_id`, `field_id`, `field_param`, `field_display_name`, `mandatory_flag`, `default_order`, `status`, `creator_uid`, `create_time`, `operator_uid`, `update_time`, `group_path`) VALUES ((@field_scopes_id := @field_scopes_id + 1), '999974', 'enterprise_customer', '11', '17', '{\"fieldParamType\": \"text\", \"length\": 32}', '企业网址', '1', '17', '2', '1', '2017-08-18 02:24:34', NULL, NULL, '/1/11');
INSERT INTO `eh_var_field_scopes` (`id`, `namespace_id`, `module_name`, `group_id`, `field_id`, `field_param`, `field_display_name`, `mandatory_flag`, `default_order`, `status`, `creator_uid`, `create_time`, `operator_uid`, `update_time`, `group_path`) VALUES ((@field_scopes_id := @field_scopes_id + 1), '999974', 'enterprise_customer', '11', '18', '{\"fieldParamType\": \"text\", \"length\": 32}', '注册地址', '1', '18', '2', '1', '2017-08-18 02:24:34', NULL, NULL, '/1/11');
INSERT INTO `eh_var_field_scopes` (`id`, `namespace_id`, `module_name`, `group_id`, `field_id`, `field_param`, `field_display_name`, `mandatory_flag`, `default_order`, `status`, `creator_uid`, `create_time`, `operator_uid`, `update_time`, `group_path`) VALUES ((@field_scopes_id := @field_scopes_id + 1), '999974', 'enterprise_customer', '11', '19', '{\"fieldParamType\": \"text\", \"length\": 32}', '经营地址', '1', '19', '2', '1', '2017-08-18 02:24:34', NULL, NULL, '/1/11');
INSERT INTO `eh_var_field_scopes` (`id`, `namespace_id`, `module_name`, `group_id`, `field_id`, `field_param`, `field_display_name`, `mandatory_flag`, `default_order`, `status`, `creator_uid`, `create_time`, `operator_uid`, `update_time`, `group_path`) VALUES ((@field_scopes_id := @field_scopes_id + 1), '999974', 'enterprise_customer', '11', '20', '{\"fieldParamType\": \"text\", \"length\": 32}', '法人代表', '1', '20', '2', '1', '2017-08-18 02:24:34', NULL, NULL, '/1/11');
INSERT INTO `eh_var_field_scopes` (`id`, `namespace_id`, `module_name`, `group_id`, `field_id`, `field_param`, `field_display_name`, `mandatory_flag`, `default_order`, `status`, `creator_uid`, `create_time`, `operator_uid`, `update_time`, `group_path`) VALUES ((@field_scopes_id := @field_scopes_id + 1), '999974', 'enterprise_customer', '11', '21', '{\"fieldParamType\": \"text\", \"length\": 32}', '注册资金(万元)', '1', '21', '2', '1', '2017-08-18 02:24:34', NULL, NULL, '/1/11');
INSERT INTO `eh_var_field_scopes` (`id`, `namespace_id`, `module_name`, `group_id`, `field_id`, `field_param`, `field_display_name`, `mandatory_flag`, `default_order`, `status`, `creator_uid`, `create_time`, `operator_uid`, `update_time`, `group_path`) VALUES ((@field_scopes_id := @field_scopes_id + 1), '999974', 'enterprise_customer', '11', '22', '{\"fieldParamType\": \"select\", \"length\": 32}', '企业性质', '1', '22', '2', '1', '2017-08-18 02:24:34', NULL, NULL, '/1/11');
INSERT INTO `eh_var_field_scopes` (`id`, `namespace_id`, `module_name`, `group_id`, `field_id`, `field_param`, `field_display_name`, `mandatory_flag`, `default_order`, `status`, `creator_uid`, `create_time`, `operator_uid`, `update_time`, `group_path`) VALUES ((@field_scopes_id := @field_scopes_id + 1), '999974', 'enterprise_customer', '11', '23', '{\"fieldParamType\": \"text\", \"length\": 32}', '企业规模', '1', '23', '2', '1', '2017-08-18 02:24:34', NULL, NULL, '/1/11');
INSERT INTO `eh_var_field_scopes` (`id`, `namespace_id`, `module_name`, `group_id`, `field_id`, `field_param`, `field_display_name`, `mandatory_flag`, `default_order`, `status`, `creator_uid`, `create_time`, `operator_uid`, `update_time`, `group_path`) VALUES ((@field_scopes_id := @field_scopes_id + 1), '999974', 'enterprise_customer', '11', '24', '{\"fieldParamType\": \"select\", \"length\": 32}', '行业类型', '1', '24', '2', '1', '2017-08-18 02:24:34', NULL, NULL, '/1/11');
INSERT INTO `eh_var_field_scopes` (`id`, `namespace_id`, `module_name`, `group_id`, `field_id`, `field_param`, `field_display_name`, `mandatory_flag`, `default_order`, `status`, `creator_uid`, `create_time`, `operator_uid`, `update_time`, `group_path`) VALUES ((@field_scopes_id := @field_scopes_id + 1), '999974', 'enterprise_customer', '11', '25', '{\"fieldParamType\": \"select\", \"length\": 32}', '企业定位', '1', '25', '2', '1', '2017-08-18 02:24:34', NULL, NULL, '/1/11');
INSERT INTO `eh_var_field_scopes` (`id`, `namespace_id`, `module_name`, `group_id`, `field_id`, `field_param`, `field_display_name`, `mandatory_flag`, `default_order`, `status`, `creator_uid`, `create_time`, `operator_uid`, `update_time`, `group_path`) VALUES ((@field_scopes_id := @field_scopes_id + 1), '999974', 'enterprise_customer', '11', '26', '{\"fieldParamType\": \"text\", \"length\": 32}', '年营业额(万元)', '1', '26', '2', '1', '2017-08-18 02:24:34', NULL, NULL, '/1/11');
INSERT INTO `eh_var_field_scopes` (`id`, `namespace_id`, `module_name`, `group_id`, `field_id`, `field_param`, `field_display_name`, `mandatory_flag`, `default_order`, `status`, `creator_uid`, `create_time`, `operator_uid`, `update_time`, `group_path`) VALUES ((@field_scopes_id := @field_scopes_id + 1), '999974', 'enterprise_customer', '11', '27', '{\"fieldParamType\": \"text\", \"length\": 32}', '营业范围', '1', '27', '2', '1', '2017-08-18 02:24:34', NULL, NULL, '/1/11');
INSERT INTO `eh_var_field_scopes` (`id`, `namespace_id`, `module_name`, `group_id`, `field_id`, `field_param`, `field_display_name`, `mandatory_flag`, `default_order`, `status`, `creator_uid`, `create_time`, `operator_uid`, `update_time`, `group_path`) VALUES ((@field_scopes_id := @field_scopes_id + 1), '999974', 'enterprise_customer', '11', '28', '{\"fieldParamType\": \"text\", \"length\": 32}', '营业执照号', '1', '28', '2', '1', '2017-08-18 02:24:34', NULL, NULL, '/1/11');
INSERT INTO `eh_var_field_scopes` (`id`, `namespace_id`, `module_name`, `group_id`, `field_id`, `field_param`, `field_display_name`, `mandatory_flag`, `default_order`, `status`, `creator_uid`, `create_time`, `operator_uid`, `update_time`, `group_path`) VALUES ((@field_scopes_id := @field_scopes_id + 1), '999974', 'enterprise_customer', '11', '30', '{\"fieldParamType\": \"text\", \"length\": 32}', '门牌号', '1', '29', '2', '1', '2017-08-18 02:24:34', NULL, NULL, '/1/11');
INSERT INTO `eh_var_field_scopes` (`id`, `namespace_id`, `module_name`, `group_id`, `field_id`, `field_param`, `field_display_name`, `mandatory_flag`, `default_order`, `status`, `creator_uid`, `create_time`, `operator_uid`, `update_time`, `group_path`) VALUES ((@field_scopes_id := @field_scopes_id + 1), '999974', 'enterprise_customer', '11', '31', '{\"fieldParamType\": \"text\", \"length\": 32}', '场地面积', '1', '30', '2', '1', '2017-08-18 02:24:35', NULL, NULL, '/1/11');
INSERT INTO `eh_var_field_scopes` (`id`, `namespace_id`, `module_name`, `group_id`, `field_id`, `field_param`, `field_display_name`, `mandatory_flag`, `default_order`, `status`, `creator_uid`, `create_time`, `operator_uid`, `update_time`, `group_path`) VALUES ((@field_scopes_id := @field_scopes_id + 1), '999974', 'enterprise_customer', '11', '32', '{\"fieldParamType\": \"datetime\", \"length\": 32}', '入住园区日期', '1', '31', '2', '1', '2017-08-18 02:24:35', NULL, NULL, '/1/11');
INSERT INTO `eh_var_field_scopes` (`id`, `namespace_id`, `module_name`, `group_id`, `field_id`, `field_param`, `field_display_name`, `mandatory_flag`, `default_order`, `status`, `creator_uid`, `create_time`, `operator_uid`, `update_time`, `group_path`) VALUES ((@field_scopes_id := @field_scopes_id + 1), '999974', 'enterprise_customer', '11', '33', '{\"fieldParamType\": \"select\", \"length\": 32}', '产品类型', '1', '32', '2', '1', '2017-08-18 02:24:35', NULL, NULL, '/1/11');
INSERT INTO `eh_var_field_scopes` (`id`, `namespace_id`, `module_name`, `group_id`, `field_id`, `field_param`, `field_display_name`, `mandatory_flag`, `default_order`, `status`, `creator_uid`, `create_time`, `operator_uid`, `update_time`, `group_path`) VALUES ((@field_scopes_id := @field_scopes_id + 1), '999974', 'enterprise_customer', '11', '34', '{\"fieldParamType\": \"text\", \"length\": 32}', '主要技术及产品', '1', '33', '2', '1', '2017-08-18 02:24:35', NULL, NULL, '/1/11');
INSERT INTO `eh_var_field_scopes` (`id`, `namespace_id`, `module_name`, `group_id`, `field_id`, `field_param`, `field_display_name`, `mandatory_flag`, `default_order`, `status`, `creator_uid`, `create_time`, `operator_uid`, `update_time`, `group_path`) VALUES ((@field_scopes_id := @field_scopes_id + 1), '999974', 'enterprise_customer', '11', '35', '{\"fieldParamType\": \"select\", \"length\": 32}', '企业资质认证', '1', '34', '2', '1', '2017-08-18 02:24:35', NULL, NULL, '/1/11');
INSERT INTO `eh_var_field_scopes` (`id`, `namespace_id`, `module_name`, `group_id`, `field_id`, `field_param`, `field_display_name`, `mandatory_flag`, `default_order`, `status`, `creator_uid`, `create_time`, `operator_uid`, `update_time`, `group_path`) VALUES ((@field_scopes_id := @field_scopes_id + 1), '999974', 'enterprise_customer', '11', '36', '{\"fieldParamType\": \"image\", \"length\": 1}', '企业LOGO', '1', '35', '2', '1', '2017-08-18 02:24:35', NULL, NULL, '/1/11');
INSERT INTO `eh_var_field_scopes` (`id`, `namespace_id`, `module_name`, `group_id`, `field_id`, `field_param`, `field_display_name`, `mandatory_flag`, `default_order`, `status`, `creator_uid`, `create_time`, `operator_uid`, `update_time`, `group_path`) VALUES ((@field_scopes_id := @field_scopes_id + 1), '999974', 'enterprise_customer', '11', '37', '{\"fieldParamType\": \"text\", \"length\": 320}', '企业简介', '1', '36', '2', '1', '2017-08-18 02:24:36', NULL, NULL, '/1/11');
INSERT INTO `eh_var_field_scopes` (`id`, `namespace_id`, `module_name`, `group_id`, `field_id`, `field_param`, `field_display_name`, `mandatory_flag`, `default_order`, `status`, `creator_uid`, `create_time`, `operator_uid`, `update_time`, `group_path`) VALUES ((@field_scopes_id := @field_scopes_id + 1), '999974', 'enterprise_customer', '12', '38', '{\"fieldParamType\": \"text\", \"length\": 32}', '员工总数', '1', '37', '2', '1', '2017-08-18 02:24:36', NULL, NULL, '/1/12');
INSERT INTO `eh_var_field_scopes` (`id`, `namespace_id`, `module_name`, `group_id`, `field_id`, `field_param`, `field_display_name`, `mandatory_flag`, `default_order`, `status`, `creator_uid`, `create_time`, `operator_uid`, `update_time`, `group_path`) VALUES ((@field_scopes_id := @field_scopes_id + 1), '999974', 'enterprise_customer', '12', '39', '{\"fieldParamType\": \"text\", \"length\": 32}', '员工平均年龄', '1', '39', '2', '1', '2017-08-18 02:24:36', NULL, NULL, '/1/12');
INSERT INTO `eh_var_field_scopes` (`id`, `namespace_id`, `module_name`, `group_id`, `field_id`, `field_param`, `field_display_name`, `mandatory_flag`, `default_order`, `status`, `creator_uid`, `create_time`, `operator_uid`, `update_time`, `group_path`) VALUES ((@field_scopes_id := @field_scopes_id + 1), '999974', 'enterprise_customer', '12', '40', '{\"fieldParamType\": \"text\", \"length\": 32}', '高管平均年龄', '1', '40', '2', '1', '2017-08-18 02:24:36', NULL, NULL, '/1/12');
INSERT INTO `eh_var_field_scopes` (`id`, `namespace_id`, `module_name`, `group_id`, `field_id`, `field_param`, `field_display_name`, `mandatory_flag`, `default_order`, `status`, `creator_uid`, `create_time`, `operator_uid`, `update_time`, `group_path`) VALUES ((@field_scopes_id := @field_scopes_id + 1), '999974', 'enterprise_customer', '12', '41', '{\"fieldParamType\": \"text\", \"length\": 32}', '女性员工总数', '1', '41', '2', '1', '2017-08-18 02:24:36', NULL, NULL, '/1/12');
INSERT INTO `eh_var_field_scopes` (`id`, `namespace_id`, `module_name`, `group_id`, `field_id`, `field_param`, `field_display_name`, `mandatory_flag`, `default_order`, `status`, `creator_uid`, `create_time`, `operator_uid`, `update_time`, `group_path`) VALUES ((@field_scopes_id := @field_scopes_id + 1), '999974', 'enterprise_customer', '12', '42', '{\"fieldParamType\": \"text\", \"length\": 32}', '男性员工总数', '1', '42', '2', '1', '2017-08-18 02:24:36', NULL, NULL, '/1/12');
INSERT INTO `eh_var_field_scopes` (`id`, `namespace_id`, `module_name`, `group_id`, `field_id`, `field_param`, `field_display_name`, `mandatory_flag`, `default_order`, `status`, `creator_uid`, `create_time`, `operator_uid`, `update_time`, `group_path`) VALUES ((@field_scopes_id := @field_scopes_id + 1), '999974', 'enterprise_customer', '12', '43', '{\"fieldParamType\": \"text\", \"length\": 32}', '研发员工总数', '1', '43', '2', '1', '2017-08-18 02:24:36', NULL, NULL, '/1/12');
INSERT INTO `eh_var_field_scopes` (`id`, `namespace_id`, `module_name`, `group_id`, `field_id`, `field_param`, `field_display_name`, `mandatory_flag`, `default_order`, `status`, `creator_uid`, `create_time`, `operator_uid`, `update_time`, `group_path`) VALUES ((@field_scopes_id := @field_scopes_id + 1), '999974', 'enterprise_customer', '12', '44', '{\"fieldParamType\": \"text\", \"length\": 32}', '海归人数占比', '1', '44', '2', '1', '2017-08-18 02:24:36', NULL, NULL, '/1/12');
INSERT INTO `eh_var_field_scopes` (`id`, `namespace_id`, `module_name`, `group_id`, `field_id`, `field_param`, `field_display_name`, `mandatory_flag`, `default_order`, `status`, `creator_uid`, `create_time`, `operator_uid`, `update_time`, `group_path`) VALUES ((@field_scopes_id := @field_scopes_id + 1), '999974', 'enterprise_customer', '12', '45', '{\"fieldParamType\": \"text\", \"length\": 32}', '总经理', '1', '45', '2', '1', '2017-08-18 02:24:37', NULL, NULL, '/1/12');
INSERT INTO `eh_var_field_scopes` (`id`, `namespace_id`, `module_name`, `group_id`, `field_id`, `field_param`, `field_display_name`, `mandatory_flag`, `default_order`, `status`, `creator_uid`, `create_time`, `operator_uid`, `update_time`, `group_path`) VALUES ((@field_scopes_id := @field_scopes_id + 1), '999974', 'enterprise_customer', '12', '46', '{\"fieldParamType\": \"text\", \"length\": 32}', '总经理电话', '1', '46', '2', '1', '2017-08-18 02:24:37', NULL, NULL, '/1/12');
INSERT INTO `eh_var_field_scopes` (`id`, `namespace_id`, `module_name`, `group_id`, `field_id`, `field_param`, `field_display_name`, `mandatory_flag`, `default_order`, `status`, `creator_uid`, `create_time`, `operator_uid`, `update_time`, `group_path`) VALUES ((@field_scopes_id := @field_scopes_id + 1), '999974', 'enterprise_customer', '12', '47', '{\"fieldParamType\": \"text\", \"length\": 32}', '总经理邮箱', '1', '47', '2', '1', '2017-08-18 02:24:37', NULL, NULL, '/1/12');
INSERT INTO `eh_var_field_scopes` (`id`, `namespace_id`, `module_name`, `group_id`, `field_id`, `field_param`, `field_display_name`, `mandatory_flag`, `default_order`, `status`, `creator_uid`, `create_time`, `operator_uid`, `update_time`, `group_path`) VALUES ((@field_scopes_id := @field_scopes_id + 1), '999974', 'enterprise_customer', '12', '48', '{\"fieldParamType\": \"multiText\", \"length\": 2048}', '备注', '1', '48', '2', '1', '2017-08-18 02:24:37', NULL, NULL, '/1/12');
INSERT INTO `eh_var_field_scopes` (`id`, `namespace_id`, `module_name`, `group_id`, `field_id`, `field_param`, `field_display_name`, `mandatory_flag`, `default_order`, `status`, `creator_uid`, `create_time`, `operator_uid`, `update_time`, `group_path`) VALUES ((@field_scopes_id := @field_scopes_id + 1), '999974', 'contract', '14', '100', '{\"fieldParamType\": \"text\", \"length\": 32}', '合同编号', '1', '100', '2', '1', '2017-08-18 02:24:50', NULL, NULL, '/13/14');
INSERT INTO `eh_var_field_scopes` (`id`, `namespace_id`, `module_name`, `group_id`, `field_id`, `field_param`, `field_display_name`, `mandatory_flag`, `default_order`, `status`, `creator_uid`, `create_time`, `operator_uid`, `update_time`, `group_path`) VALUES ((@field_scopes_id := @field_scopes_id + 1), '999974', 'contract', '14', '101', '{\"fieldParamType\": \"text\", \"length\": 32}', '合同名称', '1', '101', '2', '1', '2017-08-18 02:24:51', NULL, NULL, '/13/14');
INSERT INTO `eh_var_field_scopes` (`id`, `namespace_id`, `module_name`, `group_id`, `field_id`, `field_param`, `field_display_name`, `mandatory_flag`, `default_order`, `status`, `creator_uid`, `create_time`, `operator_uid`, `update_time`, `group_path`) VALUES ((@field_scopes_id := @field_scopes_id + 1), '999974', 'contract', '14', '102', '{\"fieldParamType\": \"text\", \"length\": 32}', '客户名称', '1', '102', '2', '1', '2017-08-18 02:24:51', NULL, NULL, '/13/14');
INSERT INTO `eh_var_field_scopes` (`id`, `namespace_id`, `module_name`, `group_id`, `field_id`, `field_param`, `field_display_name`, `mandatory_flag`, `default_order`, `status`, `creator_uid`, `create_time`, `operator_uid`, `update_time`, `group_path`) VALUES ((@field_scopes_id := @field_scopes_id + 1), '999974', 'contract', '14', '103', '{\"fieldParamType\": \"text\", \"length\": 32}', '出租方', '1', '103', '2', '1', '2017-08-18 02:24:51', NULL, NULL, '/13/14');
INSERT INTO `eh_var_field_scopes` (`id`, `namespace_id`, `module_name`, `group_id`, `field_id`, `field_param`, `field_display_name`, `mandatory_flag`, `default_order`, `status`, `creator_uid`, `create_time`, `operator_uid`, `update_time`, `group_path`) VALUES ((@field_scopes_id := @field_scopes_id + 1), '999974', 'contract', '14', '104', '{\"fieldParamType\": \"select\", \"length\": 32}', '合同属性', '1', '104', '2', '1', '2017-08-18 02:24:51', NULL, NULL, '/13/14');
INSERT INTO `eh_var_field_scopes` (`id`, `namespace_id`, `module_name`, `group_id`, `field_id`, `field_param`, `field_display_name`, `mandatory_flag`, `default_order`, `status`, `creator_uid`, `create_time`, `operator_uid`, `update_time`, `group_path`) VALUES ((@field_scopes_id := @field_scopes_id + 1), '999974', 'contract', '14', '105', '{\"fieldParamType\": \"select\", \"length\": 32}', '合同类型', '1', '105', '2', '1', '2017-08-18 02:24:51', NULL, NULL, '/13/14');
INSERT INTO `eh_var_field_scopes` (`id`, `namespace_id`, `module_name`, `group_id`, `field_id`, `field_param`, `field_display_name`, `mandatory_flag`, `default_order`, `status`, `creator_uid`, `create_time`, `operator_uid`, `update_time`, `group_path`) VALUES ((@field_scopes_id := @field_scopes_id + 1), '999974', 'contract', '14', '106', '{\"fieldParamType\": \"text\", \"length\": 32}', '原合同', '1', '98', '2', '1', '2017-08-18 02:24:51', NULL, NULL, '/13/14');
INSERT INTO `eh_var_field_scopes` (`id`, `namespace_id`, `module_name`, `group_id`, `field_id`, `field_param`, `field_display_name`, `mandatory_flag`, `default_order`, `status`, `creator_uid`, `create_time`, `operator_uid`, `update_time`, `group_path`) VALUES ((@field_scopes_id := @field_scopes_id + 1), '999974', 'contract', '14', '107', '{\"fieldParamType\": \"text\", \"length\": 32}', '初始合同', '1', '99', '2', '1', '2017-08-18 02:24:51', NULL, NULL, '/13/14');
INSERT INTO `eh_var_field_scopes` (`id`, `namespace_id`, `module_name`, `group_id`, `field_id`, `field_param`, `field_display_name`, `mandatory_flag`, `default_order`, `status`, `creator_uid`, `create_time`, `operator_uid`, `update_time`, `group_path`) VALUES ((@field_scopes_id := @field_scopes_id + 1), '999974', 'contract', '14', '108', '{\"fieldParamType\": \"text\", \"length\": 32}', '归档地', '1', '108', '2', '1', '2017-08-18 02:24:51', NULL, NULL, '/13/14');
INSERT INTO `eh_var_field_scopes` (`id`, `namespace_id`, `module_name`, `group_id`, `field_id`, `field_param`, `field_display_name`, `mandatory_flag`, `default_order`, `status`, `creator_uid`, `create_time`, `operator_uid`, `update_time`, `group_path`) VALUES ((@field_scopes_id := @field_scopes_id + 1), '999974', 'contract', '14', '109', '{\"fieldParamType\": \"text\", \"length\": 32}', '备案号', '1', '109', '2', '1', '2017-08-18 02:24:52', NULL, NULL, '/13/14');
INSERT INTO `eh_var_field_scopes` (`id`, `namespace_id`, `module_name`, `group_id`, `field_id`, `field_param`, `field_display_name`, `mandatory_flag`, `default_order`, `status`, `creator_uid`, `create_time`, `operator_uid`, `update_time`, `group_path`) VALUES ((@field_scopes_id := @field_scopes_id + 1), '999974', 'contract', '14', '110', '{\"fieldParamType\": \"datetime\", \"length\": 32}', '开始日期', '1', '110', '2', '1', '2017-08-18 02:24:52', NULL, NULL, '/13/14');
INSERT INTO `eh_var_field_scopes` (`id`, `namespace_id`, `module_name`, `group_id`, `field_id`, `field_param`, `field_display_name`, `mandatory_flag`, `default_order`, `status`, `creator_uid`, `create_time`, `operator_uid`, `update_time`, `group_path`) VALUES ((@field_scopes_id := @field_scopes_id + 1), '999974', 'contract', '14', '111', '{\"fieldParamType\": \"datetime\", \"length\": 32}', '结束日期', '1', '111', '2', '1', '2017-08-18 02:24:52', NULL, NULL, '/13/14');
INSERT INTO `eh_var_field_scopes` (`id`, `namespace_id`, `module_name`, `group_id`, `field_id`, `field_param`, `field_display_name`, `mandatory_flag`, `default_order`, `status`, `creator_uid`, `create_time`, `operator_uid`, `update_time`, `group_path`) VALUES ((@field_scopes_id := @field_scopes_id + 1), '999974', 'contract', '14', '112', '{\"fieldParamType\": \"datetime\", \"length\": 32}', '签约日期', '1', '112', '2', '1', '2017-08-18 02:24:52', NULL, NULL, '/13/14');
INSERT INTO `eh_var_field_scopes` (`id`, `namespace_id`, `module_name`, `group_id`, `field_id`, `field_param`, `field_display_name`, `mandatory_flag`, `default_order`, `status`, `creator_uid`, `create_time`, `operator_uid`, `update_time`, `group_path`) VALUES ((@field_scopes_id := @field_scopes_id + 1), '999974', 'contract', '14', '113', '{\"fieldParamType\": \"text\", \"length\": 32}', '签约原因', '1', '113', '2', '1', '2017-08-18 02:24:52', NULL, NULL, '/13/14');
INSERT INTO `eh_var_field_scopes` (`id`, `namespace_id`, `module_name`, `group_id`, `field_id`, `field_param`, `field_display_name`, `mandatory_flag`, `default_order`, `status`, `creator_uid`, `create_time`, `operator_uid`, `update_time`, `group_path`) VALUES ((@field_scopes_id := @field_scopes_id + 1), '999974', 'contract', '14', '114', '{\"fieldParamType\": \"multiText\", \"length\": 2048}', '合同情况', '1', '114', '2', '1', '2017-08-18 02:24:53', NULL, NULL, '/13/14');
INSERT INTO `eh_var_field_scopes` (`id`, `namespace_id`, `module_name`, `group_id`, `field_id`, `field_param`, `field_display_name`, `mandatory_flag`, `default_order`, `status`, `creator_uid`, `create_time`, `operator_uid`, `update_time`, `group_path`) VALUES ((@field_scopes_id := @field_scopes_id + 1), '999974', 'contract', '14', '115', '{\"fieldParamType\": \"text\", \"length\": 32}', '合同资产', '1', '115', '2', '1', '2017-08-18 02:24:53', NULL, NULL, '/13/14');
INSERT INTO `eh_var_field_scopes` (`id`, `namespace_id`, `module_name`, `group_id`, `field_id`, `field_param`, `field_display_name`, `mandatory_flag`, `default_order`, `status`, `creator_uid`, `create_time`, `operator_uid`, `update_time`, `group_path`) VALUES ((@field_scopes_id := @field_scopes_id + 1), '999974', 'contract', '15', '117', '{\"fieldParamType\": \"text\", \"length\": 32}', '租赁总额', '1', '117', '2', '1', '2017-08-18 02:24:53', NULL, NULL, '/13/15');
INSERT INTO `eh_var_field_scopes` (`id`, `namespace_id`, `module_name`, `group_id`, `field_id`, `field_param`, `field_display_name`, `mandatory_flag`, `default_order`, `status`, `creator_uid`, `create_time`, `operator_uid`, `update_time`, `group_path`) VALUES ((@field_scopes_id := @field_scopes_id + 1), '999974', 'contract', '15', '118', '{\"fieldParamType\": \"text\", \"length\": 32}', '租赁总面积', '1', '118', '2', '1', '2017-08-18 02:24:53', NULL, NULL, '/13/15');
INSERT INTO `eh_var_field_scopes` (`id`, `namespace_id`, `module_name`, `group_id`, `field_id`, `field_param`, `field_display_name`, `mandatory_flag`, `default_order`, `status`, `creator_uid`, `create_time`, `operator_uid`, `update_time`, `group_path`) VALUES ((@field_scopes_id := @field_scopes_id + 1), '999974', 'contract', '15', '119', '{\"fieldParamType\": \"text\", \"length\": 32}', '定金', '1', '119', '2', '1', '2017-08-18 02:24:53', NULL, NULL, '/13/15');
INSERT INTO `eh_var_field_scopes` (`id`, `namespace_id`, `module_name`, `group_id`, `field_id`, `field_param`, `field_display_name`, `mandatory_flag`, `default_order`, `status`, `creator_uid`, `create_time`, `operator_uid`, `update_time`, `group_path`) VALUES ((@field_scopes_id := @field_scopes_id + 1), '999974', 'contract', '15', '120', '{\"fieldParamType\": \"datetime\", \"length\": 32}', '定金最迟收取日期', '1', '120', '2', '1', '2017-08-18 02:24:54', NULL, NULL, '/13/15');
INSERT INTO `eh_var_field_scopes` (`id`, `namespace_id`, `module_name`, `group_id`, `field_id`, `field_param`, `field_display_name`, `mandatory_flag`, `default_order`, `status`, `creator_uid`, `create_time`, `operator_uid`, `update_time`, `group_path`) VALUES ((@field_scopes_id := @field_scopes_id + 1), '999974', 'contract', '15', '121', '{\"fieldParamType\": \"text\", \"length\": 32}', '违约金', '1', '121', '2', '1', '2017-08-18 02:24:54', NULL, NULL, '/13/15');
INSERT INTO `eh_var_field_scopes` (`id`, `namespace_id`, `module_name`, `group_id`, `field_id`, `field_param`, `field_display_name`, `mandatory_flag`, `default_order`, `status`, `creator_uid`, `create_time`, `operator_uid`, `update_time`, `group_path`) VALUES ((@field_scopes_id := @field_scopes_id + 1), '999974', 'contract', '15', '122', '{\"fieldParamType\": \"text\", \"length\": 64}', '违约说明', '1', '122', '2', '1', '2017-08-18 02:24:54', NULL, NULL, '/13/15');
INSERT INTO `eh_var_field_scopes` (`id`, `namespace_id`, `module_name`, `group_id`, `field_id`, `field_param`, `field_display_name`, `mandatory_flag`, `default_order`, `status`, `creator_uid`, `create_time`, `operator_uid`, `update_time`, `group_path`) VALUES ((@field_scopes_id := @field_scopes_id + 1), '999974', 'contract', '15', '123', '{\"fieldParamType\": \"text\", \"length\": 32}', '免租期', '1', '123', '2', '1', '2017-08-18 02:24:54', NULL, NULL, '/13/15');
INSERT INTO `eh_var_field_scopes` (`id`, `namespace_id`, `module_name`, `group_id`, `field_id`, `field_param`, `field_display_name`, `mandatory_flag`, `default_order`, `status`, `creator_uid`, `create_time`, `operator_uid`, `update_time`, `group_path`) VALUES ((@field_scopes_id := @field_scopes_id + 1), '999974', 'contract', '15', '124', '{\"fieldParamType\": \"text\", \"length\": 32}', '赠送车位数量', '1', '124', '2', '1', '2017-08-18 02:24:55', NULL, NULL, '/13/15');
INSERT INTO `eh_var_field_scopes` (`id`, `namespace_id`, `module_name`, `group_id`, `field_id`, `field_param`, `field_display_name`, `mandatory_flag`, `default_order`, `status`, `creator_uid`, `create_time`, `operator_uid`, `update_time`, `group_path`) VALUES ((@field_scopes_id := @field_scopes_id + 1), '999974', 'contract', '15', '125', '{\"fieldParamType\": \"datetime\", \"length\": 32}', '装修开始日期', '1', '125', '2', '1', '2017-08-18 02:24:55', NULL, NULL, '/13/15');
INSERT INTO `eh_var_field_scopes` (`id`, `namespace_id`, `module_name`, `group_id`, `field_id`, `field_param`, `field_display_name`, `mandatory_flag`, `default_order`, `status`, `creator_uid`, `create_time`, `operator_uid`, `update_time`, `group_path`) VALUES ((@field_scopes_id := @field_scopes_id + 1), '999974', 'contract', '15', '126', '{\"fieldParamType\": \"datetime\", \"length\": 32}', '装修结束日期', '1', '126', '2', '1', '2017-08-18 02:24:55', NULL, NULL, '/13/15');
INSERT INTO `eh_var_field_scopes` (`id`, `namespace_id`, `module_name`, `group_id`, `field_id`, `field_param`, `field_display_name`, `mandatory_flag`, `default_order`, `status`, `creator_uid`, `create_time`, `operator_uid`, `update_time`, `group_path`) VALUES ((@field_scopes_id := @field_scopes_id + 1), '999974', 'contract', '15', '127', '{\"fieldParamType\": \"text\", \"length\": 32}', '首付总额', '1', '127', '2', '1', '2017-08-18 02:24:55', NULL, NULL, '/13/15');
INSERT INTO `eh_var_field_scopes` (`id`, `namespace_id`, `module_name`, `group_id`, `field_id`, `field_param`, `field_display_name`, `mandatory_flag`, `default_order`, `status`, `creator_uid`, `create_time`, `operator_uid`, `update_time`, `group_path`) VALUES ((@field_scopes_id := @field_scopes_id + 1), '999974', 'contract', '15', '128', '{\"fieldParamType\": \"datetime\", \"length\": 32}', '首付截止日期', '1', '128', '2', '1', '2017-08-18 02:24:56', NULL, NULL, '/13/15');
INSERT INTO `eh_var_field_scopes` (`id`, `namespace_id`, `module_name`, `group_id`, `field_id`, `field_param`, `field_display_name`, `mandatory_flag`, `default_order`, `status`, `creator_uid`, `create_time`, `operator_uid`, `update_time`, `group_path`) VALUES ((@field_scopes_id := @field_scopes_id + 1), '999974', 'contract', '15', '129', '{\"fieldParamType\": \"text\", \"length\": 32}', '佣金', '1', '129', '2', '1', '2017-08-18 02:24:56', NULL, NULL, '/13/15');
INSERT INTO `eh_var_field_scopes` (`id`, `namespace_id`, `module_name`, `group_id`, `field_id`, `field_param`, `field_display_name`, `mandatory_flag`, `default_order`, `status`, `creator_uid`, `create_time`, `operator_uid`, `update_time`, `group_path`) VALUES ((@field_scopes_id := @field_scopes_id + 1), '999974', 'contract', '15', '130', '{\"fieldParamType\": \"select\", \"length\": 32}', '付款方式', '1', '130', '2', '1', '2017-08-18 02:24:56', NULL, NULL, '/13/15');
INSERT INTO `eh_var_field_scopes` (`id`, `namespace_id`, `module_name`, `group_id`, `field_id`, `field_param`, `field_display_name`, `mandatory_flag`, `default_order`, `status`, `creator_uid`, `create_time`, `operator_uid`, `update_time`, `group_path`) VALUES ((@field_scopes_id := @field_scopes_id + 1), '999974', 'contract', '15', '131', '{\"fieldParamType\": \"select\", \"length\": 32}', '合同状态', '1', '131', '2', '1', '2017-08-18 02:24:56', NULL, NULL, '/13/15');
INSERT INTO `eh_var_field_scopes` (`id`, `namespace_id`, `module_name`, `group_id`, `field_id`, `field_param`, `field_display_name`, `mandatory_flag`, `default_order`, `status`, `creator_uid`, `create_time`, `operator_uid`, `update_time`, `group_path`) VALUES ((@field_scopes_id := @field_scopes_id + 1), '999974', 'contract', '15', '132', '{\"fieldParamType\": \"text\", \"length\": 32}', '签约经办人', '1', '132', '2', '1', '2017-08-18 02:24:56', NULL, NULL, '/13/15');
INSERT INTO `eh_var_field_scopes` (`id`, `namespace_id`, `module_name`, `group_id`, `field_id`, `field_param`, `field_display_name`, `mandatory_flag`, `default_order`, `status`, `creator_uid`, `create_time`, `operator_uid`, `update_time`, `group_path`) VALUES ((@field_scopes_id := @field_scopes_id + 1), '999974', 'contract', '15', '133', '{\"fieldParamType\": \"text\", \"length\": 64}', '作废原因', '1', '133', '2', '1', '2017-08-18 02:24:56', NULL, NULL, '/13/15');
INSERT INTO `eh_var_field_scopes` (`id`, `namespace_id`, `module_name`, `group_id`, `field_id`, `field_param`, `field_display_name`, `mandatory_flag`, `default_order`, `status`, `creator_uid`, `create_time`, `operator_uid`, `update_time`, `group_path`) VALUES ((@field_scopes_id := @field_scopes_id + 1), '999974', 'contract', '15', '134', '{\"fieldParamType\": \"text\", \"length\": 64}', '退约原因', '1', '134', '2', '1', '2017-08-18 02:24:56', NULL, NULL, '/13/15');
INSERT INTO `eh_var_field_scopes` (`id`, `namespace_id`, `module_name`, `group_id`, `field_id`, `field_param`, `field_display_name`, `mandatory_flag`, `default_order`, `status`, `creator_uid`, `create_time`, `operator_uid`, `update_time`, `group_path`) VALUES ((@field_scopes_id := @field_scopes_id + 1), '999974', 'contract', '15', '135', '{\"fieldParamType\": \"multiText\", \"length\": 2048}', '备注', '1', '135', '2', '1', '2017-08-18 02:24:56', NULL, NULL, '/13/15');
INSERT INTO `eh_var_field_scopes` (`id`, `namespace_id`, `module_name`, `group_id`, `field_id`, `field_param`, `field_display_name`, `mandatory_flag`, `default_order`, `status`, `creator_uid`, `create_time`, `operator_uid`, `update_time`, `group_path`) VALUES ((@field_scopes_id := @field_scopes_id + 1), '999974', 'contract', '15', '136', '{\"fieldParamType\": \"file\", \"length\": 9}', '附件', '1', '136', '2', '1', '2017-08-18 02:24:56', NULL, NULL, '/13/15');
INSERT INTO `eh_var_field_scopes` (`id`, `namespace_id`, `module_name`, `group_id`, `field_id`, `field_param`, `field_display_name`, `mandatory_flag`, `default_order`, `status`, `creator_uid`, `create_time`, `operator_uid`, `update_time`, `group_path`) VALUES ((@field_scopes_id := @field_scopes_id + 1), '999974', 'enterprise_customer', '4', '140', '{\"fieldParamType\": \"text\", \"length\": 32}', '姓名', '1', '1', '2', '1', '2017-08-19 09:14:28', NULL, NULL, '/4');
INSERT INTO `eh_var_field_scopes` (`id`, `namespace_id`, `module_name`, `group_id`, `field_id`, `field_param`, `field_display_name`, `mandatory_flag`, `default_order`, `status`, `creator_uid`, `create_time`, `operator_uid`, `update_time`, `group_path`) VALUES ((@field_scopes_id := @field_scopes_id + 1), '999974', 'enterprise_customer', '4', '141', '{\"fieldParamType\": \"select\", \"length\": 32}', '性别', '2', '1', '2', '1', '2017-08-19 09:14:28', NULL, NULL, '/4');
INSERT INTO `eh_var_field_scopes` (`id`, `namespace_id`, `module_name`, `group_id`, `field_id`, `field_param`, `field_display_name`, `mandatory_flag`, `default_order`, `status`, `creator_uid`, `create_time`, `operator_uid`, `update_time`, `group_path`) VALUES ((@field_scopes_id := @field_scopes_id + 1), '999974', 'enterprise_customer', '4', '142', '{\"fieldParamType\": \"text\", \"length\": 32}', '联系电话', '3', '1', '2', '1', '2017-08-19 09:14:28', NULL, NULL, '/4');
INSERT INTO `eh_var_field_scopes` (`id`, `namespace_id`, `module_name`, `group_id`, `field_id`, `field_param`, `field_display_name`, `mandatory_flag`, `default_order`, `status`, `creator_uid`, `create_time`, `operator_uid`, `update_time`, `group_path`) VALUES ((@field_scopes_id := @field_scopes_id + 1), '999974', 'enterprise_customer', '4', '143', '{\"fieldParamType\": \"select\", \"length\": 32}', '国籍', '4', '1', '2', '1', '2017-08-19 09:14:28', NULL, NULL, '/4');
INSERT INTO `eh_var_field_scopes` (`id`, `namespace_id`, `module_name`, `group_id`, `field_id`, `field_param`, `field_display_name`, `mandatory_flag`, `default_order`, `status`, `creator_uid`, `create_time`, `operator_uid`, `update_time`, `group_path`) VALUES ((@field_scopes_id := @field_scopes_id + 1), '999974', 'enterprise_customer', '4', '144', '{\"fieldParamType\": \"select\", \"length\": 32}', '最高学历', '5', '1', '2', '1', '2017-08-19 09:14:28', NULL, NULL, '/4');
INSERT INTO `eh_var_field_scopes` (`id`, `namespace_id`, `module_name`, `group_id`, `field_id`, `field_param`, `field_display_name`, `mandatory_flag`, `default_order`, `status`, `creator_uid`, `create_time`, `operator_uid`, `update_time`, `group_path`) VALUES ((@field_scopes_id := @field_scopes_id + 1), '999974', 'enterprise_customer', '4', '145', '{\"fieldParamType\": \"text\", \"length\": 32}', '毕业学校', '6', '1', '2', '1', '2017-08-19 09:14:28', NULL, NULL, '/4');
INSERT INTO `eh_var_field_scopes` (`id`, `namespace_id`, `module_name`, `group_id`, `field_id`, `field_param`, `field_display_name`, `mandatory_flag`, `default_order`, `status`, `creator_uid`, `create_time`, `operator_uid`, `update_time`, `group_path`) VALUES ((@field_scopes_id := @field_scopes_id + 1), '999974', 'enterprise_customer', '4', '146', '{\"fieldParamType\": \"text\", \"length\": 32}', '所属专业', '7', '1', '2', '1', '2017-08-19 09:14:28', NULL, NULL, '/4');
INSERT INTO `eh_var_field_scopes` (`id`, `namespace_id`, `module_name`, `group_id`, `field_id`, `field_param`, `field_display_name`, `mandatory_flag`, `default_order`, `status`, `creator_uid`, `create_time`, `operator_uid`, `update_time`, `group_path`) VALUES ((@field_scopes_id := @field_scopes_id + 1), '999974', 'enterprise_customer', '4', '147', '{\"fieldParamType\": \"text\", \"length\": 32}', '工作经验(年)', '8', '1', '2', '1', '2017-08-19 09:14:28', NULL, NULL, '/4');
INSERT INTO `eh_var_field_scopes` (`id`, `namespace_id`, `module_name`, `group_id`, `field_id`, `field_param`, `field_display_name`, `mandatory_flag`, `default_order`, `status`, `creator_uid`, `create_time`, `operator_uid`, `update_time`, `group_path`) VALUES ((@field_scopes_id := @field_scopes_id + 1), '999974', 'enterprise_customer', '4', '148', '{\"fieldParamType\": \"select\", \"length\": 32}', '是否海归', '9', '1', '2', '1', '2017-08-19 09:14:29', NULL, NULL, '/4');
INSERT INTO `eh_var_field_scopes` (`id`, `namespace_id`, `module_name`, `group_id`, `field_id`, `field_param`, `field_display_name`, `mandatory_flag`, `default_order`, `status`, `creator_uid`, `create_time`, `operator_uid`, `update_time`, `group_path`) VALUES ((@field_scopes_id := @field_scopes_id + 1), '999974', 'enterprise_customer', '4', '149', '{\"fieldParamType\": \"select\", \"length\": 32}', '留学国家', '10', '1', '2', '1', '2017-08-19 09:14:29', NULL, NULL, '/4');
INSERT INTO `eh_var_field_scopes` (`id`, `namespace_id`, `module_name`, `group_id`, `field_id`, `field_param`, `field_display_name`, `mandatory_flag`, `default_order`, `status`, `creator_uid`, `create_time`, `operator_uid`, `update_time`, `group_path`) VALUES ((@field_scopes_id := @field_scopes_id + 1), '999974', 'enterprise_customer', '4', '150', '{\"fieldParamType\": \"text\", \"length\": 32}', '聘任职务', '11', '1', '2', '1', '2017-08-19 09:14:29', NULL, NULL, '/4');
INSERT INTO `eh_var_field_scopes` (`id`, `namespace_id`, `module_name`, `group_id`, `field_id`, `field_param`, `field_display_name`, `mandatory_flag`, `default_order`, `status`, `creator_uid`, `create_time`, `operator_uid`, `update_time`, `group_path`) VALUES ((@field_scopes_id := @field_scopes_id + 1), '999974', 'enterprise_customer', '4', '151', '{\"fieldParamType\": \"select\", \"length\": 32}', '技术职称', '12', '1', '2', '1', '2017-08-19 09:14:29', NULL, NULL, '/4');
INSERT INTO `eh_var_field_scopes` (`id`, `namespace_id`, `module_name`, `group_id`, `field_id`, `field_param`, `field_display_name`, `mandatory_flag`, `default_order`, `status`, `creator_uid`, `create_time`, `operator_uid`, `update_time`, `group_path`) VALUES ((@field_scopes_id := @field_scopes_id + 1), '999974', 'enterprise_customer', '4', '152', '{\"fieldParamType\": \"select\", \"length\": 32}', '个人评定', '13', '1', '2', '1', '2017-08-19 09:14:29', NULL, NULL, '/4');
INSERT INTO `eh_var_field_scopes` (`id`, `namespace_id`, `module_name`, `group_id`, `field_id`, `field_param`, `field_display_name`, `mandatory_flag`, `default_order`, `status`, `creator_uid`, `create_time`, `operator_uid`, `update_time`, `group_path`) VALUES ((@field_scopes_id := @field_scopes_id + 1), '999974', 'enterprise_customer', '4', '153', '{\"fieldParamType\": \"text\", \"length\": 64}', '个人证书', '14', '1', '2', '1', '2017-08-19 09:14:29', NULL, NULL, '/4');
INSERT INTO `eh_var_field_scopes` (`id`, `namespace_id`, `module_name`, `group_id`, `field_id`, `field_param`, `field_display_name`, `mandatory_flag`, `default_order`, `status`, `creator_uid`, `create_time`, `operator_uid`, `update_time`, `group_path`) VALUES ((@field_scopes_id := @field_scopes_id + 1), '999974', 'enterprise_customer', '4', '154', '{\"fieldParamType\": \"text\", \"length\": 2048}', '主要职业经历', '15', '1', '2', '1', '2017-08-19 09:14:29', NULL, NULL, '/4');
INSERT INTO `eh_var_field_scopes` (`id`, `namespace_id`, `module_name`, `group_id`, `field_id`, `field_param`, `field_display_name`, `mandatory_flag`, `default_order`, `status`, `creator_uid`, `create_time`, `operator_uid`, `update_time`, `group_path`) VALUES ((@field_scopes_id := @field_scopes_id + 1), '999974', 'enterprise_customer', '4', '155', '{\"fieldParamType\": \"multiText\", \"length\": 2048}', '人才备注', '16', '1', '2', '1', '2017-08-19 09:14:29', NULL, NULL, '/4');
INSERT INTO `eh_var_field_scopes` (`id`, `namespace_id`, `module_name`, `group_id`, `field_id`, `field_param`, `field_display_name`, `mandatory_flag`, `default_order`, `status`, `creator_uid`, `create_time`, `operator_uid`, `update_time`, `group_path`) VALUES ((@field_scopes_id := @field_scopes_id + 1), '999974', 'enterprise_customer', '6', '156', '{\"fieldParamType\": \"text\", \"length\": 32}', '项目名称', '1', '1', '2', '1', '2017-08-19 09:48:57', NULL, NULL, '/6');
INSERT INTO `eh_var_field_scopes` (`id`, `namespace_id`, `module_name`, `group_id`, `field_id`, `field_param`, `field_display_name`, `mandatory_flag`, `default_order`, `status`, `creator_uid`, `create_time`, `operator_uid`, `update_time`, `group_path`) VALUES ((@field_scopes_id := @field_scopes_id + 1), '999974', 'enterprise_customer', '6', '157', '{\"fieldParamType\": \"select\", \"length\": 32}', '项目来源', '1', '2', '2', '1', '2017-08-19 09:48:57', NULL, NULL, '/6');
INSERT INTO `eh_var_field_scopes` (`id`, `namespace_id`, `module_name`, `group_id`, `field_id`, `field_param`, `field_display_name`, `mandatory_flag`, `default_order`, `status`, `creator_uid`, `create_time`, `operator_uid`, `update_time`, `group_path`) VALUES ((@field_scopes_id := @field_scopes_id + 1), '999974', 'enterprise_customer', '6', '158', '{\"fieldParamType\": \"datetime\", \"length\": 32}', '项目立项日期', '1', '3', '2', '1', '2017-08-19 09:48:57', NULL, NULL, '/6');
INSERT INTO `eh_var_field_scopes` (`id`, `namespace_id`, `module_name`, `group_id`, `field_id`, `field_param`, `field_display_name`, `mandatory_flag`, `default_order`, `status`, `creator_uid`, `create_time`, `operator_uid`, `update_time`, `group_path`) VALUES ((@field_scopes_id := @field_scopes_id + 1), '999974', 'enterprise_customer', '6', '159', '{\"fieldParamType\": \"datetime\", \"length\": 32}', '项目完成日期', '1', '4', '2', '1', '2017-08-19 09:48:57', NULL, NULL, '/6');
INSERT INTO `eh_var_field_scopes` (`id`, `namespace_id`, `module_name`, `group_id`, `field_id`, `field_param`, `field_display_name`, `mandatory_flag`, `default_order`, `status`, `creator_uid`, `create_time`, `operator_uid`, `update_time`, `group_path`) VALUES ((@field_scopes_id := @field_scopes_id + 1), '999974', 'enterprise_customer', '6', '160', '{\"fieldParamType\": \"text\", \"length\": 32}', '获批项目金额', '1', '5', '2', '1', '2017-08-19 09:48:57', NULL, NULL, '/6');
INSERT INTO `eh_var_field_scopes` (`id`, `namespace_id`, `module_name`, `group_id`, `field_id`, `field_param`, `field_display_name`, `mandatory_flag`, `default_order`, `status`, `creator_uid`, `create_time`, `operator_uid`, `update_time`, `group_path`) VALUES ((@field_scopes_id := @field_scopes_id + 1), '999974', 'enterprise_customer', '5', '161', '{\"fieldParamType\": \"text\", \"length\": 32}', '商标名称', '1', '1', '2', '1', '2017-08-23 10:56:15', NULL, NULL, '/17/5');
INSERT INTO `eh_var_field_scopes` (`id`, `namespace_id`, `module_name`, `group_id`, `field_id`, `field_param`, `field_display_name`, `mandatory_flag`, `default_order`, `status`, `creator_uid`, `create_time`, `operator_uid`, `update_time`, `group_path`) VALUES ((@field_scopes_id := @field_scopes_id + 1), '999974', 'enterprise_customer', '5', '162', '{\"fieldParamType\": \"datetime\", \"length\": 32}', '注册日期', '1', '2', '2', '1', '2017-08-23 10:56:15', NULL, NULL, '/17/5');
INSERT INTO `eh_var_field_scopes` (`id`, `namespace_id`, `module_name`, `group_id`, `field_id`, `field_param`, `field_display_name`, `mandatory_flag`, `default_order`, `status`, `creator_uid`, `create_time`, `operator_uid`, `update_time`, `group_path`) VALUES ((@field_scopes_id := @field_scopes_id + 1), '999974', 'enterprise_customer', '5', '163', '{\"fieldParamType\": \"select\", \"length\": 32}', '商标类型', '1', '3', '2', '1', '2017-08-23 10:56:16', NULL, NULL, '/17/5');
INSERT INTO `eh_var_field_scopes` (`id`, `namespace_id`, `module_name`, `group_id`, `field_id`, `field_param`, `field_display_name`, `mandatory_flag`, `default_order`, `status`, `creator_uid`, `create_time`, `operator_uid`, `update_time`, `group_path`) VALUES ((@field_scopes_id := @field_scopes_id + 1), '999974', 'enterprise_customer', '5', '164', '{\"fieldParamType\": \"text\", \"length\": 32}', '商标数量', '1', '4', '2', '1', '2017-08-23 10:56:16', NULL, NULL, '/17/5');
INSERT INTO `eh_var_field_scopes` (`id`, `namespace_id`, `module_name`, `group_id`, `field_id`, `field_param`, `field_display_name`, `mandatory_flag`, `default_order`, `status`, `creator_uid`, `create_time`, `operator_uid`, `update_time`, `group_path`) VALUES ((@field_scopes_id := @field_scopes_id + 1), '999974', 'enterprise_customer', '16', '166', '{\"fieldParamType\": \"text\", \"length\": 32}', '专利名称', '1', '2', '2', '1', '2017-08-24 01:20:50', NULL, NULL, '/17/16');
INSERT INTO `eh_var_field_scopes` (`id`, `namespace_id`, `module_name`, `group_id`, `field_id`, `field_param`, `field_display_name`, `mandatory_flag`, `default_order`, `status`, `creator_uid`, `create_time`, `operator_uid`, `update_time`, `group_path`) VALUES ((@field_scopes_id := @field_scopes_id + 1), '999974', 'enterprise_customer', '16', '167', '{\"fieldParamType\": \"text\", \"length\": 32}', '授权号', '1', '3', '2', '1', '2017-08-24 01:20:50', NULL, NULL, '/17/16');
INSERT INTO `eh_var_field_scopes` (`id`, `namespace_id`, `module_name`, `group_id`, `field_id`, `field_param`, `field_display_name`, `mandatory_flag`, `default_order`, `status`, `creator_uid`, `create_time`, `operator_uid`, `update_time`, `group_path`) VALUES ((@field_scopes_id := @field_scopes_id + 1), '999974', 'enterprise_customer', '16', '168', '{\"fieldParamType\": \"datetime\", \"length\": 32}', '注册日期', '1', '4', '2', '1', '2017-08-24 01:20:50', NULL, NULL, '/17/16');
INSERT INTO `eh_var_field_scopes` (`id`, `namespace_id`, `module_name`, `group_id`, `field_id`, `field_param`, `field_display_name`, `mandatory_flag`, `default_order`, `status`, `creator_uid`, `create_time`, `operator_uid`, `update_time`, `group_path`) VALUES ((@field_scopes_id := @field_scopes_id + 1), '999974', 'enterprise_customer', '16', '169', '{\"fieldParamType\": \"select\", \"length\": 32}', '专利类型', '1', '5', '2', '1', '2017-08-24 01:20:50', NULL, NULL, '/17/16');
INSERT INTO `eh_var_field_scopes` (`id`, `namespace_id`, `module_name`, `group_id`, `field_id`, `field_param`, `field_display_name`, `mandatory_flag`, `default_order`, `status`, `creator_uid`, `create_time`, `operator_uid`, `update_time`, `group_path`) VALUES ((@field_scopes_id := @field_scopes_id + 1), '999974', 'enterprise_customer', '16', '170', '{\"fieldParamType\": \"select\", \"length\": 32}', '专利状态', '1', '6', '2', '1', '2017-08-24 01:20:52', NULL, NULL, '/17/16');
INSERT INTO `eh_var_field_scopes` (`id`, `namespace_id`, `module_name`, `group_id`, `field_id`, `field_param`, `field_display_name`, `mandatory_flag`, `default_order`, `status`, `creator_uid`, `create_time`, `operator_uid`, `update_time`, `group_path`) VALUES ((@field_scopes_id := @field_scopes_id + 1), '999974', 'enterprise_customer', '7', '171', '{\"fieldParamType\": \"select\", \"length\": 32}', '企业类型', '1', '1', '2', '1', '2017-08-24 04:26:20', NULL, NULL, '/7');
INSERT INTO `eh_var_field_scopes` (`id`, `namespace_id`, `module_name`, `group_id`, `field_id`, `field_param`, `field_display_name`, `mandatory_flag`, `default_order`, `status`, `creator_uid`, `create_time`, `operator_uid`, `update_time`, `group_path`) VALUES ((@field_scopes_id := @field_scopes_id + 1), '999974', 'enterprise_customer', '7', '172', '{\"fieldParamType\": \"select\", \"length\": 32}', '控股情况', '1', '2', '2', '1', '2017-08-24 04:26:22', NULL, NULL, '/7');
INSERT INTO `eh_var_field_scopes` (`id`, `namespace_id`, `module_name`, `group_id`, `field_id`, `field_param`, `field_display_name`, `mandatory_flag`, `default_order`, `status`, `creator_uid`, `create_time`, `operator_uid`, `update_time`, `group_path`) VALUES ((@field_scopes_id := @field_scopes_id + 1), '999974', 'enterprise_customer', '7', '173', '{\"fieldParamType\": \"text\", \"length\": 32}', '联系人', '1', '2', '2', '1', '2017-08-24 04:26:23', NULL, NULL, '/7');
INSERT INTO `eh_var_field_scopes` (`id`, `namespace_id`, `module_name`, `group_id`, `field_id`, `field_param`, `field_display_name`, `mandatory_flag`, `default_order`, `status`, `creator_uid`, `create_time`, `operator_uid`, `update_time`, `group_path`) VALUES ((@field_scopes_id := @field_scopes_id + 1), '999974', 'enterprise_customer', '7', '174', '{\"fieldParamType\": \"text\", \"length\": 32}', '联系人电话', '1', '2', '2', '1', '2017-08-24 04:26:23', NULL, NULL, '/7');
INSERT INTO `eh_var_field_scopes` (`id`, `namespace_id`, `module_name`, `group_id`, `field_id`, `field_param`, `field_display_name`, `mandatory_flag`, `default_order`, `status`, `creator_uid`, `create_time`, `operator_uid`, `update_time`, `group_path`) VALUES ((@field_scopes_id := @field_scopes_id + 1), '999974', 'enterprise_customer', '7', '175', '{\"fieldParamType\": \"text\", \"length\": 32}', '统一社会信用代码', '1', '2', '2', '1', '2017-08-24 04:26:23', NULL, NULL, '/7');
INSERT INTO `eh_var_field_scopes` (`id`, `namespace_id`, `module_name`, `group_id`, `field_id`, `field_param`, `field_display_name`, `mandatory_flag`, `default_order`, `status`, `creator_uid`, `create_time`, `operator_uid`, `update_time`, `group_path`) VALUES ((@field_scopes_id := @field_scopes_id + 1), '999974', 'enterprise_customer', '7', '176', '{\"fieldParamType\": \"text\", \"length\": 32}', '主营业务', '1', '2', '2', '1', '2017-08-24 04:26:24', NULL, NULL, '/7');
INSERT INTO `eh_var_field_scopes` (`id`, `namespace_id`, `module_name`, `group_id`, `field_id`, `field_param`, `field_display_name`, `mandatory_flag`, `default_order`, `status`, `creator_uid`, `create_time`, `operator_uid`, `update_time`, `group_path`) VALUES ((@field_scopes_id := @field_scopes_id + 1), '999974', 'enterprise_customer', '7', '177', '{\"fieldParamType\": \"datetime\", \"length\": 32}', '成立日期', '1', '2', '2', '1', '2017-08-24 04:26:24', NULL, NULL, '/7');
INSERT INTO `eh_var_field_scopes` (`id`, `namespace_id`, `module_name`, `group_id`, `field_id`, `field_param`, `field_display_name`, `mandatory_flag`, `default_order`, `status`, `creator_uid`, `create_time`, `operator_uid`, `update_time`, `group_path`) VALUES ((@field_scopes_id := @field_scopes_id + 1), '999974', 'enterprise_customer', '7', '178', '{\"fieldParamType\": \"datetime\", \"length\": 32}', '税务登记日期', '1', '2', '2', '1', '2017-08-24 04:26:24', NULL, NULL, '/7');
INSERT INTO `eh_var_field_scopes` (`id`, `namespace_id`, `module_name`, `group_id`, `field_id`, `field_param`, `field_display_name`, `mandatory_flag`, `default_order`, `status`, `creator_uid`, `create_time`, `operator_uid`, `update_time`, `group_path`) VALUES ((@field_scopes_id := @field_scopes_id + 1), '999974', 'enterprise_customer', '7', '179', '{\"fieldParamType\": \"datetime\", \"length\": 32}', '有效开始日期', '1', '2', '2', '1', '2017-08-24 04:26:24', NULL, NULL, '/7');
INSERT INTO `eh_var_field_scopes` (`id`, `namespace_id`, `module_name`, `group_id`, `field_id`, `field_param`, `field_display_name`, `mandatory_flag`, `default_order`, `status`, `creator_uid`, `create_time`, `operator_uid`, `update_time`, `group_path`) VALUES ((@field_scopes_id := @field_scopes_id + 1), '999974', 'enterprise_customer', '7', '180', '{\"fieldParamType\": \"datetime\", \"length\": 32}', '有效截止日期', '1', '2', '2', '1', '2017-08-24 04:26:24', NULL, NULL, '/7');
INSERT INTO `eh_var_field_scopes` (`id`, `namespace_id`, `module_name`, `group_id`, `field_id`, `field_param`, `field_display_name`, `mandatory_flag`, `default_order`, `status`, `creator_uid`, `create_time`, `operator_uid`, `update_time`, `group_path`) VALUES ((@field_scopes_id := @field_scopes_id + 1), '999974', 'enterprise_customer', '7', '181', '{\"fieldParamType\": \"datetime\", \"length\": 32}', '变更日期', '1', '2', '2', '1', '2017-08-24 04:26:24', NULL, NULL, '/7');
INSERT INTO `eh_var_field_scopes` (`id`, `namespace_id`, `module_name`, `group_id`, `field_id`, `field_param`, `field_display_name`, `mandatory_flag`, `default_order`, `status`, `creator_uid`, `create_time`, `operator_uid`, `update_time`, `group_path`) VALUES ((@field_scopes_id := @field_scopes_id + 1), '999974', 'enterprise_customer', '7', '182', '{\"fieldParamType\": \"datetime\", \"length\": 32}', '出营业执照日期', '1', '2', '2', '1', '2017-08-24 04:26:24', NULL, NULL, '/7');
INSERT INTO `eh_var_field_scopes` (`id`, `namespace_id`, `module_name`, `group_id`, `field_id`, `field_param`, `field_display_name`, `mandatory_flag`, `default_order`, `status`, `creator_uid`, `create_time`, `operator_uid`, `update_time`, `group_path`) VALUES ((@field_scopes_id := @field_scopes_id + 1), '999974', 'enterprise_customer', '7', '183', '{\"fieldParamType\": \"datetime\", \"length\": 32}', '清算组备案日期', '1', '2', '2', '1', '2017-08-24 04:26:24', NULL, NULL, '/7');
INSERT INTO `eh_var_field_scopes` (`id`, `namespace_id`, `module_name`, `group_id`, `field_id`, `field_param`, `field_display_name`, `mandatory_flag`, `default_order`, `status`, `creator_uid`, `create_time`, `operator_uid`, `update_time`, `group_path`) VALUES ((@field_scopes_id := @field_scopes_id + 1), '999974', 'enterprise_customer', '7', '184', '{\"fieldParamType\": \"datetime\", \"length\": 32}', '注销日期', '1', '2', '2', '1', '2017-08-24 04:26:24', NULL, NULL, '/7');
INSERT INTO `eh_var_field_scopes` (`id`, `namespace_id`, `module_name`, `group_id`, `field_id`, `field_param`, `field_display_name`, `mandatory_flag`, `default_order`, `status`, `creator_uid`, `create_time`, `operator_uid`, `update_time`, `group_path`) VALUES ((@field_scopes_id := @field_scopes_id + 1), '999974', 'enterprise_customer', '7', '185', '{\"fieldParamType\": \"text\", \"length\": 32}', '注册地址', '1', '2', '2', '1', '2017-08-24 04:26:24', NULL, NULL, '/7');
INSERT INTO `eh_var_field_scopes` (`id`, `namespace_id`, `module_name`, `group_id`, `field_id`, `field_param`, `field_display_name`, `mandatory_flag`, `default_order`, `status`, `creator_uid`, `create_time`, `operator_uid`, `update_time`, `group_path`) VALUES ((@field_scopes_id := @field_scopes_id + 1), '999974', 'enterprise_customer', '7', '186', '{\"fieldParamType\": \"text\", \"length\": 32}', '注册资金', '1', '2', '2', '1', '2017-08-24 04:26:25', NULL, NULL, '/7');
INSERT INTO `eh_var_field_scopes` (`id`, `namespace_id`, `module_name`, `group_id`, `field_id`, `field_param`, `field_display_name`, `mandatory_flag`, `default_order`, `status`, `creator_uid`, `create_time`, `operator_uid`, `update_time`, `group_path`) VALUES ((@field_scopes_id := @field_scopes_id + 1), '999974', 'enterprise_customer', '7', '187', '{\"fieldParamType\": \"text\", \"length\": 32}', '实到资金', '1', '2', '2', '1', '2017-08-24 04:26:25', NULL, NULL, '/7');
INSERT INTO `eh_var_field_scopes` (`id`, `namespace_id`, `module_name`, `group_id`, `field_id`, `field_param`, `field_display_name`, `mandatory_flag`, `default_order`, `status`, `creator_uid`, `create_time`, `operator_uid`, `update_time`, `group_path`) VALUES ((@field_scopes_id := @field_scopes_id + 1), '999974', 'enterprise_customer', '7', '188', '{\"fieldParamType\": \"select\", \"length\": 32}', '房产性质', '1', '2', '2', '1', '2017-08-24 04:26:25', NULL, NULL, '/7');
INSERT INTO `eh_var_field_scopes` (`id`, `namespace_id`, `module_name`, `group_id`, `field_id`, `field_param`, `field_display_name`, `mandatory_flag`, `default_order`, `status`, `creator_uid`, `create_time`, `operator_uid`, `update_time`, `group_path`) VALUES ((@field_scopes_id := @field_scopes_id + 1), '999974', 'enterprise_customer', '8', '189', '{\"fieldParamType\": \"text\", \"length\": 32}', '获得政府扶持项目', '1', '2', '2', '1', '2017-08-24 12:40:45', NULL, NULL, '/8');
INSERT INTO `eh_var_field_scopes` (`id`, `namespace_id`, `module_name`, `group_id`, `field_id`, `field_param`, `field_display_name`, `mandatory_flag`, `default_order`, `status`, `creator_uid`, `create_time`, `operator_uid`, `update_time`, `group_path`) VALUES ((@field_scopes_id := @field_scopes_id + 1), '999974', 'enterprise_customer', '8', '190', '{\"fieldParamType\": \"text\", \"length\": 32}', '银行贷款', '1', '2', '2', '1', '2017-08-24 12:40:46', NULL, NULL, '/8');
INSERT INTO `eh_var_field_scopes` (`id`, `namespace_id`, `module_name`, `group_id`, `field_id`, `field_param`, `field_display_name`, `mandatory_flag`, `default_order`, `status`, `creator_uid`, `create_time`, `operator_uid`, `update_time`, `group_path`) VALUES ((@field_scopes_id := @field_scopes_id + 1), '999974', 'enterprise_customer', '8', '191', '{\"fieldParamType\": \"text\", \"length\": 32}', '股权融资', '1', '2', '2', '1', '2017-08-24 12:40:46', NULL, NULL, '/8');
INSERT INTO `eh_var_field_scopes` (`id`, `namespace_id`, `module_name`, `group_id`, `field_id`, `field_param`, `field_display_name`, `mandatory_flag`, `default_order`, `status`, `creator_uid`, `create_time`, `operator_uid`, `update_time`, `group_path`) VALUES ((@field_scopes_id := @field_scopes_id + 1), '999974', 'enterprise_customer', '9', '192', '{\"fieldParamType\": \"text\", \"length\": 32}', '资产总计', '1', '2', '2', '1', '2017-08-25 02:27:27', NULL, NULL, '/9');
INSERT INTO `eh_var_field_scopes` (`id`, `namespace_id`, `module_name`, `group_id`, `field_id`, `field_param`, `field_display_name`, `mandatory_flag`, `default_order`, `status`, `creator_uid`, `create_time`, `operator_uid`, `update_time`, `group_path`) VALUES ((@field_scopes_id := @field_scopes_id + 1), '999974', 'enterprise_customer', '9', '193', '{\"fieldParamType\": \"text\", \"length\": 32}', '利润总额', '1', '2', '2', '1', '2017-08-25 02:27:28', NULL, NULL, '/9');
INSERT INTO `eh_var_field_scopes` (`id`, `namespace_id`, `module_name`, `group_id`, `field_id`, `field_param`, `field_display_name`, `mandatory_flag`, `default_order`, `status`, `creator_uid`, `create_time`, `operator_uid`, `update_time`, `group_path`) VALUES ((@field_scopes_id := @field_scopes_id + 1), '999974', 'enterprise_customer', '9', '194', '{\"fieldParamType\": \"text\", \"length\": 32}', '销售额', '1', '2', '2', '1', '2017-08-25 02:27:28', NULL, NULL, '/9');
INSERT INTO `eh_var_field_scopes` (`id`, `namespace_id`, `module_name`, `group_id`, `field_id`, `field_param`, `field_display_name`, `mandatory_flag`, `default_order`, `status`, `creator_uid`, `create_time`, `operator_uid`, `update_time`, `group_path`) VALUES ((@field_scopes_id := @field_scopes_id + 1), '999974', 'enterprise_customer', '9', '195', '{\"fieldParamType\": \"text\", \"length\": 32}', '营业额', '1', '2', '2', '1', '2017-08-25 02:27:28', NULL, NULL, '/9');
INSERT INTO `eh_var_field_scopes` (`id`, `namespace_id`, `module_name`, `group_id`, `field_id`, `field_param`, `field_display_name`, `mandatory_flag`, `default_order`, `status`, `creator_uid`, `create_time`, `operator_uid`, `update_time`, `group_path`) VALUES ((@field_scopes_id := @field_scopes_id + 1), '999974', 'enterprise_customer', '9', '196', '{\"fieldParamType\": \"text\", \"length\": 32}', '税收指标', '1', '2', '2', '1', '2017-08-25 02:27:28', NULL, NULL, '/9');
INSERT INTO `eh_var_field_scopes` (`id`, `namespace_id`, `module_name`, `group_id`, `field_id`, `field_param`, `field_display_name`, `mandatory_flag`, `default_order`, `status`, `creator_uid`, `create_time`, `operator_uid`, `update_time`, `group_path`) VALUES ((@field_scopes_id := @field_scopes_id + 1), '999974', 'enterprise_customer', '9', '197', '{\"fieldParamType\": \"text\", \"length\": 32}', '纳税额', '1', '2', '2', '1', '2017-08-25 02:27:29', NULL, NULL, '/9');
INSERT INTO `eh_var_field_scopes` (`id`, `namespace_id`, `module_name`, `group_id`, `field_id`, `field_param`, `field_display_name`, `mandatory_flag`, `default_order`, `status`, `creator_uid`, `create_time`, `operator_uid`, `update_time`, `group_path`) VALUES ((@field_scopes_id := @field_scopes_id + 1), '999974', 'enterprise_customer', '9', '198', '{\"fieldParamType\": \"text\", \"length\": 32}', '增值税', '1', '2', '2', '1', '2017-08-25 02:27:29', NULL, NULL, '/9');
INSERT INTO `eh_var_field_scopes` (`id`, `namespace_id`, `module_name`, `group_id`, `field_id`, `field_param`, `field_display_name`, `mandatory_flag`, `default_order`, `status`, `creator_uid`, `create_time`, `operator_uid`, `update_time`, `group_path`) VALUES ((@field_scopes_id := @field_scopes_id + 1), '999974', 'enterprise_customer', '9', '199', '{\"fieldParamType\": \"text\", \"length\": 32}', '营业税', '1', '2', '2', '1', '2017-08-25 02:27:29', NULL, NULL, '/9');
INSERT INTO `eh_var_field_scopes` (`id`, `namespace_id`, `module_name`, `group_id`, `field_id`, `field_param`, `field_display_name`, `mandatory_flag`, `default_order`, `status`, `creator_uid`, `create_time`, `operator_uid`, `update_time`, `group_path`) VALUES ((@field_scopes_id := @field_scopes_id + 1), '999974', 'enterprise_customer', '9', '200', '{\"fieldParamType\": \"text\", \"length\": 32}', '企业所得税', '1', '2', '2', '1', '2017-08-25 02:27:29', NULL, NULL, '/9');
INSERT INTO `eh_var_field_scopes` (`id`, `namespace_id`, `module_name`, `group_id`, `field_id`, `field_param`, `field_display_name`, `mandatory_flag`, `default_order`, `status`, `creator_uid`, `create_time`, `operator_uid`, `update_time`, `group_path`) VALUES ((@field_scopes_id := @field_scopes_id + 1), '999974', 'enterprise_customer', '9', '201', '{\"fieldParamType\": \"text\", \"length\": 32}', '外企所得税', '1', '2', '2', '1', '2017-08-25 02:27:29', NULL, NULL, '/9');
INSERT INTO `eh_var_field_scopes` (`id`, `namespace_id`, `module_name`, `group_id`, `field_id`, `field_param`, `field_display_name`, `mandatory_flag`, `default_order`, `status`, `creator_uid`, `create_time`, `operator_uid`, `update_time`, `group_path`) VALUES ((@field_scopes_id := @field_scopes_id + 1), '999974', 'enterprise_customer', '9', '202', '{\"fieldParamType\": \"text\", \"length\": 32}', '个人所得税', '1', '2', '2', '1', '2017-08-25 02:27:30', NULL, NULL, '/9');
INSERT INTO `eh_var_field_scopes` (`id`, `namespace_id`, `module_name`, `group_id`, `field_id`, `field_param`, `field_display_name`, `mandatory_flag`, `default_order`, `status`, `creator_uid`, `create_time`, `operator_uid`, `update_time`, `group_path`) VALUES ((@field_scopes_id := @field_scopes_id + 1), '999974', 'enterprise_customer', '9', '203', '{\"fieldParamType\": \"text\", \"length\": 32}', '税费合计', '1', '2', '2', '1', '2017-08-25 02:27:30', NULL, NULL, '/9');
INSERT INTO `eh_var_field_scopes` (`id`, `namespace_id`, `module_name`, `group_id`, `field_id`, `field_param`, `field_display_name`, `mandatory_flag`, `default_order`, `status`, `creator_uid`, `create_time`, `operator_uid`, `update_time`, `group_path`) VALUES ((@field_scopes_id := @field_scopes_id + 1), '999974', 'enterprise_customer', '18', '204', '{\"fieldParamType\": \"text\", \"length\": 32}', '证书名称', '1', '1', '2', '1', '2017-08-23 10:56:15', NULL, NULL, '/17/18');
INSERT INTO `eh_var_field_scopes` (`id`, `namespace_id`, `module_name`, `group_id`, `field_id`, `field_param`, `field_display_name`, `mandatory_flag`, `default_order`, `status`, `creator_uid`, `create_time`, `operator_uid`, `update_time`, `group_path`) VALUES ((@field_scopes_id := @field_scopes_id + 1), '999974', 'enterprise_customer', '18', '205', '{\"fieldParamType\": \"text\", \"length\": 32}', '证书编号', '1', '2', '2', '1', '2017-08-23 10:56:15', NULL, NULL, '/17/18');
INSERT INTO `eh_var_field_scopes` (`id`, `namespace_id`, `module_name`, `group_id`, `field_id`, `field_param`, `field_display_name`, `mandatory_flag`, `default_order`, `status`, `creator_uid`, `create_time`, `operator_uid`, `update_time`, `group_path`) VALUES ((@field_scopes_id := @field_scopes_id + 1), '999974', 'enterprise_customer', '18', '206', '{\"fieldParamType\": \"datetime\", \"length\": 32}', '获得日期', '1', '3', '2', '1', '2017-08-23 10:56:15', NULL, NULL, '/17/18');
INSERT INTO `eh_var_field_scopes` (`id`, `namespace_id`, `module_name`, `group_id`, `field_id`, `field_param`, `field_display_name`, `mandatory_flag`, `default_order`, `status`, `creator_uid`, `create_time`, `operator_uid`, `update_time`, `group_path`) VALUES ((@field_scopes_id := @field_scopes_id + 1), '999974', 'contract', '14', '207', '{\"fieldParamType\": \"text\", \"length\": 32}', '租赁周期', '1', '112', '2', '1', '2017-08-18 02:24:52', NULL, NULL, '/13/14');
INSERT INTO `eh_var_field_scopes` (`id`, `namespace_id`, `module_name`, `group_id`, `field_id`, `field_param`, `field_display_name`, `mandatory_flag`, `default_order`, `status`, `creator_uid`, `create_time`, `operator_uid`, `update_time`, `group_path`) VALUES ((@field_scopes_id := @field_scopes_id + 1), '999974', 'enterprise_customer', '6', '208', '{\"fieldParamType\": \"select\", \"length\": 32}', '项目状态', '1', '6', '2', '1', '2017-08-19 09:48:57', NULL, NULL, '/6');


INSERT INTO `eh_var_field_items` (`id`, `module_name`, `field_id`, `display_name`, `default_order`, `status`, `creator_uid`, `create_time`, `operator_uid`, `update_time`) VALUES ('1', 'enterprise_customer', '4', '业主', '1', '2', '1', '2017-08-18 02:24:38', NULL, NULL);
INSERT INTO `eh_var_field_items` (`id`, `module_name`, `field_id`, `display_name`, `default_order`, `status`, `creator_uid`, `create_time`, `operator_uid`, `update_time`) VALUES ('2', 'enterprise_customer', '4', '租户', '2', '2', '1', '2017-08-18 02:24:38', NULL, NULL);
INSERT INTO `eh_var_field_items` (`id`, `module_name`, `field_id`, `display_name`, `default_order`, `status`, `creator_uid`, `create_time`, `operator_uid`, `update_time`) VALUES ('3', 'enterprise_customer', '5', '普通客户', '3', '2', '1', '2017-08-18 02:24:38', NULL, NULL);
INSERT INTO `eh_var_field_items` (`id`, `module_name`, `field_id`, `display_name`, `default_order`, `status`, `creator_uid`, `create_time`, `operator_uid`, `update_time`) VALUES ('4', 'enterprise_customer', '5', '重要客户', '4', '2', '1', '2017-08-18 02:24:38', NULL, NULL);
INSERT INTO `eh_var_field_items` (`id`, `module_name`, `field_id`, `display_name`, `default_order`, `status`, `creator_uid`, `create_time`, `operator_uid`, `update_time`) VALUES ('5', 'enterprise_customer', '5', '意向客户', '5', '2', '1', '2017-08-18 02:24:39', NULL, NULL);
INSERT INTO `eh_var_field_items` (`id`, `module_name`, `field_id`, `display_name`, `default_order`, `status`, `creator_uid`, `create_time`, `operator_uid`, `update_time`) VALUES ('6', 'enterprise_customer', '5', '已成交客户', '6', '2', '1', '2017-08-18 02:24:39', NULL, NULL);
INSERT INTO `eh_var_field_items` (`id`, `module_name`, `field_id`, `display_name`, `default_order`, `status`, `creator_uid`, `create_time`, `operator_uid`, `update_time`) VALUES ('7', 'enterprise_customer', '5', '其他', '7', '2', '1', '2017-08-18 02:24:39', NULL, NULL);
INSERT INTO `eh_var_field_items` (`id`, `module_name`, `field_id`, `display_name`, `default_order`, `status`, `creator_uid`, `create_time`, `operator_uid`, `update_time`) VALUES ('8', 'enterprise_customer', '6', '其他', '8', '2', '1', '2017-08-18 02:24:39', NULL, NULL);
INSERT INTO `eh_var_field_items` (`id`, `module_name`, `field_id`, `display_name`, `default_order`, `status`, `creator_uid`, `create_time`, `operator_uid`, `update_time`) VALUES ('9', 'enterprise_customer', '8', '男', '9', '2', '1', '2017-08-18 02:24:39', NULL, NULL);
INSERT INTO `eh_var_field_items` (`id`, `module_name`, `field_id`, `display_name`, `default_order`, `status`, `creator_uid`, `create_time`, `operator_uid`, `update_time`) VALUES ('10', 'enterprise_customer', '8', '女', '10', '2', '1', '2017-08-18 02:24:39', NULL, NULL);
INSERT INTO `eh_var_field_items` (`id`, `module_name`, `field_id`, `display_name`, `default_order`, `status`, `creator_uid`, `create_time`, `operator_uid`, `update_time`) VALUES ('11', 'enterprise_customer', '22', '国企', '11', '2', '1', '2017-08-18 02:24:39', NULL, NULL);
INSERT INTO `eh_var_field_items` (`id`, `module_name`, `field_id`, `display_name`, `default_order`, `status`, `creator_uid`, `create_time`, `operator_uid`, `update_time`) VALUES ('12', 'enterprise_customer', '22', '外企', '12', '2', '1', '2017-08-18 02:24:39', NULL, NULL);
INSERT INTO `eh_var_field_items` (`id`, `module_name`, `field_id`, `display_name`, `default_order`, `status`, `creator_uid`, `create_time`, `operator_uid`, `update_time`) VALUES ('13', 'enterprise_customer', '22', '港企', '13', '2', '1', '2017-08-18 02:24:39', NULL, NULL);
INSERT INTO `eh_var_field_items` (`id`, `module_name`, `field_id`, `display_name`, `default_order`, `status`, `creator_uid`, `create_time`, `operator_uid`, `update_time`) VALUES ('14', 'enterprise_customer', '22', '合资', '14', '2', '1', '2017-08-18 02:24:39', NULL, NULL);
INSERT INTO `eh_var_field_items` (`id`, `module_name`, `field_id`, `display_name`, `default_order`, `status`, `creator_uid`, `create_time`, `operator_uid`, `update_time`) VALUES ('15', 'enterprise_customer', '22', '民企', '15', '2', '1', '2017-08-18 02:24:39', NULL, NULL);
INSERT INTO `eh_var_field_items` (`id`, `module_name`, `field_id`, `display_name`, `default_order`, `status`, `creator_uid`, `create_time`, `operator_uid`, `update_time`) VALUES ('16', 'enterprise_customer', '22', '自然人', '16', '2', '1', '2017-08-18 02:24:40', NULL, NULL);
INSERT INTO `eh_var_field_items` (`id`, `module_name`, `field_id`, `display_name`, `default_order`, `status`, `creator_uid`, `create_time`, `operator_uid`, `update_time`) VALUES ('17', 'enterprise_customer', '22', '其他', '17', '2', '1', '2017-08-18 02:24:40', NULL, NULL);
INSERT INTO `eh_var_field_items` (`id`, `module_name`, `field_id`, `display_name`, `default_order`, `status`, `creator_uid`, `create_time`, `operator_uid`, `update_time`) VALUES ('18', 'enterprise_customer', '24', '科技类', '18', '2', '1', '2017-08-18 02:24:40', NULL, NULL);
INSERT INTO `eh_var_field_items` (`id`, `module_name`, `field_id`, `display_name`, `default_order`, `status`, `creator_uid`, `create_time`, `operator_uid`, `update_time`) VALUES ('19', 'enterprise_customer', '24', '服务类', '19', '2', '1', '2017-08-18 02:24:41', NULL, NULL);
INSERT INTO `eh_var_field_items` (`id`, `module_name`, `field_id`, `display_name`, `default_order`, `status`, `creator_uid`, `create_time`, `operator_uid`, `update_time`) VALUES ('20', 'enterprise_customer', '25', '企业定位', '20', '2', '1', '2017-08-18 02:24:41', NULL, NULL);
INSERT INTO `eh_var_field_items` (`id`, `module_name`, `field_id`, `display_name`, `default_order`, `status`, `creator_uid`, `create_time`, `operator_uid`, `update_time`) VALUES ('21', 'enterprise_customer', '33', '产品类型', '21', '2', '1', '2017-08-18 02:24:42', NULL, NULL);
INSERT INTO `eh_var_field_items` (`id`, `module_name`, `field_id`, `display_name`, `default_order`, `status`, `creator_uid`, `create_time`, `operator_uid`, `update_time`) VALUES ('22', 'enterprise_customer', '35', '高新技术企业', '22', '2', '1', '2017-08-18 02:24:42', NULL, NULL);
INSERT INTO `eh_var_field_items` (`id`, `module_name`, `field_id`, `display_name`, `default_order`, `status`, `creator_uid`, `create_time`, `operator_uid`, `update_time`) VALUES ('23', 'enterprise_customer', '35', '软件企业', '23', '2', '1', '2017-08-18 02:24:42', NULL, NULL);
INSERT INTO `eh_var_field_items` (`id`, `module_name`, `field_id`, `display_name`, `default_order`, `status`, `creator_uid`, `create_time`, `operator_uid`, `update_time`) VALUES ('25', 'contract', '104', '新签合同', '1', '2', '1', '2017-08-18 02:24:57', NULL, NULL);
INSERT INTO `eh_var_field_items` (`id`, `module_name`, `field_id`, `display_name`, `default_order`, `status`, `creator_uid`, `create_time`, `operator_uid`, `update_time`) VALUES ('26', 'contract', '104', '续约合同', '2', '2', '1', '2017-08-18 02:24:57', NULL, NULL);
INSERT INTO `eh_var_field_items` (`id`, `module_name`, `field_id`, `display_name`, `default_order`, `status`, `creator_uid`, `create_time`, `operator_uid`, `update_time`) VALUES ('27', 'contract', '104', '变更合同', '3', '2', '1', '2017-08-18 02:24:57', NULL, NULL);
INSERT INTO `eh_var_field_items` (`id`, `module_name`, `field_id`, `display_name`, `default_order`, `status`, `creator_uid`, `create_time`, `operator_uid`, `update_time`) VALUES ('28', 'contract', '105', '资源租赁合同', '1', '2', '1', '2017-08-18 02:24:57', NULL, NULL);
INSERT INTO `eh_var_field_items` (`id`, `module_name`, `field_id`, `display_name`, `default_order`, `status`, `creator_uid`, `create_time`, `operator_uid`, `update_time`) VALUES ('29', 'contract', '105', '物业服务合同', '2', '2', '1', '2017-08-18 02:24:57', NULL, NULL);
INSERT INTO `eh_var_field_items` (`id`, `module_name`, `field_id`, `display_name`, `default_order`, `status`, `creator_uid`, `create_time`, `operator_uid`, `update_time`) VALUES ('30', 'contract', '105', '车位服务合同', '3', '2', '1', '2017-08-18 02:24:57', NULL, NULL);
INSERT INTO `eh_var_field_items` (`id`, `module_name`, `field_id`, `display_name`, `default_order`, `status`, `creator_uid`, `create_time`, `operator_uid`, `update_time`) VALUES ('31', 'enterprise_customer', '141', '男', '1', '2', '1', '2017-08-19 09:14:29', NULL, NULL);
INSERT INTO `eh_var_field_items` (`id`, `module_name`, `field_id`, `display_name`, `default_order`, `status`, `creator_uid`, `create_time`, `operator_uid`, `update_time`) VALUES ('32', 'enterprise_customer', '141', '女', '2', '2', '1', '2017-08-19 09:14:30', NULL, NULL);
INSERT INTO `eh_var_field_items` (`id`, `module_name`, `field_id`, `display_name`, `default_order`, `status`, `creator_uid`, `create_time`, `operator_uid`, `update_time`) VALUES ('33', 'enterprise_customer', '143', '中国', '1', '2', '1', '2017-08-19 09:14:30', NULL, NULL);
INSERT INTO `eh_var_field_items` (`id`, `module_name`, `field_id`, `display_name`, `default_order`, `status`, `creator_uid`, `create_time`, `operator_uid`, `update_time`) VALUES ('34', 'enterprise_customer', '143', '美国', '2', '2', '1', '2017-08-19 09:14:30', NULL, NULL);
INSERT INTO `eh_var_field_items` (`id`, `module_name`, `field_id`, `display_name`, `default_order`, `status`, `creator_uid`, `create_time`, `operator_uid`, `update_time`) VALUES ('35', 'enterprise_customer', '143', '日本', '3', '2', '1', '2017-08-19 09:14:30', NULL, NULL);
INSERT INTO `eh_var_field_items` (`id`, `module_name`, `field_id`, `display_name`, `default_order`, `status`, `creator_uid`, `create_time`, `operator_uid`, `update_time`) VALUES ('36', 'enterprise_customer', '144', '大专', '1', '2', '1', '2017-08-19 09:14:30', NULL, NULL);
INSERT INTO `eh_var_field_items` (`id`, `module_name`, `field_id`, `display_name`, `default_order`, `status`, `creator_uid`, `create_time`, `operator_uid`, `update_time`) VALUES ('37', 'enterprise_customer', '144', '本科', '2', '2', '1', '2017-08-19 09:14:30', NULL, NULL);
INSERT INTO `eh_var_field_items` (`id`, `module_name`, `field_id`, `display_name`, `default_order`, `status`, `creator_uid`, `create_time`, `operator_uid`, `update_time`) VALUES ('38', 'enterprise_customer', '144', '硕士研究生', '3', '2', '1', '2017-08-19 09:14:30', NULL, NULL);
INSERT INTO `eh_var_field_items` (`id`, `module_name`, `field_id`, `display_name`, `default_order`, `status`, `creator_uid`, `create_time`, `operator_uid`, `update_time`) VALUES ('39', 'enterprise_customer', '144', '博士研究生', '4', '2', '1', '2017-08-19 09:14:30', NULL, NULL);
INSERT INTO `eh_var_field_items` (`id`, `module_name`, `field_id`, `display_name`, `default_order`, `status`, `creator_uid`, `create_time`, `operator_uid`, `update_time`) VALUES ('40', 'enterprise_customer', '148', '是', '1', '2', '1', '2017-08-19 09:14:30', NULL, NULL);
INSERT INTO `eh_var_field_items` (`id`, `module_name`, `field_id`, `display_name`, `default_order`, `status`, `creator_uid`, `create_time`, `operator_uid`, `update_time`) VALUES ('41', 'enterprise_customer', '148', '否', '2', '2', '1', '2017-08-19 09:14:30', NULL, NULL);
INSERT INTO `eh_var_field_items` (`id`, `module_name`, `field_id`, `display_name`, `default_order`, `status`, `creator_uid`, `create_time`, `operator_uid`, `update_time`) VALUES ('42', 'enterprise_customer', '149', '中国', '1', '2', '1', '2017-08-19 09:14:30', NULL, NULL);
INSERT INTO `eh_var_field_items` (`id`, `module_name`, `field_id`, `display_name`, `default_order`, `status`, `creator_uid`, `create_time`, `operator_uid`, `update_time`) VALUES ('43', 'enterprise_customer', '149', '美国', '2', '2', '1', '2017-08-19 09:14:30', NULL, NULL);
INSERT INTO `eh_var_field_items` (`id`, `module_name`, `field_id`, `display_name`, `default_order`, `status`, `creator_uid`, `create_time`, `operator_uid`, `update_time`) VALUES ('44', 'enterprise_customer', '149', '日本', '3', '2', '1', '2017-08-19 09:14:30', NULL, NULL);
INSERT INTO `eh_var_field_items` (`id`, `module_name`, `field_id`, `display_name`, `default_order`, `status`, `creator_uid`, `create_time`, `operator_uid`, `update_time`) VALUES ('45', 'enterprise_customer', '151', '初级', '1', '2', '1', '2017-08-19 09:14:30', NULL, NULL);
INSERT INTO `eh_var_field_items` (`id`, `module_name`, `field_id`, `display_name`, `default_order`, `status`, `creator_uid`, `create_time`, `operator_uid`, `update_time`) VALUES ('46', 'enterprise_customer', '151', '中级', '2', '2', '1', '2017-08-19 09:14:31', NULL, NULL);
INSERT INTO `eh_var_field_items` (`id`, `module_name`, `field_id`, `display_name`, `default_order`, `status`, `creator_uid`, `create_time`, `operator_uid`, `update_time`) VALUES ('47', 'enterprise_customer', '151', '高级', '3', '2', '1', '2017-08-19 09:14:31', NULL, NULL);
INSERT INTO `eh_var_field_items` (`id`, `module_name`, `field_id`, `display_name`, `default_order`, `status`, `creator_uid`, `create_time`, `operator_uid`, `update_time`) VALUES ('48', 'enterprise_customer', '152', '否', '1', '2', '1', '2017-08-19 09:14:31', NULL, NULL);
INSERT INTO `eh_var_field_items` (`id`, `module_name`, `field_id`, `display_name`, `default_order`, `status`, `creator_uid`, `create_time`, `operator_uid`, `update_time`) VALUES ('49', 'enterprise_customer', '152', '上海（千人批次）', '2', '2', '1', '2017-08-19 09:14:31', NULL, NULL);
INSERT INTO `eh_var_field_items` (`id`, `module_name`, `field_id`, `display_name`, `default_order`, `status`, `creator_uid`, `create_time`, `operator_uid`, `update_time`) VALUES ('50', 'enterprise_customer', '152', '中央（千人批次）', '3', '2', '1', '2017-08-19 09:14:31', NULL, NULL);
INSERT INTO `eh_var_field_items` (`id`, `module_name`, `field_id`, `display_name`, `default_order`, `status`, `creator_uid`, `create_time`, `operator_uid`, `update_time`) VALUES ('51', 'enterprise_customer', '152', '浦江人才', '4', '2', '1', '2017-08-19 09:14:31', NULL, NULL);
INSERT INTO `eh_var_field_items` (`id`, `module_name`, `field_id`, `display_name`, `default_order`, `status`, `creator_uid`, `create_time`, `operator_uid`, `update_time`) VALUES ('52', 'enterprise_customer', '152', '两院院士', '5', '2', '1', '2017-08-19 09:14:31', NULL, NULL);
INSERT INTO `eh_var_field_items` (`id`, `module_name`, `field_id`, `display_name`, `default_order`, `status`, `creator_uid`, `create_time`, `operator_uid`, `update_time`) VALUES ('53', 'enterprise_customer', '152', '高层次人才', '6', '2', '1', '2017-08-19 09:14:31', NULL, NULL);
INSERT INTO `eh_var_field_items` (`id`, `module_name`, `field_id`, `display_name`, `default_order`, `status`, `creator_uid`, `create_time`, `operator_uid`, `update_time`) VALUES ('54', 'enterprise_customer', '152', '其他', '7', '2', '1', '2017-08-19 09:14:31', NULL, NULL);
INSERT INTO `eh_var_field_items` (`id`, `module_name`, `field_id`, `display_name`, `default_order`, `status`, `creator_uid`, `create_time`, `operator_uid`, `update_time`) VALUES ('55', 'enterprise_customer', '157', '国家', '1', '2', '1', '2017-08-19 09:48:58', NULL, NULL);
INSERT INTO `eh_var_field_items` (`id`, `module_name`, `field_id`, `display_name`, `default_order`, `status`, `creator_uid`, `create_time`, `operator_uid`, `update_time`) VALUES ('56', 'enterprise_customer', '157', '上海市', '2', '2', '1', '2017-08-19 09:48:58', NULL, NULL);
INSERT INTO `eh_var_field_items` (`id`, `module_name`, `field_id`, `display_name`, `default_order`, `status`, `creator_uid`, `create_time`, `operator_uid`, `update_time`) VALUES ('57', 'enterprise_customer', '157', '嘉定区', '3', '2', '1', '2017-08-19 09:48:58', NULL, NULL);
INSERT INTO `eh_var_field_items` (`id`, `module_name`, `field_id`, `display_name`, `default_order`, `status`, `creator_uid`, `create_time`, `operator_uid`, `update_time`) VALUES ('58', 'enterprise_customer', '157', '其他', '4', '2', '1', '2017-08-19 09:48:58', NULL, NULL);
INSERT INTO `eh_var_field_items` (`id`, `module_name`, `field_id`, `display_name`, `default_order`, `status`, `creator_uid`, `create_time`, `operator_uid`, `update_time`) VALUES ('59', 'contract', '130', '现金', '1', '2', '1', '2017-08-21 06:15:56', NULL, NULL);
INSERT INTO `eh_var_field_items` (`id`, `module_name`, `field_id`, `display_name`, `default_order`, `status`, `creator_uid`, `create_time`, `operator_uid`, `update_time`) VALUES ('60', 'contract', '130', '银行卡', '2', '2', '1', '2017-08-21 06:15:56', NULL, NULL);
INSERT INTO `eh_var_field_items` (`id`, `module_name`, `field_id`, `display_name`, `default_order`, `status`, `creator_uid`, `create_time`, `operator_uid`, `update_time`) VALUES ('164', 'enterprise_customer', '163', '文字商标', '1', '2', '1', '2017-08-23 10:56:16', NULL, NULL);
INSERT INTO `eh_var_field_items` (`id`, `module_name`, `field_id`, `display_name`, `default_order`, `status`, `creator_uid`, `create_time`, `operator_uid`, `update_time`) VALUES ('165', 'enterprise_customer', '163', '图片商标', '1', '2', '1', '2017-08-23 10:56:16', NULL, NULL);
INSERT INTO `eh_var_field_items` (`id`, `module_name`, `field_id`, `display_name`, `default_order`, `status`, `creator_uid`, `create_time`, `operator_uid`, `update_time`) VALUES ('166', 'enterprise_customer', '163', '品牌商标', '1', '2', '1', '2017-08-23 10:56:16', NULL, NULL);
INSERT INTO `eh_var_field_items` (`id`, `module_name`, `field_id`, `display_name`, `default_order`, `status`, `creator_uid`, `create_time`, `operator_uid`, `update_time`) VALUES ('167', 'enterprise_customer', '163', '著名商标', '1', '2', '1', '2017-08-23 10:56:16', NULL, NULL);
INSERT INTO `eh_var_field_items` (`id`, `module_name`, `field_id`, `display_name`, `default_order`, `status`, `creator_uid`, `create_time`, `operator_uid`, `update_time`) VALUES ('170', 'enterprise_customer', '169', '发明专利', '1', '2', '1', '2017-08-24 01:20:51', NULL, NULL);
INSERT INTO `eh_var_field_items` (`id`, `module_name`, `field_id`, `display_name`, `default_order`, `status`, `creator_uid`, `create_time`, `operator_uid`, `update_time`) VALUES ('171', 'enterprise_customer', '169', '实用新型', '1', '2', '1', '2017-08-24 01:20:51', NULL, NULL);
INSERT INTO `eh_var_field_items` (`id`, `module_name`, `field_id`, `display_name`, `default_order`, `status`, `creator_uid`, `create_time`, `operator_uid`, `update_time`) VALUES ('172', 'enterprise_customer', '169', '外观设计', '1', '2', '1', '2017-08-24 01:20:51', NULL, NULL);
INSERT INTO `eh_var_field_items` (`id`, `module_name`, `field_id`, `display_name`, `default_order`, `status`, `creator_uid`, `create_time`, `operator_uid`, `update_time`) VALUES ('173', 'enterprise_customer', '169', '集成电路布图', '1', '2', '1', '2017-08-24 01:20:51', NULL, NULL);
INSERT INTO `eh_var_field_items` (`id`, `module_name`, `field_id`, `display_name`, `default_order`, `status`, `creator_uid`, `create_time`, `operator_uid`, `update_time`) VALUES ('174', 'enterprise_customer', '169', '软件著作权', '1', '2', '1', '2017-08-24 01:20:51', NULL, NULL);
INSERT INTO `eh_var_field_items` (`id`, `module_name`, `field_id`, `display_name`, `default_order`, `status`, `creator_uid`, `create_time`, `operator_uid`, `update_time`) VALUES ('175', 'enterprise_customer', '169', '证书', '1', '2', '1', '2017-08-24 01:20:51', NULL, NULL);
INSERT INTO `eh_var_field_items` (`id`, `module_name`, `field_id`, `display_name`, `default_order`, `status`, `creator_uid`, `create_time`, `operator_uid`, `update_time`) VALUES ('176', 'enterprise_customer', '170', '申请', '1', '2', '1', '2017-08-24 01:20:52', NULL, NULL);
INSERT INTO `eh_var_field_items` (`id`, `module_name`, `field_id`, `display_name`, `default_order`, `status`, `creator_uid`, `create_time`, `operator_uid`, `update_time`) VALUES ('177', 'enterprise_customer', '170', '授权', '1', '2', '1', '2017-08-24 01:20:52', NULL, NULL);
INSERT INTO `eh_var_field_items` (`id`, `module_name`, `field_id`, `display_name`, `default_order`, `status`, `creator_uid`, `create_time`, `operator_uid`, `update_time`) VALUES ('178', 'enterprise_customer', '171', '企业', '1', '2', '1', '2017-08-24 04:26:21', NULL, NULL);
INSERT INTO `eh_var_field_items` (`id`, `module_name`, `field_id`, `display_name`, `default_order`, `status`, `creator_uid`, `create_time`, `operator_uid`, `update_time`) VALUES ('179', 'enterprise_customer', '171', '事业单位', '1', '2', '1', '2017-08-24 04:26:21', NULL, NULL);
INSERT INTO `eh_var_field_items` (`id`, `module_name`, `field_id`, `display_name`, `default_order`, `status`, `creator_uid`, `create_time`, `operator_uid`, `update_time`) VALUES ('180', 'enterprise_customer', '171', '政府机关', '1', '2', '1', '2017-08-24 04:26:21', NULL, NULL);
INSERT INTO `eh_var_field_items` (`id`, `module_name`, `field_id`, `display_name`, `default_order`, `status`, `creator_uid`, `create_time`, `operator_uid`, `update_time`) VALUES ('181', 'enterprise_customer', '171', '社会团体', '1', '2', '1', '2017-08-24 04:26:21', NULL, NULL);
INSERT INTO `eh_var_field_items` (`id`, `module_name`, `field_id`, `display_name`, `default_order`, `status`, `creator_uid`, `create_time`, `operator_uid`, `update_time`) VALUES ('182', 'enterprise_customer', '171', '民办非企业单位', '1', '2', '1', '2017-08-24 04:26:21', NULL, NULL);
INSERT INTO `eh_var_field_items` (`id`, `module_name`, `field_id`, `display_name`, `default_order`, `status`, `creator_uid`, `create_time`, `operator_uid`, `update_time`) VALUES ('183', 'enterprise_customer', '171', '基金会', '1', '2', '1', '2017-08-24 04:26:22', NULL, NULL);
INSERT INTO `eh_var_field_items` (`id`, `module_name`, `field_id`, `display_name`, `default_order`, `status`, `creator_uid`, `create_time`, `operator_uid`, `update_time`) VALUES ('184', 'enterprise_customer', '171', '其他组织机构', '1', '2', '1', '2017-08-24 04:26:22', NULL, NULL);
INSERT INTO `eh_var_field_items` (`id`, `module_name`, `field_id`, `display_name`, `default_order`, `status`, `creator_uid`, `create_time`, `operator_uid`, `update_time`) VALUES ('185', 'enterprise_customer', '172', '企业', '1', '2', '1', '2017-08-24 04:26:22', NULL, NULL);
INSERT INTO `eh_var_field_items` (`id`, `module_name`, `field_id`, `display_name`, `default_order`, `status`, `creator_uid`, `create_time`, `operator_uid`, `update_time`) VALUES ('186', 'enterprise_customer', '172', '事业单位', '1', '2', '1', '2017-08-24 04:26:22', NULL, NULL);
INSERT INTO `eh_var_field_items` (`id`, `module_name`, `field_id`, `display_name`, `default_order`, `status`, `creator_uid`, `create_time`, `operator_uid`, `update_time`) VALUES ('187', 'enterprise_customer', '172', '政府机关', '1', '2', '1', '2017-08-24 04:26:22', NULL, NULL);
INSERT INTO `eh_var_field_items` (`id`, `module_name`, `field_id`, `display_name`, `default_order`, `status`, `creator_uid`, `create_time`, `operator_uid`, `update_time`) VALUES ('188', 'enterprise_customer', '172', '社会团体', '1', '2', '1', '2017-08-24 04:26:23', NULL, NULL);
INSERT INTO `eh_var_field_items` (`id`, `module_name`, `field_id`, `display_name`, `default_order`, `status`, `creator_uid`, `create_time`, `operator_uid`, `update_time`) VALUES ('189', 'enterprise_customer', '172', '民办非企业单位', '1', '2', '1', '2017-08-24 04:26:23', NULL, NULL);
INSERT INTO `eh_var_field_items` (`id`, `module_name`, `field_id`, `display_name`, `default_order`, `status`, `creator_uid`, `create_time`, `operator_uid`, `update_time`) VALUES ('190', 'enterprise_customer', '172', '基金会', '1', '2', '1', '2017-08-24 04:26:23', NULL, NULL);
INSERT INTO `eh_var_field_items` (`id`, `module_name`, `field_id`, `display_name`, `default_order`, `status`, `creator_uid`, `create_time`, `operator_uid`, `update_time`) VALUES ('191', 'enterprise_customer', '188', '个人', '1', '2', '1', '2017-08-24 04:26:25', NULL, NULL);
INSERT INTO `eh_var_field_items` (`id`, `module_name`, `field_id`, `display_name`, `default_order`, `status`, `creator_uid`, `create_time`, `operator_uid`, `update_time`) VALUES ('192', 'enterprise_customer', '6', '广告', '1', '2', '1', '2017-08-18 02:24:39', NULL, NULL);
INSERT INTO `eh_var_field_items` (`id`, `module_name`, `field_id`, `display_name`, `default_order`, `status`, `creator_uid`, `create_time`, `operator_uid`, `update_time`) VALUES ('193', 'enterprise_customer', '6', '报纸', '2', '2', '1', '2017-08-18 02:24:39', NULL, NULL);
INSERT INTO `eh_var_field_items` (`id`, `module_name`, `field_id`, `display_name`, `default_order`, `status`, `creator_uid`, `create_time`, `operator_uid`, `update_time`) VALUES ('194', 'enterprise_customer', '6', '中介', '3', '2', '1', '2017-08-18 02:24:39', NULL, NULL);
INSERT INTO `eh_var_field_items` (`id`, `module_name`, `field_id`, `display_name`, `default_order`, `status`, `creator_uid`, `create_time`, `operator_uid`, `update_time`) VALUES ('195', 'enterprise_customer', '6', '网站', '4', '2', '1', '2017-08-18 02:24:39', NULL, NULL);
INSERT INTO `eh_var_field_items` (`id`, `module_name`, `field_id`, `display_name`, `default_order`, `status`, `creator_uid`, `create_time`, `operator_uid`, `update_time`) VALUES ('196', 'enterprise_customer', '6', '活动', '5', '2', '1', '2017-08-18 02:24:39', NULL, NULL);

INSERT INTO `eh_var_field_item_scopes` (`id`, `namespace_id`, `module_name`, `field_id`, `item_id`, `item_display_name`, `default_order`, `status`, `creator_uid`, `create_time`, `operator_uid`, `update_time`) VALUES ('1', '999971', 'enterprise_customer', '4', '1', '业主', '1', '2', '1', '2017-08-18 02:24:42', NULL, NULL);
INSERT INTO `eh_var_field_item_scopes` (`id`, `namespace_id`, `module_name`, `field_id`, `item_id`, `item_display_name`, `default_order`, `status`, `creator_uid`, `create_time`, `operator_uid`, `update_time`) VALUES ('2', '999971', 'enterprise_customer', '4', '2', '租户', '2', '2', '1', '2017-08-18 02:24:42', NULL, NULL);
INSERT INTO `eh_var_field_item_scopes` (`id`, `namespace_id`, `module_name`, `field_id`, `item_id`, `item_display_name`, `default_order`, `status`, `creator_uid`, `create_time`, `operator_uid`, `update_time`) VALUES ('3', '999971', 'enterprise_customer', '5', '3', '普通客户', '3', '2', '1', '2017-08-18 02:24:42', NULL, NULL);
INSERT INTO `eh_var_field_item_scopes` (`id`, `namespace_id`, `module_name`, `field_id`, `item_id`, `item_display_name`, `default_order`, `status`, `creator_uid`, `create_time`, `operator_uid`, `update_time`) VALUES ('4', '999971', 'enterprise_customer', '5', '4', '重要客户', '4', '2', '1', '2017-08-18 02:24:42', NULL, NULL);
INSERT INTO `eh_var_field_item_scopes` (`id`, `namespace_id`, `module_name`, `field_id`, `item_id`, `item_display_name`, `default_order`, `status`, `creator_uid`, `create_time`, `operator_uid`, `update_time`) VALUES ('5', '999971', 'enterprise_customer', '5', '5', '意向客户', '5', '2', '1', '2017-08-18 02:24:42', NULL, NULL);
INSERT INTO `eh_var_field_item_scopes` (`id`, `namespace_id`, `module_name`, `field_id`, `item_id`, `item_display_name`, `default_order`, `status`, `creator_uid`, `create_time`, `operator_uid`, `update_time`) VALUES ('6', '999971', 'enterprise_customer', '5', '6', '已成交客户', '6', '2', '1', '2017-08-18 02:24:42', NULL, NULL);
INSERT INTO `eh_var_field_item_scopes` (`id`, `namespace_id`, `module_name`, `field_id`, `item_id`, `item_display_name`, `default_order`, `status`, `creator_uid`, `create_time`, `operator_uid`, `update_time`) VALUES ('7', '999971', 'enterprise_customer', '5', '7', '其他', '7', '2', '1', '2017-08-18 02:24:42', NULL, NULL);
INSERT INTO `eh_var_field_item_scopes` (`id`, `namespace_id`, `module_name`, `field_id`, `item_id`, `item_display_name`, `default_order`, `status`, `creator_uid`, `create_time`, `operator_uid`, `update_time`) VALUES ('8', '999971', 'enterprise_customer', '6', '8', '其他', '8', '2', '1', '2017-08-18 02:24:42', NULL, NULL);
INSERT INTO `eh_var_field_item_scopes` (`id`, `namespace_id`, `module_name`, `field_id`, `item_id`, `item_display_name`, `default_order`, `status`, `creator_uid`, `create_time`, `operator_uid`, `update_time`) VALUES ('9', '999971', 'enterprise_customer', '8', '9', '男', '9', '2', '1', '2017-08-18 02:24:43', NULL, NULL);
INSERT INTO `eh_var_field_item_scopes` (`id`, `namespace_id`, `module_name`, `field_id`, `item_id`, `item_display_name`, `default_order`, `status`, `creator_uid`, `create_time`, `operator_uid`, `update_time`) VALUES ('10', '999971', 'enterprise_customer', '8', '10', '女', '10', '2', '1', '2017-08-18 02:24:43', NULL, NULL);
INSERT INTO `eh_var_field_item_scopes` (`id`, `namespace_id`, `module_name`, `field_id`, `item_id`, `item_display_name`, `default_order`, `status`, `creator_uid`, `create_time`, `operator_uid`, `update_time`) VALUES ('11', '999971', 'enterprise_customer', '22', '11', '国企', '11', '2', '1', '2017-08-18 02:24:43', NULL, NULL);
INSERT INTO `eh_var_field_item_scopes` (`id`, `namespace_id`, `module_name`, `field_id`, `item_id`, `item_display_name`, `default_order`, `status`, `creator_uid`, `create_time`, `operator_uid`, `update_time`) VALUES ('12', '999971', 'enterprise_customer', '22', '12', '外企', '12', '2', '1', '2017-08-18 02:24:44', NULL, NULL);
INSERT INTO `eh_var_field_item_scopes` (`id`, `namespace_id`, `module_name`, `field_id`, `item_id`, `item_display_name`, `default_order`, `status`, `creator_uid`, `create_time`, `operator_uid`, `update_time`) VALUES ('13', '999971', 'enterprise_customer', '22', '13', '港企', '13', '2', '1', '2017-08-18 02:24:44', NULL, NULL);
INSERT INTO `eh_var_field_item_scopes` (`id`, `namespace_id`, `module_name`, `field_id`, `item_id`, `item_display_name`, `default_order`, `status`, `creator_uid`, `create_time`, `operator_uid`, `update_time`) VALUES ('14', '999971', 'enterprise_customer', '22', '14', '合资', '14', '2', '1', '2017-08-18 02:24:44', NULL, NULL);
INSERT INTO `eh_var_field_item_scopes` (`id`, `namespace_id`, `module_name`, `field_id`, `item_id`, `item_display_name`, `default_order`, `status`, `creator_uid`, `create_time`, `operator_uid`, `update_time`) VALUES ('15', '999971', 'enterprise_customer', '22', '15', '民企', '15', '2', '1', '2017-08-18 02:24:44', NULL, NULL);
INSERT INTO `eh_var_field_item_scopes` (`id`, `namespace_id`, `module_name`, `field_id`, `item_id`, `item_display_name`, `default_order`, `status`, `creator_uid`, `create_time`, `operator_uid`, `update_time`) VALUES ('16', '999971', 'enterprise_customer', '22', '16', '自然人', '16', '2', '1', '2017-08-18 02:24:44', NULL, NULL);
INSERT INTO `eh_var_field_item_scopes` (`id`, `namespace_id`, `module_name`, `field_id`, `item_id`, `item_display_name`, `default_order`, `status`, `creator_uid`, `create_time`, `operator_uid`, `update_time`) VALUES ('17', '999971', 'enterprise_customer', '22', '17', '其他', '17', '2', '1', '2017-08-18 02:24:44', NULL, NULL);
INSERT INTO `eh_var_field_item_scopes` (`id`, `namespace_id`, `module_name`, `field_id`, `item_id`, `item_display_name`, `default_order`, `status`, `creator_uid`, `create_time`, `operator_uid`, `update_time`) VALUES ('18', '999971', 'enterprise_customer', '24', '18', '科技类', '18', '2', '1', '2017-08-18 02:24:44', NULL, NULL);
INSERT INTO `eh_var_field_item_scopes` (`id`, `namespace_id`, `module_name`, `field_id`, `item_id`, `item_display_name`, `default_order`, `status`, `creator_uid`, `create_time`, `operator_uid`, `update_time`) VALUES ('19', '999971', 'enterprise_customer', '24', '19', '服务类', '19', '2', '1', '2017-08-18 02:24:45', NULL, NULL);
INSERT INTO `eh_var_field_item_scopes` (`id`, `namespace_id`, `module_name`, `field_id`, `item_id`, `item_display_name`, `default_order`, `status`, `creator_uid`, `create_time`, `operator_uid`, `update_time`) VALUES ('20', '999971', 'enterprise_customer', '25', '20', '企业定位', '20', '2', '1', '2017-08-18 02:24:45', NULL, NULL);
INSERT INTO `eh_var_field_item_scopes` (`id`, `namespace_id`, `module_name`, `field_id`, `item_id`, `item_display_name`, `default_order`, `status`, `creator_uid`, `create_time`, `operator_uid`, `update_time`) VALUES ('21', '999971', 'enterprise_customer', '33', '21', '产品类型', '21', '2', '1', '2017-08-18 02:24:45', NULL, NULL);
INSERT INTO `eh_var_field_item_scopes` (`id`, `namespace_id`, `module_name`, `field_id`, `item_id`, `item_display_name`, `default_order`, `status`, `creator_uid`, `create_time`, `operator_uid`, `update_time`) VALUES ('22', '999971', 'enterprise_customer', '35', '22', '高新技术企业', '22', '2', '1', '2017-08-18 02:24:45', NULL, NULL);
INSERT INTO `eh_var_field_item_scopes` (`id`, `namespace_id`, `module_name`, `field_id`, `item_id`, `item_display_name`, `default_order`, `status`, `creator_uid`, `create_time`, `operator_uid`, `update_time`) VALUES ('23', '999971', 'enterprise_customer', '35', '23', '软件企业', '23', '2', '1', '2017-08-18 02:24:45', NULL, NULL);
INSERT INTO `eh_var_field_item_scopes` (`id`, `namespace_id`, `module_name`, `field_id`, `item_id`, `item_display_name`, `default_order`, `status`, `creator_uid`, `create_time`, `operator_uid`, `update_time`) VALUES ('25', '999971', 'contract', '104', '25', '新签合同', '1', '2', '1', '2017-08-18 02:24:57', NULL, NULL);
INSERT INTO `eh_var_field_item_scopes` (`id`, `namespace_id`, `module_name`, `field_id`, `item_id`, `item_display_name`, `default_order`, `status`, `creator_uid`, `create_time`, `operator_uid`, `update_time`) VALUES ('26', '999971', 'contract', '104', '26', '续约合同', '2', '2', '1', '2017-08-18 02:24:58', NULL, NULL);
INSERT INTO `eh_var_field_item_scopes` (`id`, `namespace_id`, `module_name`, `field_id`, `item_id`, `item_display_name`, `default_order`, `status`, `creator_uid`, `create_time`, `operator_uid`, `update_time`) VALUES ('27', '999971', 'contract', '104', '27', '变更合同', '3', '2', '1', '2017-08-18 02:24:58', NULL, NULL);
INSERT INTO `eh_var_field_item_scopes` (`id`, `namespace_id`, `module_name`, `field_id`, `item_id`, `item_display_name`, `default_order`, `status`, `creator_uid`, `create_time`, `operator_uid`, `update_time`) VALUES ('28', '999971', 'contract', '105', '28', '资源租赁合同', '1', '2', '1', '2017-08-18 02:24:58', NULL, NULL);
INSERT INTO `eh_var_field_item_scopes` (`id`, `namespace_id`, `module_name`, `field_id`, `item_id`, `item_display_name`, `default_order`, `status`, `creator_uid`, `create_time`, `operator_uid`, `update_time`) VALUES ('29', '999971', 'contract', '105', '29', '物业服务合同', '2', '2', '1', '2017-08-18 02:24:59', NULL, NULL);
INSERT INTO `eh_var_field_item_scopes` (`id`, `namespace_id`, `module_name`, `field_id`, `item_id`, `item_display_name`, `default_order`, `status`, `creator_uid`, `create_time`, `operator_uid`, `update_time`) VALUES ('30', '999971', 'contract', '105', '30', '车位服务合同', '3', '2', '1', '2017-08-18 02:24:59', NULL, NULL);
INSERT INTO `eh_var_field_item_scopes` (`id`, `namespace_id`, `module_name`, `field_id`, `item_id`, `item_display_name`, `default_order`, `status`, `creator_uid`, `create_time`, `operator_uid`, `update_time`) VALUES ('31', '999971', 'enterprise_customer', '141', '31', '男', '1', '2', '1', '2017-08-19 09:14:31', NULL, NULL);
INSERT INTO `eh_var_field_item_scopes` (`id`, `namespace_id`, `module_name`, `field_id`, `item_id`, `item_display_name`, `default_order`, `status`, `creator_uid`, `create_time`, `operator_uid`, `update_time`) VALUES ('32', '999971', 'enterprise_customer', '141', '32', '女', '2', '2', '1', '2017-08-19 09:14:31', NULL, NULL);
INSERT INTO `eh_var_field_item_scopes` (`id`, `namespace_id`, `module_name`, `field_id`, `item_id`, `item_display_name`, `default_order`, `status`, `creator_uid`, `create_time`, `operator_uid`, `update_time`) VALUES ('33', '999971', 'enterprise_customer', '143', '33', '中国', '1', '2', '1', '2017-08-19 09:14:31', NULL, NULL);
INSERT INTO `eh_var_field_item_scopes` (`id`, `namespace_id`, `module_name`, `field_id`, `item_id`, `item_display_name`, `default_order`, `status`, `creator_uid`, `create_time`, `operator_uid`, `update_time`) VALUES ('34', '999971', 'enterprise_customer', '143', '34', '美国', '2', '2', '1', '2017-08-19 09:14:31', NULL, NULL);
INSERT INTO `eh_var_field_item_scopes` (`id`, `namespace_id`, `module_name`, `field_id`, `item_id`, `item_display_name`, `default_order`, `status`, `creator_uid`, `create_time`, `operator_uid`, `update_time`) VALUES ('35', '999971', 'enterprise_customer', '143', '35', '日本', '3', '2', '1', '2017-08-19 09:14:31', NULL, NULL);
INSERT INTO `eh_var_field_item_scopes` (`id`, `namespace_id`, `module_name`, `field_id`, `item_id`, `item_display_name`, `default_order`, `status`, `creator_uid`, `create_time`, `operator_uid`, `update_time`) VALUES ('36', '999971', 'enterprise_customer', '144', '36', '大专', '1', '2', '1', '2017-08-19 09:14:31', NULL, NULL);
INSERT INTO `eh_var_field_item_scopes` (`id`, `namespace_id`, `module_name`, `field_id`, `item_id`, `item_display_name`, `default_order`, `status`, `creator_uid`, `create_time`, `operator_uid`, `update_time`) VALUES ('37', '999971', 'enterprise_customer', '144', '37', '本科', '2', '2', '1', '2017-08-19 09:14:31', NULL, NULL);
INSERT INTO `eh_var_field_item_scopes` (`id`, `namespace_id`, `module_name`, `field_id`, `item_id`, `item_display_name`, `default_order`, `status`, `creator_uid`, `create_time`, `operator_uid`, `update_time`) VALUES ('38', '999971', 'enterprise_customer', '144', '38', '硕士研究生', '3', '2', '1', '2017-08-19 09:14:31', NULL, NULL);
INSERT INTO `eh_var_field_item_scopes` (`id`, `namespace_id`, `module_name`, `field_id`, `item_id`, `item_display_name`, `default_order`, `status`, `creator_uid`, `create_time`, `operator_uid`, `update_time`) VALUES ('39', '999971', 'enterprise_customer', '144', '39', '博士研究生', '4', '2', '1', '2017-08-19 09:14:31', NULL, NULL);
INSERT INTO `eh_var_field_item_scopes` (`id`, `namespace_id`, `module_name`, `field_id`, `item_id`, `item_display_name`, `default_order`, `status`, `creator_uid`, `create_time`, `operator_uid`, `update_time`) VALUES ('40', '999971', 'enterprise_customer', '148', '40', '是', '1', '2', '1', '2017-08-19 09:14:31', NULL, NULL);
INSERT INTO `eh_var_field_item_scopes` (`id`, `namespace_id`, `module_name`, `field_id`, `item_id`, `item_display_name`, `default_order`, `status`, `creator_uid`, `create_time`, `operator_uid`, `update_time`) VALUES ('41', '999971', 'enterprise_customer', '148', '41', '否', '2', '2', '1', '2017-08-19 09:14:32', NULL, NULL);
INSERT INTO `eh_var_field_item_scopes` (`id`, `namespace_id`, `module_name`, `field_id`, `item_id`, `item_display_name`, `default_order`, `status`, `creator_uid`, `create_time`, `operator_uid`, `update_time`) VALUES ('42', '999971', 'enterprise_customer', '149', '42', '中国', '1', '2', '1', '2017-08-19 09:14:32', NULL, NULL);
INSERT INTO `eh_var_field_item_scopes` (`id`, `namespace_id`, `module_name`, `field_id`, `item_id`, `item_display_name`, `default_order`, `status`, `creator_uid`, `create_time`, `operator_uid`, `update_time`) VALUES ('43', '999971', 'enterprise_customer', '149', '43', '美国', '2', '2', '1', '2017-08-19 09:14:32', NULL, NULL);
INSERT INTO `eh_var_field_item_scopes` (`id`, `namespace_id`, `module_name`, `field_id`, `item_id`, `item_display_name`, `default_order`, `status`, `creator_uid`, `create_time`, `operator_uid`, `update_time`) VALUES ('44', '999971', 'enterprise_customer', '149', '44', '日本', '3', '2', '1', '2017-08-19 09:14:32', NULL, NULL);
INSERT INTO `eh_var_field_item_scopes` (`id`, `namespace_id`, `module_name`, `field_id`, `item_id`, `item_display_name`, `default_order`, `status`, `creator_uid`, `create_time`, `operator_uid`, `update_time`) VALUES ('45', '999971', 'enterprise_customer', '151', '45', '初级', '1', '2', '1', '2017-08-19 09:14:32', NULL, NULL);
INSERT INTO `eh_var_field_item_scopes` (`id`, `namespace_id`, `module_name`, `field_id`, `item_id`, `item_display_name`, `default_order`, `status`, `creator_uid`, `create_time`, `operator_uid`, `update_time`) VALUES ('46', '999971', 'enterprise_customer', '151', '46', '中级', '2', '2', '1', '2017-08-19 09:14:32', NULL, NULL);
INSERT INTO `eh_var_field_item_scopes` (`id`, `namespace_id`, `module_name`, `field_id`, `item_id`, `item_display_name`, `default_order`, `status`, `creator_uid`, `create_time`, `operator_uid`, `update_time`) VALUES ('47', '999971', 'enterprise_customer', '151', '47', '高级', '3', '2', '1', '2017-08-19 09:14:32', NULL, NULL);
INSERT INTO `eh_var_field_item_scopes` (`id`, `namespace_id`, `module_name`, `field_id`, `item_id`, `item_display_name`, `default_order`, `status`, `creator_uid`, `create_time`, `operator_uid`, `update_time`) VALUES ('48', '999971', 'enterprise_customer', '152', '48', '否', '1', '2', '1', '2017-08-19 09:14:32', NULL, NULL);
INSERT INTO `eh_var_field_item_scopes` (`id`, `namespace_id`, `module_name`, `field_id`, `item_id`, `item_display_name`, `default_order`, `status`, `creator_uid`, `create_time`, `operator_uid`, `update_time`) VALUES ('49', '999971', 'enterprise_customer', '152', '49', '上海（千人批次）', '2', '2', '1', '2017-08-19 09:14:32', NULL, NULL);
INSERT INTO `eh_var_field_item_scopes` (`id`, `namespace_id`, `module_name`, `field_id`, `item_id`, `item_display_name`, `default_order`, `status`, `creator_uid`, `create_time`, `operator_uid`, `update_time`) VALUES ('50', '999971', 'enterprise_customer', '152', '50', '中央（千人批次）', '3', '2', '1', '2017-08-19 09:14:32', NULL, NULL);
INSERT INTO `eh_var_field_item_scopes` (`id`, `namespace_id`, `module_name`, `field_id`, `item_id`, `item_display_name`, `default_order`, `status`, `creator_uid`, `create_time`, `operator_uid`, `update_time`) VALUES ('51', '999971', 'enterprise_customer', '152', '51', '浦江人才', '4', '2', '1', '2017-08-19 09:14:32', NULL, NULL);
INSERT INTO `eh_var_field_item_scopes` (`id`, `namespace_id`, `module_name`, `field_id`, `item_id`, `item_display_name`, `default_order`, `status`, `creator_uid`, `create_time`, `operator_uid`, `update_time`) VALUES ('52', '999971', 'enterprise_customer', '152', '52', '两院院士', '5', '2', '1', '2017-08-19 09:14:32', NULL, NULL);
INSERT INTO `eh_var_field_item_scopes` (`id`, `namespace_id`, `module_name`, `field_id`, `item_id`, `item_display_name`, `default_order`, `status`, `creator_uid`, `create_time`, `operator_uid`, `update_time`) VALUES ('53', '999971', 'enterprise_customer', '152', '53', '高层次人才', '6', '2', '1', '2017-08-19 09:14:32', NULL, NULL);
INSERT INTO `eh_var_field_item_scopes` (`id`, `namespace_id`, `module_name`, `field_id`, `item_id`, `item_display_name`, `default_order`, `status`, `creator_uid`, `create_time`, `operator_uid`, `update_time`) VALUES ('54', '999971', 'enterprise_customer', '152', '54', '其他', '7', '2', '1', '2017-08-19 09:14:32', NULL, NULL);
INSERT INTO `eh_var_field_item_scopes` (`id`, `namespace_id`, `module_name`, `field_id`, `item_id`, `item_display_name`, `default_order`, `status`, `creator_uid`, `create_time`, `operator_uid`, `update_time`) VALUES ('55', '999971', 'enterprise_customer', '157', '55', '国家', '1', '2', '1', '2017-08-19 09:48:58', NULL, NULL);
INSERT INTO `eh_var_field_item_scopes` (`id`, `namespace_id`, `module_name`, `field_id`, `item_id`, `item_display_name`, `default_order`, `status`, `creator_uid`, `create_time`, `operator_uid`, `update_time`) VALUES ('56', '999971', 'enterprise_customer', '157', '56', '上海市', '2', '2', '1', '2017-08-19 09:48:58', NULL, NULL);
INSERT INTO `eh_var_field_item_scopes` (`id`, `namespace_id`, `module_name`, `field_id`, `item_id`, `item_display_name`, `default_order`, `status`, `creator_uid`, `create_time`, `operator_uid`, `update_time`) VALUES ('57', '999971', 'enterprise_customer', '157', '57', '嘉定区', '3', '2', '1', '2017-08-19 09:48:58', NULL, NULL);
INSERT INTO `eh_var_field_item_scopes` (`id`, `namespace_id`, `module_name`, `field_id`, `item_id`, `item_display_name`, `default_order`, `status`, `creator_uid`, `create_time`, `operator_uid`, `update_time`) VALUES ('58', '999971', 'enterprise_customer', '157', '58', '其他', '4', '2', '1', '2017-08-19 09:48:58', NULL, NULL);
INSERT INTO `eh_var_field_item_scopes` (`id`, `namespace_id`, `module_name`, `field_id`, `item_id`, `item_display_name`, `default_order`, `status`, `creator_uid`, `create_time`, `operator_uid`, `update_time`) VALUES ('59', '999971', 'contract', '130', '59', '现金', '1', '2', '1', '2017-08-21 06:15:56', NULL, NULL);
INSERT INTO `eh_var_field_item_scopes` (`id`, `namespace_id`, `module_name`, `field_id`, `item_id`, `item_display_name`, `default_order`, `status`, `creator_uid`, `create_time`, `operator_uid`, `update_time`) VALUES ('60', '999971', 'contract', '130', '60', '银行卡', '2', '2', '1', '2017-08-21 06:15:56', NULL, NULL);
INSERT INTO `eh_var_field_item_scopes` (`id`, `namespace_id`, `module_name`, `field_id`, `item_id`, `item_display_name`, `default_order`, `status`, `creator_uid`, `create_time`, `operator_uid`, `update_time`) VALUES ('164', '999971', 'enterprise_customer', '163', '164', '文字商标', '1', '2', '1', '2017-08-23 10:56:16', NULL, NULL);
INSERT INTO `eh_var_field_item_scopes` (`id`, `namespace_id`, `module_name`, `field_id`, `item_id`, `item_display_name`, `default_order`, `status`, `creator_uid`, `create_time`, `operator_uid`, `update_time`) VALUES ('165', '999971', 'enterprise_customer', '163', '165', '图片商标', '1', '2', '1', '2017-08-23 10:56:16', NULL, NULL);
INSERT INTO `eh_var_field_item_scopes` (`id`, `namespace_id`, `module_name`, `field_id`, `item_id`, `item_display_name`, `default_order`, `status`, `creator_uid`, `create_time`, `operator_uid`, `update_time`) VALUES ('166', '999971', 'enterprise_customer', '163', '166', '品牌商标', '1', '2', '1', '2017-08-23 10:56:16', NULL, NULL);
INSERT INTO `eh_var_field_item_scopes` (`id`, `namespace_id`, `module_name`, `field_id`, `item_id`, `item_display_name`, `default_order`, `status`, `creator_uid`, `create_time`, `operator_uid`, `update_time`) VALUES ('167', '999971', 'enterprise_customer', '163', '167', '著名商标', '1', '2', '1', '2017-08-23 10:56:16', NULL, NULL);
INSERT INTO `eh_var_field_item_scopes` (`id`, `namespace_id`, `module_name`, `field_id`, `item_id`, `item_display_name`, `default_order`, `status`, `creator_uid`, `create_time`, `operator_uid`, `update_time`) VALUES ('170', '999971', 'enterprise_customer', '169', '170', '发明专利', '1', '2', '1', '2017-08-24 01:20:51', NULL, NULL);
INSERT INTO `eh_var_field_item_scopes` (`id`, `namespace_id`, `module_name`, `field_id`, `item_id`, `item_display_name`, `default_order`, `status`, `creator_uid`, `create_time`, `operator_uid`, `update_time`) VALUES ('171', '999971', 'enterprise_customer', '169', '171', '实用新型', '2', '2', '1', '2017-08-24 01:20:51', NULL, NULL);
INSERT INTO `eh_var_field_item_scopes` (`id`, `namespace_id`, `module_name`, `field_id`, `item_id`, `item_display_name`, `default_order`, `status`, `creator_uid`, `create_time`, `operator_uid`, `update_time`) VALUES ('172', '999971', 'enterprise_customer', '169', '172', '外观设计', '3', '2', '1', '2017-08-24 01:20:51', NULL, NULL);
INSERT INTO `eh_var_field_item_scopes` (`id`, `namespace_id`, `module_name`, `field_id`, `item_id`, `item_display_name`, `default_order`, `status`, `creator_uid`, `create_time`, `operator_uid`, `update_time`) VALUES ('173', '999971', 'enterprise_customer', '169', '173', '集成电路布图', '4', '2', '1', '2017-08-24 01:20:51', NULL, NULL);
INSERT INTO `eh_var_field_item_scopes` (`id`, `namespace_id`, `module_name`, `field_id`, `item_id`, `item_display_name`, `default_order`, `status`, `creator_uid`, `create_time`, `operator_uid`, `update_time`) VALUES ('174', '999971', 'enterprise_customer', '169', '174', '软件著作权', '5', '2', '1', '2017-08-24 01:20:51', NULL, NULL);
INSERT INTO `eh_var_field_item_scopes` (`id`, `namespace_id`, `module_name`, `field_id`, `item_id`, `item_display_name`, `default_order`, `status`, `creator_uid`, `create_time`, `operator_uid`, `update_time`) VALUES ('175', '999971', 'enterprise_customer', '169', '175', '证书', '6', '2', '1', '2017-08-24 01:20:52', NULL, NULL);
INSERT INTO `eh_var_field_item_scopes` (`id`, `namespace_id`, `module_name`, `field_id`, `item_id`, `item_display_name`, `default_order`, `status`, `creator_uid`, `create_time`, `operator_uid`, `update_time`) VALUES ('176', '999971', 'enterprise_customer', '170', '176', '申请', '1', '2', '1', '2017-08-24 01:20:52', NULL, NULL);
INSERT INTO `eh_var_field_item_scopes` (`id`, `namespace_id`, `module_name`, `field_id`, `item_id`, `item_display_name`, `default_order`, `status`, `creator_uid`, `create_time`, `operator_uid`, `update_time`) VALUES ('177', '999971', 'enterprise_customer', '170', '177', '授权', '2', '2', '1', '2017-08-24 01:20:52', NULL, NULL);
INSERT INTO `eh_var_field_item_scopes` (`id`, `namespace_id`, `module_name`, `field_id`, `item_id`, `item_display_name`, `default_order`, `status`, `creator_uid`, `create_time`, `operator_uid`, `update_time`) VALUES ('178', '999971', 'enterprise_customer', '171', '178', '企业', '1', '2', '1', '2017-08-24 04:26:21', NULL, NULL);
INSERT INTO `eh_var_field_item_scopes` (`id`, `namespace_id`, `module_name`, `field_id`, `item_id`, `item_display_name`, `default_order`, `status`, `creator_uid`, `create_time`, `operator_uid`, `update_time`) VALUES ('179', '999971', 'enterprise_customer', '171', '179', '事业单位', '2', '2', '1', '2017-08-24 04:26:21', NULL, NULL);
INSERT INTO `eh_var_field_item_scopes` (`id`, `namespace_id`, `module_name`, `field_id`, `item_id`, `item_display_name`, `default_order`, `status`, `creator_uid`, `create_time`, `operator_uid`, `update_time`) VALUES ('180', '999971', 'enterprise_customer', '171', '180', '政府机关', '3', '2', '1', '2017-08-24 04:26:21', NULL, NULL);
INSERT INTO `eh_var_field_item_scopes` (`id`, `namespace_id`, `module_name`, `field_id`, `item_id`, `item_display_name`, `default_order`, `status`, `creator_uid`, `create_time`, `operator_uid`, `update_time`) VALUES ('181', '999971', 'enterprise_customer', '171', '181', '社会团体', '4', '2', '1', '2017-08-24 04:26:21', NULL, NULL);
INSERT INTO `eh_var_field_item_scopes` (`id`, `namespace_id`, `module_name`, `field_id`, `item_id`, `item_display_name`, `default_order`, `status`, `creator_uid`, `create_time`, `operator_uid`, `update_time`) VALUES ('182', '999971', 'enterprise_customer', '171', '182', '民办非企业单位', '5', '2', '1', '2017-08-24 04:26:22', NULL, NULL);
INSERT INTO `eh_var_field_item_scopes` (`id`, `namespace_id`, `module_name`, `field_id`, `item_id`, `item_display_name`, `default_order`, `status`, `creator_uid`, `create_time`, `operator_uid`, `update_time`) VALUES ('183', '999971', 'enterprise_customer', '171', '183', '基金会', '6', '2', '1', '2017-08-24 04:26:22', NULL, NULL);
INSERT INTO `eh_var_field_item_scopes` (`id`, `namespace_id`, `module_name`, `field_id`, `item_id`, `item_display_name`, `default_order`, `status`, `creator_uid`, `create_time`, `operator_uid`, `update_time`) VALUES ('184', '999971', 'enterprise_customer', '171', '184', '其他组织机构', '7', '2', '1', '2017-08-24 04:26:22', NULL, NULL);
INSERT INTO `eh_var_field_item_scopes` (`id`, `namespace_id`, `module_name`, `field_id`, `item_id`, `item_display_name`, `default_order`, `status`, `creator_uid`, `create_time`, `operator_uid`, `update_time`) VALUES ('185', '999971', 'enterprise_customer', '172', '185', '国有控股', '1', '2', '1', '2017-08-24 04:26:22', NULL, NULL);
INSERT INTO `eh_var_field_item_scopes` (`id`, `namespace_id`, `module_name`, `field_id`, `item_id`, `item_display_name`, `default_order`, `status`, `creator_uid`, `create_time`, `operator_uid`, `update_time`) VALUES ('186', '999971', 'enterprise_customer', '172', '186', '集体控股', '2', '2', '1', '2017-08-24 04:26:22', NULL, NULL);
INSERT INTO `eh_var_field_item_scopes` (`id`, `namespace_id`, `module_name`, `field_id`, `item_id`, `item_display_name`, `default_order`, `status`, `creator_uid`, `create_time`, `operator_uid`, `update_time`) VALUES ('187', '999971', 'enterprise_customer', '172', '187', '私人控股', '3', '2', '1', '2017-08-24 04:26:22', NULL, NULL);
INSERT INTO `eh_var_field_item_scopes` (`id`, `namespace_id`, `module_name`, `field_id`, `item_id`, `item_display_name`, `default_order`, `status`, `creator_uid`, `create_time`, `operator_uid`, `update_time`) VALUES ('188', '999971', 'enterprise_customer', '172', '188', '港澳台商控股', '4', '2', '1', '2017-08-24 04:26:23', NULL, NULL);
INSERT INTO `eh_var_field_item_scopes` (`id`, `namespace_id`, `module_name`, `field_id`, `item_id`, `item_display_name`, `default_order`, `status`, `creator_uid`, `create_time`, `operator_uid`, `update_time`) VALUES ('189', '999971', 'enterprise_customer', '172', '189', '外商投资', '5', '2', '1', '2017-08-24 04:26:23', NULL, NULL);
INSERT INTO `eh_var_field_item_scopes` (`id`, `namespace_id`, `module_name`, `field_id`, `item_id`, `item_display_name`, `default_order`, `status`, `creator_uid`, `create_time`, `operator_uid`, `update_time`) VALUES ('190', '999971', 'enterprise_customer', '172', '190', '其他', '6', '2', '1', '2017-08-24 04:26:23', NULL, NULL);
INSERT INTO `eh_var_field_item_scopes` (`id`, `namespace_id`, `module_name`, `field_id`, `item_id`, `item_display_name`, `default_order`, `status`, `creator_uid`, `create_time`, `operator_uid`, `update_time`) VALUES ('191', '999971', 'enterprise_customer', '188', '191', '个人', '1', '2', '1', '2017-08-24 04:26:25', NULL, NULL);
INSERT INTO `eh_var_field_item_scopes` (`id`, `namespace_id`, `module_name`, `field_id`, `item_id`, `item_display_name`, `default_order`, `status`, `creator_uid`, `create_time`, `operator_uid`, `update_time`) VALUES ('192', '999971', 'enterprise_customer', '6', '192', '广告', '1', '2', '1', '2017-08-18 02:24:42', NULL, NULL);
INSERT INTO `eh_var_field_item_scopes` (`id`, `namespace_id`, `module_name`, `field_id`, `item_id`, `item_display_name`, `default_order`, `status`, `creator_uid`, `create_time`, `operator_uid`, `update_time`) VALUES ('193', '999971', 'enterprise_customer', '6', '193', '报纸', '2', '2', '1', '2017-08-18 02:24:42', NULL, NULL);
INSERT INTO `eh_var_field_item_scopes` (`id`, `namespace_id`, `module_name`, `field_id`, `item_id`, `item_display_name`, `default_order`, `status`, `creator_uid`, `create_time`, `operator_uid`, `update_time`) VALUES ('194', '999971', 'enterprise_customer', '6', '194', '中介', '3', '2', '1', '2017-08-18 02:24:42', NULL, NULL);
INSERT INTO `eh_var_field_item_scopes` (`id`, `namespace_id`, `module_name`, `field_id`, `item_id`, `item_display_name`, `default_order`, `status`, `creator_uid`, `create_time`, `operator_uid`, `update_time`) VALUES ('195', '999971', 'enterprise_customer', '6', '195', '网站', '4', '2', '1', '2017-08-18 02:24:42', NULL, NULL);
INSERT INTO `eh_var_field_item_scopes` (`id`, `namespace_id`, `module_name`, `field_id`, `item_id`, `item_display_name`, `default_order`, `status`, `creator_uid`, `create_time`, `operator_uid`, `update_time`) VALUES ('196', '999971', 'enterprise_customer', '6', '196', '活动', '5', '2', '1', '2017-08-18 02:24:42', NULL, NULL);

SET @item_scopes_id = (SELECT MAX(id) FROM `eh_var_field_item_scopes`);
INSERT INTO `eh_var_field_item_scopes` (`id`, `namespace_id`, `module_name`, `field_id`, `item_id`, `item_display_name`, `default_order`, `status`, `creator_uid`, `create_time`, `operator_uid`, `update_time`) VALUES ((@item_scopes_id := @item_scopes_id + 1), '999973', 'enterprise_customer', '4', '1', '业主', '1', '2', '1', '2017-08-18 02:24:42', NULL, NULL);
INSERT INTO `eh_var_field_item_scopes` (`id`, `namespace_id`, `module_name`, `field_id`, `item_id`, `item_display_name`, `default_order`, `status`, `creator_uid`, `create_time`, `operator_uid`, `update_time`) VALUES ((@item_scopes_id := @item_scopes_id + 1), '999973', 'enterprise_customer', '4', '2', '租户', '2', '2', '1', '2017-08-18 02:24:42', NULL, NULL);
INSERT INTO `eh_var_field_item_scopes` (`id`, `namespace_id`, `module_name`, `field_id`, `item_id`, `item_display_name`, `default_order`, `status`, `creator_uid`, `create_time`, `operator_uid`, `update_time`) VALUES ((@item_scopes_id := @item_scopes_id + 1), '999973', 'enterprise_customer', '5', '3', '普通客户', '3', '2', '1', '2017-08-18 02:24:42', NULL, NULL);
INSERT INTO `eh_var_field_item_scopes` (`id`, `namespace_id`, `module_name`, `field_id`, `item_id`, `item_display_name`, `default_order`, `status`, `creator_uid`, `create_time`, `operator_uid`, `update_time`) VALUES ((@item_scopes_id := @item_scopes_id + 1), '999973', 'enterprise_customer', '5', '4', '重要客户', '4', '2', '1', '2017-08-18 02:24:42', NULL, NULL);
INSERT INTO `eh_var_field_item_scopes` (`id`, `namespace_id`, `module_name`, `field_id`, `item_id`, `item_display_name`, `default_order`, `status`, `creator_uid`, `create_time`, `operator_uid`, `update_time`) VALUES ((@item_scopes_id := @item_scopes_id + 1), '999973', 'enterprise_customer', '5', '5', '意向客户', '5', '2', '1', '2017-08-18 02:24:42', NULL, NULL);
INSERT INTO `eh_var_field_item_scopes` (`id`, `namespace_id`, `module_name`, `field_id`, `item_id`, `item_display_name`, `default_order`, `status`, `creator_uid`, `create_time`, `operator_uid`, `update_time`) VALUES ((@item_scopes_id := @item_scopes_id + 1), '999973', 'enterprise_customer', '5', '6', '已成交客户', '6', '2', '1', '2017-08-18 02:24:42', NULL, NULL);
INSERT INTO `eh_var_field_item_scopes` (`id`, `namespace_id`, `module_name`, `field_id`, `item_id`, `item_display_name`, `default_order`, `status`, `creator_uid`, `create_time`, `operator_uid`, `update_time`) VALUES ((@item_scopes_id := @item_scopes_id + 1), '999973', 'enterprise_customer', '5', '7', '其他', '7', '2', '1', '2017-08-18 02:24:42', NULL, NULL);
INSERT INTO `eh_var_field_item_scopes` (`id`, `namespace_id`, `module_name`, `field_id`, `item_id`, `item_display_name`, `default_order`, `status`, `creator_uid`, `create_time`, `operator_uid`, `update_time`) VALUES ((@item_scopes_id := @item_scopes_id + 1), '999973', 'enterprise_customer', '6', '8', '其他', '8', '2', '1', '2017-08-18 02:24:42', NULL, NULL);
INSERT INTO `eh_var_field_item_scopes` (`id`, `namespace_id`, `module_name`, `field_id`, `item_id`, `item_display_name`, `default_order`, `status`, `creator_uid`, `create_time`, `operator_uid`, `update_time`) VALUES ((@item_scopes_id := @item_scopes_id + 1), '999973', 'enterprise_customer', '8', '9', '男', '9', '2', '1', '2017-08-18 02:24:43', NULL, NULL);
INSERT INTO `eh_var_field_item_scopes` (`id`, `namespace_id`, `module_name`, `field_id`, `item_id`, `item_display_name`, `default_order`, `status`, `creator_uid`, `create_time`, `operator_uid`, `update_time`) VALUES ((@item_scopes_id := @item_scopes_id + 1), '999973', 'enterprise_customer', '8', '10', '女', '10', '2', '1', '2017-08-18 02:24:43', NULL, NULL);
INSERT INTO `eh_var_field_item_scopes` (`id`, `namespace_id`, `module_name`, `field_id`, `item_id`, `item_display_name`, `default_order`, `status`, `creator_uid`, `create_time`, `operator_uid`, `update_time`) VALUES ((@item_scopes_id := @item_scopes_id + 1), '999973', 'enterprise_customer', '22', '11', '国企', '11', '2', '1', '2017-08-18 02:24:43', NULL, NULL);
INSERT INTO `eh_var_field_item_scopes` (`id`, `namespace_id`, `module_name`, `field_id`, `item_id`, `item_display_name`, `default_order`, `status`, `creator_uid`, `create_time`, `operator_uid`, `update_time`) VALUES ((@item_scopes_id := @item_scopes_id + 1), '999973', 'enterprise_customer', '22', '12', '外企', '12', '2', '1', '2017-08-18 02:24:44', NULL, NULL);
INSERT INTO `eh_var_field_item_scopes` (`id`, `namespace_id`, `module_name`, `field_id`, `item_id`, `item_display_name`, `default_order`, `status`, `creator_uid`, `create_time`, `operator_uid`, `update_time`) VALUES ((@item_scopes_id := @item_scopes_id + 1), '999973', 'enterprise_customer', '22', '13', '港企', '13', '2', '1', '2017-08-18 02:24:44', NULL, NULL);
INSERT INTO `eh_var_field_item_scopes` (`id`, `namespace_id`, `module_name`, `field_id`, `item_id`, `item_display_name`, `default_order`, `status`, `creator_uid`, `create_time`, `operator_uid`, `update_time`) VALUES ((@item_scopes_id := @item_scopes_id + 1), '999973', 'enterprise_customer', '22', '14', '合资', '14', '2', '1', '2017-08-18 02:24:44', NULL, NULL);
INSERT INTO `eh_var_field_item_scopes` (`id`, `namespace_id`, `module_name`, `field_id`, `item_id`, `item_display_name`, `default_order`, `status`, `creator_uid`, `create_time`, `operator_uid`, `update_time`) VALUES ((@item_scopes_id := @item_scopes_id + 1), '999973', 'enterprise_customer', '22', '15', '民企', '15', '2', '1', '2017-08-18 02:24:44', NULL, NULL);
INSERT INTO `eh_var_field_item_scopes` (`id`, `namespace_id`, `module_name`, `field_id`, `item_id`, `item_display_name`, `default_order`, `status`, `creator_uid`, `create_time`, `operator_uid`, `update_time`) VALUES ((@item_scopes_id := @item_scopes_id + 1), '999973', 'enterprise_customer', '22', '16', '自然人', '16', '2', '1', '2017-08-18 02:24:44', NULL, NULL);
INSERT INTO `eh_var_field_item_scopes` (`id`, `namespace_id`, `module_name`, `field_id`, `item_id`, `item_display_name`, `default_order`, `status`, `creator_uid`, `create_time`, `operator_uid`, `update_time`) VALUES ((@item_scopes_id := @item_scopes_id + 1), '999973', 'enterprise_customer', '22', '17', '其他', '17', '2', '1', '2017-08-18 02:24:44', NULL, NULL);
INSERT INTO `eh_var_field_item_scopes` (`id`, `namespace_id`, `module_name`, `field_id`, `item_id`, `item_display_name`, `default_order`, `status`, `creator_uid`, `create_time`, `operator_uid`, `update_time`) VALUES ((@item_scopes_id := @item_scopes_id + 1), '999973', 'enterprise_customer', '24', '18', '科技类', '18', '2', '1', '2017-08-18 02:24:44', NULL, NULL);
INSERT INTO `eh_var_field_item_scopes` (`id`, `namespace_id`, `module_name`, `field_id`, `item_id`, `item_display_name`, `default_order`, `status`, `creator_uid`, `create_time`, `operator_uid`, `update_time`) VALUES ((@item_scopes_id := @item_scopes_id + 1), '999973', 'enterprise_customer', '24', '19', '服务类', '19', '2', '1', '2017-08-18 02:24:45', NULL, NULL);
INSERT INTO `eh_var_field_item_scopes` (`id`, `namespace_id`, `module_name`, `field_id`, `item_id`, `item_display_name`, `default_order`, `status`, `creator_uid`, `create_time`, `operator_uid`, `update_time`) VALUES ((@item_scopes_id := @item_scopes_id + 1), '999973', 'enterprise_customer', '25', '20', '企业定位', '20', '2', '1', '2017-08-18 02:24:45', NULL, NULL);
INSERT INTO `eh_var_field_item_scopes` (`id`, `namespace_id`, `module_name`, `field_id`, `item_id`, `item_display_name`, `default_order`, `status`, `creator_uid`, `create_time`, `operator_uid`, `update_time`) VALUES ((@item_scopes_id := @item_scopes_id + 1), '999973', 'enterprise_customer', '33', '21', '产品类型', '21', '2', '1', '2017-08-18 02:24:45', NULL, NULL);
INSERT INTO `eh_var_field_item_scopes` (`id`, `namespace_id`, `module_name`, `field_id`, `item_id`, `item_display_name`, `default_order`, `status`, `creator_uid`, `create_time`, `operator_uid`, `update_time`) VALUES ((@item_scopes_id := @item_scopes_id + 1), '999973', 'enterprise_customer', '35', '22', '高新技术企业', '22', '2', '1', '2017-08-18 02:24:45', NULL, NULL);
INSERT INTO `eh_var_field_item_scopes` (`id`, `namespace_id`, `module_name`, `field_id`, `item_id`, `item_display_name`, `default_order`, `status`, `creator_uid`, `create_time`, `operator_uid`, `update_time`) VALUES ((@item_scopes_id := @item_scopes_id + 1), '999973', 'enterprise_customer', '35', '23', '软件企业', '23', '2', '1', '2017-08-18 02:24:45', NULL, NULL);
INSERT INTO `eh_var_field_item_scopes` (`id`, `namespace_id`, `module_name`, `field_id`, `item_id`, `item_display_name`, `default_order`, `status`, `creator_uid`, `create_time`, `operator_uid`, `update_time`) VALUES ((@item_scopes_id := @item_scopes_id + 1), '999973', 'contract', '104', '25', '新签合同', '1', '2', '1', '2017-08-18 02:24:57', NULL, NULL);
INSERT INTO `eh_var_field_item_scopes` (`id`, `namespace_id`, `module_name`, `field_id`, `item_id`, `item_display_name`, `default_order`, `status`, `creator_uid`, `create_time`, `operator_uid`, `update_time`) VALUES ((@item_scopes_id := @item_scopes_id + 1), '999973', 'contract', '104', '26', '续约合同', '2', '2', '1', '2017-08-18 02:24:58', NULL, NULL);
INSERT INTO `eh_var_field_item_scopes` (`id`, `namespace_id`, `module_name`, `field_id`, `item_id`, `item_display_name`, `default_order`, `status`, `creator_uid`, `create_time`, `operator_uid`, `update_time`) VALUES ((@item_scopes_id := @item_scopes_id + 1), '999973', 'contract', '104', '27', '变更合同', '3', '2', '1', '2017-08-18 02:24:58', NULL, NULL);
INSERT INTO `eh_var_field_item_scopes` (`id`, `namespace_id`, `module_name`, `field_id`, `item_id`, `item_display_name`, `default_order`, `status`, `creator_uid`, `create_time`, `operator_uid`, `update_time`) VALUES ((@item_scopes_id := @item_scopes_id + 1), '999973', 'contract', '105', '28', '资源租赁合同', '1', '2', '1', '2017-08-18 02:24:58', NULL, NULL);
INSERT INTO `eh_var_field_item_scopes` (`id`, `namespace_id`, `module_name`, `field_id`, `item_id`, `item_display_name`, `default_order`, `status`, `creator_uid`, `create_time`, `operator_uid`, `update_time`) VALUES ((@item_scopes_id := @item_scopes_id + 1), '999973', 'contract', '105', '29', '物业服务合同', '2', '2', '1', '2017-08-18 02:24:59', NULL, NULL);
INSERT INTO `eh_var_field_item_scopes` (`id`, `namespace_id`, `module_name`, `field_id`, `item_id`, `item_display_name`, `default_order`, `status`, `creator_uid`, `create_time`, `operator_uid`, `update_time`) VALUES ((@item_scopes_id := @item_scopes_id + 1), '999973', 'contract', '105', '30', '车位服务合同', '3', '2', '1', '2017-08-18 02:24:59', NULL, NULL);
INSERT INTO `eh_var_field_item_scopes` (`id`, `namespace_id`, `module_name`, `field_id`, `item_id`, `item_display_name`, `default_order`, `status`, `creator_uid`, `create_time`, `operator_uid`, `update_time`) VALUES ((@item_scopes_id := @item_scopes_id + 1), '999973', 'enterprise_customer', '141', '31', '男', '1', '2', '1', '2017-08-19 09:14:31', NULL, NULL);
INSERT INTO `eh_var_field_item_scopes` (`id`, `namespace_id`, `module_name`, `field_id`, `item_id`, `item_display_name`, `default_order`, `status`, `creator_uid`, `create_time`, `operator_uid`, `update_time`) VALUES ((@item_scopes_id := @item_scopes_id + 1), '999973', 'enterprise_customer', '141', '32', '女', '2', '2', '1', '2017-08-19 09:14:31', NULL, NULL);
INSERT INTO `eh_var_field_item_scopes` (`id`, `namespace_id`, `module_name`, `field_id`, `item_id`, `item_display_name`, `default_order`, `status`, `creator_uid`, `create_time`, `operator_uid`, `update_time`) VALUES ((@item_scopes_id := @item_scopes_id + 1), '999973', 'enterprise_customer', '143', '33', '中国', '1', '2', '1', '2017-08-19 09:14:31', NULL, NULL);
INSERT INTO `eh_var_field_item_scopes` (`id`, `namespace_id`, `module_name`, `field_id`, `item_id`, `item_display_name`, `default_order`, `status`, `creator_uid`, `create_time`, `operator_uid`, `update_time`) VALUES ((@item_scopes_id := @item_scopes_id + 1), '999973', 'enterprise_customer', '143', '34', '美国', '2', '2', '1', '2017-08-19 09:14:31', NULL, NULL);
INSERT INTO `eh_var_field_item_scopes` (`id`, `namespace_id`, `module_name`, `field_id`, `item_id`, `item_display_name`, `default_order`, `status`, `creator_uid`, `create_time`, `operator_uid`, `update_time`) VALUES ((@item_scopes_id := @item_scopes_id + 1), '999973', 'enterprise_customer', '143', '35', '日本', '3', '2', '1', '2017-08-19 09:14:31', NULL, NULL);
INSERT INTO `eh_var_field_item_scopes` (`id`, `namespace_id`, `module_name`, `field_id`, `item_id`, `item_display_name`, `default_order`, `status`, `creator_uid`, `create_time`, `operator_uid`, `update_time`) VALUES ((@item_scopes_id := @item_scopes_id + 1), '999973', 'enterprise_customer', '144', '36', '大专', '1', '2', '1', '2017-08-19 09:14:31', NULL, NULL);
INSERT INTO `eh_var_field_item_scopes` (`id`, `namespace_id`, `module_name`, `field_id`, `item_id`, `item_display_name`, `default_order`, `status`, `creator_uid`, `create_time`, `operator_uid`, `update_time`) VALUES ((@item_scopes_id := @item_scopes_id + 1), '999973', 'enterprise_customer', '144', '37', '本科', '2', '2', '1', '2017-08-19 09:14:31', NULL, NULL);
INSERT INTO `eh_var_field_item_scopes` (`id`, `namespace_id`, `module_name`, `field_id`, `item_id`, `item_display_name`, `default_order`, `status`, `creator_uid`, `create_time`, `operator_uid`, `update_time`) VALUES ((@item_scopes_id := @item_scopes_id + 1), '999973', 'enterprise_customer', '144', '38', '硕士研究生', '3', '2', '1', '2017-08-19 09:14:31', NULL, NULL);
INSERT INTO `eh_var_field_item_scopes` (`id`, `namespace_id`, `module_name`, `field_id`, `item_id`, `item_display_name`, `default_order`, `status`, `creator_uid`, `create_time`, `operator_uid`, `update_time`) VALUES ((@item_scopes_id := @item_scopes_id + 1), '999973', 'enterprise_customer', '144', '39', '博士研究生', '4', '2', '1', '2017-08-19 09:14:31', NULL, NULL);
INSERT INTO `eh_var_field_item_scopes` (`id`, `namespace_id`, `module_name`, `field_id`, `item_id`, `item_display_name`, `default_order`, `status`, `creator_uid`, `create_time`, `operator_uid`, `update_time`) VALUES ((@item_scopes_id := @item_scopes_id + 1), '999973', 'enterprise_customer', '148', '40', '是', '1', '2', '1', '2017-08-19 09:14:31', NULL, NULL);
INSERT INTO `eh_var_field_item_scopes` (`id`, `namespace_id`, `module_name`, `field_id`, `item_id`, `item_display_name`, `default_order`, `status`, `creator_uid`, `create_time`, `operator_uid`, `update_time`) VALUES ((@item_scopes_id := @item_scopes_id + 1), '999973', 'enterprise_customer', '148', '41', '否', '2', '2', '1', '2017-08-19 09:14:32', NULL, NULL);
INSERT INTO `eh_var_field_item_scopes` (`id`, `namespace_id`, `module_name`, `field_id`, `item_id`, `item_display_name`, `default_order`, `status`, `creator_uid`, `create_time`, `operator_uid`, `update_time`) VALUES ((@item_scopes_id := @item_scopes_id + 1), '999973', 'enterprise_customer', '149', '42', '中国', '1', '2', '1', '2017-08-19 09:14:32', NULL, NULL);
INSERT INTO `eh_var_field_item_scopes` (`id`, `namespace_id`, `module_name`, `field_id`, `item_id`, `item_display_name`, `default_order`, `status`, `creator_uid`, `create_time`, `operator_uid`, `update_time`) VALUES ((@item_scopes_id := @item_scopes_id + 1), '999973', 'enterprise_customer', '149', '43', '美国', '2', '2', '1', '2017-08-19 09:14:32', NULL, NULL);
INSERT INTO `eh_var_field_item_scopes` (`id`, `namespace_id`, `module_name`, `field_id`, `item_id`, `item_display_name`, `default_order`, `status`, `creator_uid`, `create_time`, `operator_uid`, `update_time`) VALUES ((@item_scopes_id := @item_scopes_id + 1), '999973', 'enterprise_customer', '149', '44', '日本', '3', '2', '1', '2017-08-19 09:14:32', NULL, NULL);
INSERT INTO `eh_var_field_item_scopes` (`id`, `namespace_id`, `module_name`, `field_id`, `item_id`, `item_display_name`, `default_order`, `status`, `creator_uid`, `create_time`, `operator_uid`, `update_time`) VALUES ((@item_scopes_id := @item_scopes_id + 1), '999973', 'enterprise_customer', '151', '45', '初级', '1', '2', '1', '2017-08-19 09:14:32', NULL, NULL);
INSERT INTO `eh_var_field_item_scopes` (`id`, `namespace_id`, `module_name`, `field_id`, `item_id`, `item_display_name`, `default_order`, `status`, `creator_uid`, `create_time`, `operator_uid`, `update_time`) VALUES ((@item_scopes_id := @item_scopes_id + 1), '999973', 'enterprise_customer', '151', '46', '中级', '2', '2', '1', '2017-08-19 09:14:32', NULL, NULL);
INSERT INTO `eh_var_field_item_scopes` (`id`, `namespace_id`, `module_name`, `field_id`, `item_id`, `item_display_name`, `default_order`, `status`, `creator_uid`, `create_time`, `operator_uid`, `update_time`) VALUES ((@item_scopes_id := @item_scopes_id + 1), '999973', 'enterprise_customer', '151', '47', '高级', '3', '2', '1', '2017-08-19 09:14:32', NULL, NULL);
INSERT INTO `eh_var_field_item_scopes` (`id`, `namespace_id`, `module_name`, `field_id`, `item_id`, `item_display_name`, `default_order`, `status`, `creator_uid`, `create_time`, `operator_uid`, `update_time`) VALUES ((@item_scopes_id := @item_scopes_id + 1), '999973', 'enterprise_customer', '152', '48', '否', '1', '2', '1', '2017-08-19 09:14:32', NULL, NULL);
INSERT INTO `eh_var_field_item_scopes` (`id`, `namespace_id`, `module_name`, `field_id`, `item_id`, `item_display_name`, `default_order`, `status`, `creator_uid`, `create_time`, `operator_uid`, `update_time`) VALUES ((@item_scopes_id := @item_scopes_id + 1), '999973', 'enterprise_customer', '152', '49', '上海（千人批次）', '2', '2', '1', '2017-08-19 09:14:32', NULL, NULL);
INSERT INTO `eh_var_field_item_scopes` (`id`, `namespace_id`, `module_name`, `field_id`, `item_id`, `item_display_name`, `default_order`, `status`, `creator_uid`, `create_time`, `operator_uid`, `update_time`) VALUES ((@item_scopes_id := @item_scopes_id + 1), '999973', 'enterprise_customer', '152', '50', '中央（千人批次）', '3', '2', '1', '2017-08-19 09:14:32', NULL, NULL);
INSERT INTO `eh_var_field_item_scopes` (`id`, `namespace_id`, `module_name`, `field_id`, `item_id`, `item_display_name`, `default_order`, `status`, `creator_uid`, `create_time`, `operator_uid`, `update_time`) VALUES ((@item_scopes_id := @item_scopes_id + 1), '999973', 'enterprise_customer', '152', '51', '浦江人才', '4', '2', '1', '2017-08-19 09:14:32', NULL, NULL);
INSERT INTO `eh_var_field_item_scopes` (`id`, `namespace_id`, `module_name`, `field_id`, `item_id`, `item_display_name`, `default_order`, `status`, `creator_uid`, `create_time`, `operator_uid`, `update_time`) VALUES ((@item_scopes_id := @item_scopes_id + 1), '999973', 'enterprise_customer', '152', '52', '两院院士', '5', '2', '1', '2017-08-19 09:14:32', NULL, NULL);
INSERT INTO `eh_var_field_item_scopes` (`id`, `namespace_id`, `module_name`, `field_id`, `item_id`, `item_display_name`, `default_order`, `status`, `creator_uid`, `create_time`, `operator_uid`, `update_time`) VALUES ((@item_scopes_id := @item_scopes_id + 1), '999973', 'enterprise_customer', '152', '53', '高层次人才', '6', '2', '1', '2017-08-19 09:14:32', NULL, NULL);
INSERT INTO `eh_var_field_item_scopes` (`id`, `namespace_id`, `module_name`, `field_id`, `item_id`, `item_display_name`, `default_order`, `status`, `creator_uid`, `create_time`, `operator_uid`, `update_time`) VALUES ((@item_scopes_id := @item_scopes_id + 1), '999973', 'enterprise_customer', '152', '54', '其他', '7', '2', '1', '2017-08-19 09:14:32', NULL, NULL);
INSERT INTO `eh_var_field_item_scopes` (`id`, `namespace_id`, `module_name`, `field_id`, `item_id`, `item_display_name`, `default_order`, `status`, `creator_uid`, `create_time`, `operator_uid`, `update_time`) VALUES ((@item_scopes_id := @item_scopes_id + 1), '999973', 'enterprise_customer', '157', '55', '国家', '1', '2', '1', '2017-08-19 09:48:58', NULL, NULL);
INSERT INTO `eh_var_field_item_scopes` (`id`, `namespace_id`, `module_name`, `field_id`, `item_id`, `item_display_name`, `default_order`, `status`, `creator_uid`, `create_time`, `operator_uid`, `update_time`) VALUES ((@item_scopes_id := @item_scopes_id + 1), '999973', 'enterprise_customer', '157', '56', '上海市', '2', '2', '1', '2017-08-19 09:48:58', NULL, NULL);
INSERT INTO `eh_var_field_item_scopes` (`id`, `namespace_id`, `module_name`, `field_id`, `item_id`, `item_display_name`, `default_order`, `status`, `creator_uid`, `create_time`, `operator_uid`, `update_time`) VALUES ((@item_scopes_id := @item_scopes_id + 1), '999973', 'enterprise_customer', '157', '57', '嘉定区', '3', '2', '1', '2017-08-19 09:48:58', NULL, NULL);
INSERT INTO `eh_var_field_item_scopes` (`id`, `namespace_id`, `module_name`, `field_id`, `item_id`, `item_display_name`, `default_order`, `status`, `creator_uid`, `create_time`, `operator_uid`, `update_time`) VALUES ((@item_scopes_id := @item_scopes_id + 1), '999973', 'enterprise_customer', '157', '58', '其他', '4', '2', '1', '2017-08-19 09:48:58', NULL, NULL);
INSERT INTO `eh_var_field_item_scopes` (`id`, `namespace_id`, `module_name`, `field_id`, `item_id`, `item_display_name`, `default_order`, `status`, `creator_uid`, `create_time`, `operator_uid`, `update_time`) VALUES ((@item_scopes_id := @item_scopes_id + 1), '999973', 'contract', '130', '59', '现金', '1', '2', '1', '2017-08-21 06:15:56', NULL, NULL);
INSERT INTO `eh_var_field_item_scopes` (`id`, `namespace_id`, `module_name`, `field_id`, `item_id`, `item_display_name`, `default_order`, `status`, `creator_uid`, `create_time`, `operator_uid`, `update_time`) VALUES ((@item_scopes_id := @item_scopes_id + 1), '999973', 'contract', '130', '60', '银行卡', '2', '2', '1', '2017-08-21 06:15:56', NULL, NULL);
INSERT INTO `eh_var_field_item_scopes` (`id`, `namespace_id`, `module_name`, `field_id`, `item_id`, `item_display_name`, `default_order`, `status`, `creator_uid`, `create_time`, `operator_uid`, `update_time`) VALUES ((@item_scopes_id := @item_scopes_id + 1), '999973', 'enterprise_customer', '163', '164', '文字商标', '1', '2', '1', '2017-08-23 10:56:16', NULL, NULL);
INSERT INTO `eh_var_field_item_scopes` (`id`, `namespace_id`, `module_name`, `field_id`, `item_id`, `item_display_name`, `default_order`, `status`, `creator_uid`, `create_time`, `operator_uid`, `update_time`) VALUES ((@item_scopes_id := @item_scopes_id + 1), '999973', 'enterprise_customer', '163', '165', '图片商标', '1', '2', '1', '2017-08-23 10:56:16', NULL, NULL);
INSERT INTO `eh_var_field_item_scopes` (`id`, `namespace_id`, `module_name`, `field_id`, `item_id`, `item_display_name`, `default_order`, `status`, `creator_uid`, `create_time`, `operator_uid`, `update_time`) VALUES ((@item_scopes_id := @item_scopes_id + 1), '999973', 'enterprise_customer', '163', '166', '品牌商标', '1', '2', '1', '2017-08-23 10:56:16', NULL, NULL);
INSERT INTO `eh_var_field_item_scopes` (`id`, `namespace_id`, `module_name`, `field_id`, `item_id`, `item_display_name`, `default_order`, `status`, `creator_uid`, `create_time`, `operator_uid`, `update_time`) VALUES ((@item_scopes_id := @item_scopes_id + 1), '999973', 'enterprise_customer', '163', '167', '著名商标', '1', '2', '1', '2017-08-23 10:56:16', NULL, NULL);
INSERT INTO `eh_var_field_item_scopes` (`id`, `namespace_id`, `module_name`, `field_id`, `item_id`, `item_display_name`, `default_order`, `status`, `creator_uid`, `create_time`, `operator_uid`, `update_time`) VALUES ((@item_scopes_id := @item_scopes_id + 1), '999973', 'enterprise_customer', '169', '170', '发明专利', '1', '2', '1', '2017-08-24 01:20:51', NULL, NULL);
INSERT INTO `eh_var_field_item_scopes` (`id`, `namespace_id`, `module_name`, `field_id`, `item_id`, `item_display_name`, `default_order`, `status`, `creator_uid`, `create_time`, `operator_uid`, `update_time`) VALUES ((@item_scopes_id := @item_scopes_id + 1), '999973', 'enterprise_customer', '169', '171', '实用新型', '2', '2', '1', '2017-08-24 01:20:51', NULL, NULL);
INSERT INTO `eh_var_field_item_scopes` (`id`, `namespace_id`, `module_name`, `field_id`, `item_id`, `item_display_name`, `default_order`, `status`, `creator_uid`, `create_time`, `operator_uid`, `update_time`) VALUES ((@item_scopes_id := @item_scopes_id + 1), '999973', 'enterprise_customer', '169', '172', '外观设计', '3', '2', '1', '2017-08-24 01:20:51', NULL, NULL);
INSERT INTO `eh_var_field_item_scopes` (`id`, `namespace_id`, `module_name`, `field_id`, `item_id`, `item_display_name`, `default_order`, `status`, `creator_uid`, `create_time`, `operator_uid`, `update_time`) VALUES ((@item_scopes_id := @item_scopes_id + 1), '999973', 'enterprise_customer', '169', '173', '集成电路布图', '4', '2', '1', '2017-08-24 01:20:51', NULL, NULL);
INSERT INTO `eh_var_field_item_scopes` (`id`, `namespace_id`, `module_name`, `field_id`, `item_id`, `item_display_name`, `default_order`, `status`, `creator_uid`, `create_time`, `operator_uid`, `update_time`) VALUES ((@item_scopes_id := @item_scopes_id + 1), '999973', 'enterprise_customer', '169', '174', '软件著作权', '5', '2', '1', '2017-08-24 01:20:51', NULL, NULL);
INSERT INTO `eh_var_field_item_scopes` (`id`, `namespace_id`, `module_name`, `field_id`, `item_id`, `item_display_name`, `default_order`, `status`, `creator_uid`, `create_time`, `operator_uid`, `update_time`) VALUES ((@item_scopes_id := @item_scopes_id + 1), '999973', 'enterprise_customer', '169', '175', '证书', '6', '2', '1', '2017-08-24 01:20:52', NULL, NULL);
INSERT INTO `eh_var_field_item_scopes` (`id`, `namespace_id`, `module_name`, `field_id`, `item_id`, `item_display_name`, `default_order`, `status`, `creator_uid`, `create_time`, `operator_uid`, `update_time`) VALUES ((@item_scopes_id := @item_scopes_id + 1), '999973', 'enterprise_customer', '170', '176', '申请', '1', '2', '1', '2017-08-24 01:20:52', NULL, NULL);
INSERT INTO `eh_var_field_item_scopes` (`id`, `namespace_id`, `module_name`, `field_id`, `item_id`, `item_display_name`, `default_order`, `status`, `creator_uid`, `create_time`, `operator_uid`, `update_time`) VALUES ((@item_scopes_id := @item_scopes_id + 1), '999973', 'enterprise_customer', '170', '177', '授权', '2', '2', '1', '2017-08-24 01:20:52', NULL, NULL);
INSERT INTO `eh_var_field_item_scopes` (`id`, `namespace_id`, `module_name`, `field_id`, `item_id`, `item_display_name`, `default_order`, `status`, `creator_uid`, `create_time`, `operator_uid`, `update_time`) VALUES ((@item_scopes_id := @item_scopes_id + 1), '999973', 'enterprise_customer', '171', '178', '企业', '1', '2', '1', '2017-08-24 04:26:21', NULL, NULL);
INSERT INTO `eh_var_field_item_scopes` (`id`, `namespace_id`, `module_name`, `field_id`, `item_id`, `item_display_name`, `default_order`, `status`, `creator_uid`, `create_time`, `operator_uid`, `update_time`) VALUES ((@item_scopes_id := @item_scopes_id + 1), '999973', 'enterprise_customer', '171', '179', '事业单位', '2', '2', '1', '2017-08-24 04:26:21', NULL, NULL);
INSERT INTO `eh_var_field_item_scopes` (`id`, `namespace_id`, `module_name`, `field_id`, `item_id`, `item_display_name`, `default_order`, `status`, `creator_uid`, `create_time`, `operator_uid`, `update_time`) VALUES ((@item_scopes_id := @item_scopes_id + 1), '999973', 'enterprise_customer', '171', '180', '政府机关', '3', '2', '1', '2017-08-24 04:26:21', NULL, NULL);
INSERT INTO `eh_var_field_item_scopes` (`id`, `namespace_id`, `module_name`, `field_id`, `item_id`, `item_display_name`, `default_order`, `status`, `creator_uid`, `create_time`, `operator_uid`, `update_time`) VALUES ((@item_scopes_id := @item_scopes_id + 1), '999973', 'enterprise_customer', '171', '181', '社会团体', '4', '2', '1', '2017-08-24 04:26:21', NULL, NULL);
INSERT INTO `eh_var_field_item_scopes` (`id`, `namespace_id`, `module_name`, `field_id`, `item_id`, `item_display_name`, `default_order`, `status`, `creator_uid`, `create_time`, `operator_uid`, `update_time`) VALUES ((@item_scopes_id := @item_scopes_id + 1), '999973', 'enterprise_customer', '171', '182', '民办非企业单位', '5', '2', '1', '2017-08-24 04:26:22', NULL, NULL);
INSERT INTO `eh_var_field_item_scopes` (`id`, `namespace_id`, `module_name`, `field_id`, `item_id`, `item_display_name`, `default_order`, `status`, `creator_uid`, `create_time`, `operator_uid`, `update_time`) VALUES ((@item_scopes_id := @item_scopes_id + 1), '999973', 'enterprise_customer', '171', '183', '基金会', '6', '2', '1', '2017-08-24 04:26:22', NULL, NULL);
INSERT INTO `eh_var_field_item_scopes` (`id`, `namespace_id`, `module_name`, `field_id`, `item_id`, `item_display_name`, `default_order`, `status`, `creator_uid`, `create_time`, `operator_uid`, `update_time`) VALUES ((@item_scopes_id := @item_scopes_id + 1), '999973', 'enterprise_customer', '171', '184', '其他组织机构', '7', '2', '1', '2017-08-24 04:26:22', NULL, NULL);
INSERT INTO `eh_var_field_item_scopes` (`id`, `namespace_id`, `module_name`, `field_id`, `item_id`, `item_display_name`, `default_order`, `status`, `creator_uid`, `create_time`, `operator_uid`, `update_time`) VALUES ((@item_scopes_id := @item_scopes_id + 1), '999973', 'enterprise_customer', '172', '185', '国有控股', '1', '2', '1', '2017-08-24 04:26:22', NULL, NULL);
INSERT INTO `eh_var_field_item_scopes` (`id`, `namespace_id`, `module_name`, `field_id`, `item_id`, `item_display_name`, `default_order`, `status`, `creator_uid`, `create_time`, `operator_uid`, `update_time`) VALUES ((@item_scopes_id := @item_scopes_id + 1), '999973', 'enterprise_customer', '172', '186', '集体控股', '2', '2', '1', '2017-08-24 04:26:22', NULL, NULL);
INSERT INTO `eh_var_field_item_scopes` (`id`, `namespace_id`, `module_name`, `field_id`, `item_id`, `item_display_name`, `default_order`, `status`, `creator_uid`, `create_time`, `operator_uid`, `update_time`) VALUES ((@item_scopes_id := @item_scopes_id + 1), '999973', 'enterprise_customer', '172', '187', '私人控股', '3', '2', '1', '2017-08-24 04:26:22', NULL, NULL);
INSERT INTO `eh_var_field_item_scopes` (`id`, `namespace_id`, `module_name`, `field_id`, `item_id`, `item_display_name`, `default_order`, `status`, `creator_uid`, `create_time`, `operator_uid`, `update_time`) VALUES ((@item_scopes_id := @item_scopes_id + 1), '999973', 'enterprise_customer', '172', '188', '港澳台商控股', '4', '2', '1', '2017-08-24 04:26:23', NULL, NULL);
INSERT INTO `eh_var_field_item_scopes` (`id`, `namespace_id`, `module_name`, `field_id`, `item_id`, `item_display_name`, `default_order`, `status`, `creator_uid`, `create_time`, `operator_uid`, `update_time`) VALUES ((@item_scopes_id := @item_scopes_id + 1), '999973', 'enterprise_customer', '172', '189', '外商投资', '5', '2', '1', '2017-08-24 04:26:23', NULL, NULL);
INSERT INTO `eh_var_field_item_scopes` (`id`, `namespace_id`, `module_name`, `field_id`, `item_id`, `item_display_name`, `default_order`, `status`, `creator_uid`, `create_time`, `operator_uid`, `update_time`) VALUES ((@item_scopes_id := @item_scopes_id + 1), '999973', 'enterprise_customer', '172', '190', '其他', '6', '2', '1', '2017-08-24 04:26:23', NULL, NULL);
INSERT INTO `eh_var_field_item_scopes` (`id`, `namespace_id`, `module_name`, `field_id`, `item_id`, `item_display_name`, `default_order`, `status`, `creator_uid`, `create_time`, `operator_uid`, `update_time`) VALUES ((@item_scopes_id := @item_scopes_id + 1), '999973', 'enterprise_customer', '188', '191', '个人', '1', '2', '1', '2017-08-24 04:26:25', NULL, NULL);
INSERT INTO `eh_var_field_item_scopes` (`id`, `namespace_id`, `module_name`, `field_id`, `item_id`, `item_display_name`, `default_order`, `status`, `creator_uid`, `create_time`, `operator_uid`, `update_time`) VALUES ((@item_scopes_id := @item_scopes_id + 1), '999973', 'enterprise_customer', '6', '192', '广告', '1', '2', '1', '2017-08-18 02:24:42', NULL, NULL);
INSERT INTO `eh_var_field_item_scopes` (`id`, `namespace_id`, `module_name`, `field_id`, `item_id`, `item_display_name`, `default_order`, `status`, `creator_uid`, `create_time`, `operator_uid`, `update_time`) VALUES ((@item_scopes_id := @item_scopes_id + 1), '999973', 'enterprise_customer', '6', '193', '报纸', '2', '2', '1', '2017-08-18 02:24:42', NULL, NULL);
INSERT INTO `eh_var_field_item_scopes` (`id`, `namespace_id`, `module_name`, `field_id`, `item_id`, `item_display_name`, `default_order`, `status`, `creator_uid`, `create_time`, `operator_uid`, `update_time`) VALUES ((@item_scopes_id := @item_scopes_id + 1), '999973', 'enterprise_customer', '6', '194', '中介', '3', '2', '1', '2017-08-18 02:24:42', NULL, NULL);
INSERT INTO `eh_var_field_item_scopes` (`id`, `namespace_id`, `module_name`, `field_id`, `item_id`, `item_display_name`, `default_order`, `status`, `creator_uid`, `create_time`, `operator_uid`, `update_time`) VALUES ((@item_scopes_id := @item_scopes_id + 1), '999973', 'enterprise_customer', '6', '195', '网站', '4', '2', '1', '2017-08-18 02:24:42', NULL, NULL);
INSERT INTO `eh_var_field_item_scopes` (`id`, `namespace_id`, `module_name`, `field_id`, `item_id`, `item_display_name`, `default_order`, `status`, `creator_uid`, `create_time`, `operator_uid`, `update_time`) VALUES ((@item_scopes_id := @item_scopes_id + 1), '999973', 'enterprise_customer', '6', '196', '活动', '5', '2', '1', '2017-08-18 02:24:42', NULL, NULL);

INSERT INTO `eh_var_field_item_scopes` (`id`, `namespace_id`, `module_name`, `field_id`, `item_id`, `item_display_name`, `default_order`, `status`, `creator_uid`, `create_time`, `operator_uid`, `update_time`) VALUES ((@item_scopes_id := @item_scopes_id + 1), '999974', 'enterprise_customer', '4', '1', '业主', '1', '2', '1', '2017-08-18 02:24:42', NULL, NULL);
INSERT INTO `eh_var_field_item_scopes` (`id`, `namespace_id`, `module_name`, `field_id`, `item_id`, `item_display_name`, `default_order`, `status`, `creator_uid`, `create_time`, `operator_uid`, `update_time`) VALUES ((@item_scopes_id := @item_scopes_id + 1), '999974', 'enterprise_customer', '4', '2', '租户', '2', '2', '1', '2017-08-18 02:24:42', NULL, NULL);
INSERT INTO `eh_var_field_item_scopes` (`id`, `namespace_id`, `module_name`, `field_id`, `item_id`, `item_display_name`, `default_order`, `status`, `creator_uid`, `create_time`, `operator_uid`, `update_time`) VALUES ((@item_scopes_id := @item_scopes_id + 1), '999974', 'enterprise_customer', '5', '3', '普通客户', '3', '2', '1', '2017-08-18 02:24:42', NULL, NULL);
INSERT INTO `eh_var_field_item_scopes` (`id`, `namespace_id`, `module_name`, `field_id`, `item_id`, `item_display_name`, `default_order`, `status`, `creator_uid`, `create_time`, `operator_uid`, `update_time`) VALUES ((@item_scopes_id := @item_scopes_id + 1), '999974', 'enterprise_customer', '5', '4', '重要客户', '4', '2', '1', '2017-08-18 02:24:42', NULL, NULL);
INSERT INTO `eh_var_field_item_scopes` (`id`, `namespace_id`, `module_name`, `field_id`, `item_id`, `item_display_name`, `default_order`, `status`, `creator_uid`, `create_time`, `operator_uid`, `update_time`) VALUES ((@item_scopes_id := @item_scopes_id + 1), '999974', 'enterprise_customer', '5', '5', '意向客户', '5', '2', '1', '2017-08-18 02:24:42', NULL, NULL);
INSERT INTO `eh_var_field_item_scopes` (`id`, `namespace_id`, `module_name`, `field_id`, `item_id`, `item_display_name`, `default_order`, `status`, `creator_uid`, `create_time`, `operator_uid`, `update_time`) VALUES ((@item_scopes_id := @item_scopes_id + 1), '999974', 'enterprise_customer', '5', '6', '已成交客户', '6', '2', '1', '2017-08-18 02:24:42', NULL, NULL);
INSERT INTO `eh_var_field_item_scopes` (`id`, `namespace_id`, `module_name`, `field_id`, `item_id`, `item_display_name`, `default_order`, `status`, `creator_uid`, `create_time`, `operator_uid`, `update_time`) VALUES ((@item_scopes_id := @item_scopes_id + 1), '999974', 'enterprise_customer', '5', '7', '其他', '7', '2', '1', '2017-08-18 02:24:42', NULL, NULL);
INSERT INTO `eh_var_field_item_scopes` (`id`, `namespace_id`, `module_name`, `field_id`, `item_id`, `item_display_name`, `default_order`, `status`, `creator_uid`, `create_time`, `operator_uid`, `update_time`) VALUES ((@item_scopes_id := @item_scopes_id + 1), '999974', 'enterprise_customer', '6', '8', '其他', '8', '2', '1', '2017-08-18 02:24:42', NULL, NULL);
INSERT INTO `eh_var_field_item_scopes` (`id`, `namespace_id`, `module_name`, `field_id`, `item_id`, `item_display_name`, `default_order`, `status`, `creator_uid`, `create_time`, `operator_uid`, `update_time`) VALUES ((@item_scopes_id := @item_scopes_id + 1), '999974', 'enterprise_customer', '8', '9', '男', '9', '2', '1', '2017-08-18 02:24:43', NULL, NULL);
INSERT INTO `eh_var_field_item_scopes` (`id`, `namespace_id`, `module_name`, `field_id`, `item_id`, `item_display_name`, `default_order`, `status`, `creator_uid`, `create_time`, `operator_uid`, `update_time`) VALUES ((@item_scopes_id := @item_scopes_id + 1), '999974', 'enterprise_customer', '8', '10', '女', '10', '2', '1', '2017-08-18 02:24:43', NULL, NULL);
INSERT INTO `eh_var_field_item_scopes` (`id`, `namespace_id`, `module_name`, `field_id`, `item_id`, `item_display_name`, `default_order`, `status`, `creator_uid`, `create_time`, `operator_uid`, `update_time`) VALUES ((@item_scopes_id := @item_scopes_id + 1), '999974', 'enterprise_customer', '22', '11', '国企', '11', '2', '1', '2017-08-18 02:24:43', NULL, NULL);
INSERT INTO `eh_var_field_item_scopes` (`id`, `namespace_id`, `module_name`, `field_id`, `item_id`, `item_display_name`, `default_order`, `status`, `creator_uid`, `create_time`, `operator_uid`, `update_time`) VALUES ((@item_scopes_id := @item_scopes_id + 1), '999974', 'enterprise_customer', '22', '12', '外企', '12', '2', '1', '2017-08-18 02:24:44', NULL, NULL);
INSERT INTO `eh_var_field_item_scopes` (`id`, `namespace_id`, `module_name`, `field_id`, `item_id`, `item_display_name`, `default_order`, `status`, `creator_uid`, `create_time`, `operator_uid`, `update_time`) VALUES ((@item_scopes_id := @item_scopes_id + 1), '999974', 'enterprise_customer', '22', '13', '港企', '13', '2', '1', '2017-08-18 02:24:44', NULL, NULL);
INSERT INTO `eh_var_field_item_scopes` (`id`, `namespace_id`, `module_name`, `field_id`, `item_id`, `item_display_name`, `default_order`, `status`, `creator_uid`, `create_time`, `operator_uid`, `update_time`) VALUES ((@item_scopes_id := @item_scopes_id + 1), '999974', 'enterprise_customer', '22', '14', '合资', '14', '2', '1', '2017-08-18 02:24:44', NULL, NULL);
INSERT INTO `eh_var_field_item_scopes` (`id`, `namespace_id`, `module_name`, `field_id`, `item_id`, `item_display_name`, `default_order`, `status`, `creator_uid`, `create_time`, `operator_uid`, `update_time`) VALUES ((@item_scopes_id := @item_scopes_id + 1), '999974', 'enterprise_customer', '22', '15', '民企', '15', '2', '1', '2017-08-18 02:24:44', NULL, NULL);
INSERT INTO `eh_var_field_item_scopes` (`id`, `namespace_id`, `module_name`, `field_id`, `item_id`, `item_display_name`, `default_order`, `status`, `creator_uid`, `create_time`, `operator_uid`, `update_time`) VALUES ((@item_scopes_id := @item_scopes_id + 1), '999974', 'enterprise_customer', '22', '16', '自然人', '16', '2', '1', '2017-08-18 02:24:44', NULL, NULL);
INSERT INTO `eh_var_field_item_scopes` (`id`, `namespace_id`, `module_name`, `field_id`, `item_id`, `item_display_name`, `default_order`, `status`, `creator_uid`, `create_time`, `operator_uid`, `update_time`) VALUES ((@item_scopes_id := @item_scopes_id + 1), '999974', 'enterprise_customer', '22', '17', '其他', '17', '2', '1', '2017-08-18 02:24:44', NULL, NULL);
INSERT INTO `eh_var_field_item_scopes` (`id`, `namespace_id`, `module_name`, `field_id`, `item_id`, `item_display_name`, `default_order`, `status`, `creator_uid`, `create_time`, `operator_uid`, `update_time`) VALUES ((@item_scopes_id := @item_scopes_id + 1), '999974', 'enterprise_customer', '24', '18', '科技类', '18', '2', '1', '2017-08-18 02:24:44', NULL, NULL);
INSERT INTO `eh_var_field_item_scopes` (`id`, `namespace_id`, `module_name`, `field_id`, `item_id`, `item_display_name`, `default_order`, `status`, `creator_uid`, `create_time`, `operator_uid`, `update_time`) VALUES ((@item_scopes_id := @item_scopes_id + 1), '999974', 'enterprise_customer', '24', '19', '服务类', '19', '2', '1', '2017-08-18 02:24:45', NULL, NULL);
INSERT INTO `eh_var_field_item_scopes` (`id`, `namespace_id`, `module_name`, `field_id`, `item_id`, `item_display_name`, `default_order`, `status`, `creator_uid`, `create_time`, `operator_uid`, `update_time`) VALUES ((@item_scopes_id := @item_scopes_id + 1), '999974', 'enterprise_customer', '25', '20', '企业定位', '20', '2', '1', '2017-08-18 02:24:45', NULL, NULL);
INSERT INTO `eh_var_field_item_scopes` (`id`, `namespace_id`, `module_name`, `field_id`, `item_id`, `item_display_name`, `default_order`, `status`, `creator_uid`, `create_time`, `operator_uid`, `update_time`) VALUES ((@item_scopes_id := @item_scopes_id + 1), '999974', 'enterprise_customer', '33', '21', '产品类型', '21', '2', '1', '2017-08-18 02:24:45', NULL, NULL);
INSERT INTO `eh_var_field_item_scopes` (`id`, `namespace_id`, `module_name`, `field_id`, `item_id`, `item_display_name`, `default_order`, `status`, `creator_uid`, `create_time`, `operator_uid`, `update_time`) VALUES ((@item_scopes_id := @item_scopes_id + 1), '999974', 'enterprise_customer', '35', '22', '高新技术企业', '22', '2', '1', '2017-08-18 02:24:45', NULL, NULL);
INSERT INTO `eh_var_field_item_scopes` (`id`, `namespace_id`, `module_name`, `field_id`, `item_id`, `item_display_name`, `default_order`, `status`, `creator_uid`, `create_time`, `operator_uid`, `update_time`) VALUES ((@item_scopes_id := @item_scopes_id + 1), '999974', 'enterprise_customer', '35', '23', '软件企业', '23', '2', '1', '2017-08-18 02:24:45', NULL, NULL);
INSERT INTO `eh_var_field_item_scopes` (`id`, `namespace_id`, `module_name`, `field_id`, `item_id`, `item_display_name`, `default_order`, `status`, `creator_uid`, `create_time`, `operator_uid`, `update_time`) VALUES ((@item_scopes_id := @item_scopes_id + 1), '999974', 'contract', '104', '25', '新签合同', '1', '2', '1', '2017-08-18 02:24:57', NULL, NULL);
INSERT INTO `eh_var_field_item_scopes` (`id`, `namespace_id`, `module_name`, `field_id`, `item_id`, `item_display_name`, `default_order`, `status`, `creator_uid`, `create_time`, `operator_uid`, `update_time`) VALUES ((@item_scopes_id := @item_scopes_id + 1), '999974', 'contract', '104', '26', '续约合同', '2', '2', '1', '2017-08-18 02:24:58', NULL, NULL);
INSERT INTO `eh_var_field_item_scopes` (`id`, `namespace_id`, `module_name`, `field_id`, `item_id`, `item_display_name`, `default_order`, `status`, `creator_uid`, `create_time`, `operator_uid`, `update_time`) VALUES ((@item_scopes_id := @item_scopes_id + 1), '999974', 'contract', '104', '27', '变更合同', '3', '2', '1', '2017-08-18 02:24:58', NULL, NULL);
INSERT INTO `eh_var_field_item_scopes` (`id`, `namespace_id`, `module_name`, `field_id`, `item_id`, `item_display_name`, `default_order`, `status`, `creator_uid`, `create_time`, `operator_uid`, `update_time`) VALUES ((@item_scopes_id := @item_scopes_id + 1), '999974', 'contract', '105', '28', '资源租赁合同', '1', '2', '1', '2017-08-18 02:24:58', NULL, NULL);
INSERT INTO `eh_var_field_item_scopes` (`id`, `namespace_id`, `module_name`, `field_id`, `item_id`, `item_display_name`, `default_order`, `status`, `creator_uid`, `create_time`, `operator_uid`, `update_time`) VALUES ((@item_scopes_id := @item_scopes_id + 1), '999974', 'contract', '105', '29', '物业服务合同', '2', '2', '1', '2017-08-18 02:24:59', NULL, NULL);
INSERT INTO `eh_var_field_item_scopes` (`id`, `namespace_id`, `module_name`, `field_id`, `item_id`, `item_display_name`, `default_order`, `status`, `creator_uid`, `create_time`, `operator_uid`, `update_time`) VALUES ((@item_scopes_id := @item_scopes_id + 1), '999974', 'contract', '105', '30', '车位服务合同', '3', '2', '1', '2017-08-18 02:24:59', NULL, NULL);
INSERT INTO `eh_var_field_item_scopes` (`id`, `namespace_id`, `module_name`, `field_id`, `item_id`, `item_display_name`, `default_order`, `status`, `creator_uid`, `create_time`, `operator_uid`, `update_time`) VALUES ((@item_scopes_id := @item_scopes_id + 1), '999974', 'enterprise_customer', '141', '31', '男', '1', '2', '1', '2017-08-19 09:14:31', NULL, NULL);
INSERT INTO `eh_var_field_item_scopes` (`id`, `namespace_id`, `module_name`, `field_id`, `item_id`, `item_display_name`, `default_order`, `status`, `creator_uid`, `create_time`, `operator_uid`, `update_time`) VALUES ((@item_scopes_id := @item_scopes_id + 1), '999974', 'enterprise_customer', '141', '32', '女', '2', '2', '1', '2017-08-19 09:14:31', NULL, NULL);
INSERT INTO `eh_var_field_item_scopes` (`id`, `namespace_id`, `module_name`, `field_id`, `item_id`, `item_display_name`, `default_order`, `status`, `creator_uid`, `create_time`, `operator_uid`, `update_time`) VALUES ((@item_scopes_id := @item_scopes_id + 1), '999974', 'enterprise_customer', '143', '33', '中国', '1', '2', '1', '2017-08-19 09:14:31', NULL, NULL);
INSERT INTO `eh_var_field_item_scopes` (`id`, `namespace_id`, `module_name`, `field_id`, `item_id`, `item_display_name`, `default_order`, `status`, `creator_uid`, `create_time`, `operator_uid`, `update_time`) VALUES ((@item_scopes_id := @item_scopes_id + 1), '999974', 'enterprise_customer', '143', '34', '美国', '2', '2', '1', '2017-08-19 09:14:31', NULL, NULL);
INSERT INTO `eh_var_field_item_scopes` (`id`, `namespace_id`, `module_name`, `field_id`, `item_id`, `item_display_name`, `default_order`, `status`, `creator_uid`, `create_time`, `operator_uid`, `update_time`) VALUES ((@item_scopes_id := @item_scopes_id + 1), '999974', 'enterprise_customer', '143', '35', '日本', '3', '2', '1', '2017-08-19 09:14:31', NULL, NULL);
INSERT INTO `eh_var_field_item_scopes` (`id`, `namespace_id`, `module_name`, `field_id`, `item_id`, `item_display_name`, `default_order`, `status`, `creator_uid`, `create_time`, `operator_uid`, `update_time`) VALUES ((@item_scopes_id := @item_scopes_id + 1), '999974', 'enterprise_customer', '144', '36', '大专', '1', '2', '1', '2017-08-19 09:14:31', NULL, NULL);
INSERT INTO `eh_var_field_item_scopes` (`id`, `namespace_id`, `module_name`, `field_id`, `item_id`, `item_display_name`, `default_order`, `status`, `creator_uid`, `create_time`, `operator_uid`, `update_time`) VALUES ((@item_scopes_id := @item_scopes_id + 1), '999974', 'enterprise_customer', '144', '37', '本科', '2', '2', '1', '2017-08-19 09:14:31', NULL, NULL);
INSERT INTO `eh_var_field_item_scopes` (`id`, `namespace_id`, `module_name`, `field_id`, `item_id`, `item_display_name`, `default_order`, `status`, `creator_uid`, `create_time`, `operator_uid`, `update_time`) VALUES ((@item_scopes_id := @item_scopes_id + 1), '999974', 'enterprise_customer', '144', '38', '硕士研究生', '3', '2', '1', '2017-08-19 09:14:31', NULL, NULL);
INSERT INTO `eh_var_field_item_scopes` (`id`, `namespace_id`, `module_name`, `field_id`, `item_id`, `item_display_name`, `default_order`, `status`, `creator_uid`, `create_time`, `operator_uid`, `update_time`) VALUES ((@item_scopes_id := @item_scopes_id + 1), '999974', 'enterprise_customer', '144', '39', '博士研究生', '4', '2', '1', '2017-08-19 09:14:31', NULL, NULL);
INSERT INTO `eh_var_field_item_scopes` (`id`, `namespace_id`, `module_name`, `field_id`, `item_id`, `item_display_name`, `default_order`, `status`, `creator_uid`, `create_time`, `operator_uid`, `update_time`) VALUES ((@item_scopes_id := @item_scopes_id + 1), '999974', 'enterprise_customer', '148', '40', '是', '1', '2', '1', '2017-08-19 09:14:31', NULL, NULL);
INSERT INTO `eh_var_field_item_scopes` (`id`, `namespace_id`, `module_name`, `field_id`, `item_id`, `item_display_name`, `default_order`, `status`, `creator_uid`, `create_time`, `operator_uid`, `update_time`) VALUES ((@item_scopes_id := @item_scopes_id + 1), '999974', 'enterprise_customer', '148', '41', '否', '2', '2', '1', '2017-08-19 09:14:32', NULL, NULL);
INSERT INTO `eh_var_field_item_scopes` (`id`, `namespace_id`, `module_name`, `field_id`, `item_id`, `item_display_name`, `default_order`, `status`, `creator_uid`, `create_time`, `operator_uid`, `update_time`) VALUES ((@item_scopes_id := @item_scopes_id + 1), '999974', 'enterprise_customer', '149', '42', '中国', '1', '2', '1', '2017-08-19 09:14:32', NULL, NULL);
INSERT INTO `eh_var_field_item_scopes` (`id`, `namespace_id`, `module_name`, `field_id`, `item_id`, `item_display_name`, `default_order`, `status`, `creator_uid`, `create_time`, `operator_uid`, `update_time`) VALUES ((@item_scopes_id := @item_scopes_id + 1), '999974', 'enterprise_customer', '149', '43', '美国', '2', '2', '1', '2017-08-19 09:14:32', NULL, NULL);
INSERT INTO `eh_var_field_item_scopes` (`id`, `namespace_id`, `module_name`, `field_id`, `item_id`, `item_display_name`, `default_order`, `status`, `creator_uid`, `create_time`, `operator_uid`, `update_time`) VALUES ((@item_scopes_id := @item_scopes_id + 1), '999974', 'enterprise_customer', '149', '44', '日本', '3', '2', '1', '2017-08-19 09:14:32', NULL, NULL);
INSERT INTO `eh_var_field_item_scopes` (`id`, `namespace_id`, `module_name`, `field_id`, `item_id`, `item_display_name`, `default_order`, `status`, `creator_uid`, `create_time`, `operator_uid`, `update_time`) VALUES ((@item_scopes_id := @item_scopes_id + 1), '999974', 'enterprise_customer', '151', '45', '初级', '1', '2', '1', '2017-08-19 09:14:32', NULL, NULL);
INSERT INTO `eh_var_field_item_scopes` (`id`, `namespace_id`, `module_name`, `field_id`, `item_id`, `item_display_name`, `default_order`, `status`, `creator_uid`, `create_time`, `operator_uid`, `update_time`) VALUES ((@item_scopes_id := @item_scopes_id + 1), '999974', 'enterprise_customer', '151', '46', '中级', '2', '2', '1', '2017-08-19 09:14:32', NULL, NULL);
INSERT INTO `eh_var_field_item_scopes` (`id`, `namespace_id`, `module_name`, `field_id`, `item_id`, `item_display_name`, `default_order`, `status`, `creator_uid`, `create_time`, `operator_uid`, `update_time`) VALUES ((@item_scopes_id := @item_scopes_id + 1), '999974', 'enterprise_customer', '151', '47', '高级', '3', '2', '1', '2017-08-19 09:14:32', NULL, NULL);
INSERT INTO `eh_var_field_item_scopes` (`id`, `namespace_id`, `module_name`, `field_id`, `item_id`, `item_display_name`, `default_order`, `status`, `creator_uid`, `create_time`, `operator_uid`, `update_time`) VALUES ((@item_scopes_id := @item_scopes_id + 1), '999974', 'enterprise_customer', '152', '48', '否', '1', '2', '1', '2017-08-19 09:14:32', NULL, NULL);
INSERT INTO `eh_var_field_item_scopes` (`id`, `namespace_id`, `module_name`, `field_id`, `item_id`, `item_display_name`, `default_order`, `status`, `creator_uid`, `create_time`, `operator_uid`, `update_time`) VALUES ((@item_scopes_id := @item_scopes_id + 1), '999974', 'enterprise_customer', '152', '49', '上海（千人批次）', '2', '2', '1', '2017-08-19 09:14:32', NULL, NULL);
INSERT INTO `eh_var_field_item_scopes` (`id`, `namespace_id`, `module_name`, `field_id`, `item_id`, `item_display_name`, `default_order`, `status`, `creator_uid`, `create_time`, `operator_uid`, `update_time`) VALUES ((@item_scopes_id := @item_scopes_id + 1), '999974', 'enterprise_customer', '152', '50', '中央（千人批次）', '3', '2', '1', '2017-08-19 09:14:32', NULL, NULL);
INSERT INTO `eh_var_field_item_scopes` (`id`, `namespace_id`, `module_name`, `field_id`, `item_id`, `item_display_name`, `default_order`, `status`, `creator_uid`, `create_time`, `operator_uid`, `update_time`) VALUES ((@item_scopes_id := @item_scopes_id + 1), '999974', 'enterprise_customer', '152', '51', '浦江人才', '4', '2', '1', '2017-08-19 09:14:32', NULL, NULL);
INSERT INTO `eh_var_field_item_scopes` (`id`, `namespace_id`, `module_name`, `field_id`, `item_id`, `item_display_name`, `default_order`, `status`, `creator_uid`, `create_time`, `operator_uid`, `update_time`) VALUES ((@item_scopes_id := @item_scopes_id + 1), '999974', 'enterprise_customer', '152', '52', '两院院士', '5', '2', '1', '2017-08-19 09:14:32', NULL, NULL);
INSERT INTO `eh_var_field_item_scopes` (`id`, `namespace_id`, `module_name`, `field_id`, `item_id`, `item_display_name`, `default_order`, `status`, `creator_uid`, `create_time`, `operator_uid`, `update_time`) VALUES ((@item_scopes_id := @item_scopes_id + 1), '999974', 'enterprise_customer', '152', '53', '高层次人才', '6', '2', '1', '2017-08-19 09:14:32', NULL, NULL);
INSERT INTO `eh_var_field_item_scopes` (`id`, `namespace_id`, `module_name`, `field_id`, `item_id`, `item_display_name`, `default_order`, `status`, `creator_uid`, `create_time`, `operator_uid`, `update_time`) VALUES ((@item_scopes_id := @item_scopes_id + 1), '999974', 'enterprise_customer', '152', '54', '其他', '7', '2', '1', '2017-08-19 09:14:32', NULL, NULL);
INSERT INTO `eh_var_field_item_scopes` (`id`, `namespace_id`, `module_name`, `field_id`, `item_id`, `item_display_name`, `default_order`, `status`, `creator_uid`, `create_time`, `operator_uid`, `update_time`) VALUES ((@item_scopes_id := @item_scopes_id + 1), '999974', 'enterprise_customer', '157', '55', '国家', '1', '2', '1', '2017-08-19 09:48:58', NULL, NULL);
INSERT INTO `eh_var_field_item_scopes` (`id`, `namespace_id`, `module_name`, `field_id`, `item_id`, `item_display_name`, `default_order`, `status`, `creator_uid`, `create_time`, `operator_uid`, `update_time`) VALUES ((@item_scopes_id := @item_scopes_id + 1), '999974', 'enterprise_customer', '157', '56', '上海市', '2', '2', '1', '2017-08-19 09:48:58', NULL, NULL);
INSERT INTO `eh_var_field_item_scopes` (`id`, `namespace_id`, `module_name`, `field_id`, `item_id`, `item_display_name`, `default_order`, `status`, `creator_uid`, `create_time`, `operator_uid`, `update_time`) VALUES ((@item_scopes_id := @item_scopes_id + 1), '999974', 'enterprise_customer', '157', '57', '嘉定区', '3', '2', '1', '2017-08-19 09:48:58', NULL, NULL);
INSERT INTO `eh_var_field_item_scopes` (`id`, `namespace_id`, `module_name`, `field_id`, `item_id`, `item_display_name`, `default_order`, `status`, `creator_uid`, `create_time`, `operator_uid`, `update_time`) VALUES ((@item_scopes_id := @item_scopes_id + 1), '999974', 'enterprise_customer', '157', '58', '其他', '4', '2', '1', '2017-08-19 09:48:58', NULL, NULL);
INSERT INTO `eh_var_field_item_scopes` (`id`, `namespace_id`, `module_name`, `field_id`, `item_id`, `item_display_name`, `default_order`, `status`, `creator_uid`, `create_time`, `operator_uid`, `update_time`) VALUES ((@item_scopes_id := @item_scopes_id + 1), '999974', 'contract', '130', '59', '现金', '1', '2', '1', '2017-08-21 06:15:56', NULL, NULL);
INSERT INTO `eh_var_field_item_scopes` (`id`, `namespace_id`, `module_name`, `field_id`, `item_id`, `item_display_name`, `default_order`, `status`, `creator_uid`, `create_time`, `operator_uid`, `update_time`) VALUES ((@item_scopes_id := @item_scopes_id + 1), '999974', 'contract', '130', '60', '银行卡', '2', '2', '1', '2017-08-21 06:15:56', NULL, NULL);
INSERT INTO `eh_var_field_item_scopes` (`id`, `namespace_id`, `module_name`, `field_id`, `item_id`, `item_display_name`, `default_order`, `status`, `creator_uid`, `create_time`, `operator_uid`, `update_time`) VALUES ((@item_scopes_id := @item_scopes_id + 1), '999974', 'enterprise_customer', '163', '164', '文字商标', '1', '2', '1', '2017-08-23 10:56:16', NULL, NULL);
INSERT INTO `eh_var_field_item_scopes` (`id`, `namespace_id`, `module_name`, `field_id`, `item_id`, `item_display_name`, `default_order`, `status`, `creator_uid`, `create_time`, `operator_uid`, `update_time`) VALUES ((@item_scopes_id := @item_scopes_id + 1), '999974', 'enterprise_customer', '163', '165', '图片商标', '1', '2', '1', '2017-08-23 10:56:16', NULL, NULL);
INSERT INTO `eh_var_field_item_scopes` (`id`, `namespace_id`, `module_name`, `field_id`, `item_id`, `item_display_name`, `default_order`, `status`, `creator_uid`, `create_time`, `operator_uid`, `update_time`) VALUES ((@item_scopes_id := @item_scopes_id + 1), '999974', 'enterprise_customer', '163', '166', '品牌商标', '1', '2', '1', '2017-08-23 10:56:16', NULL, NULL);
INSERT INTO `eh_var_field_item_scopes` (`id`, `namespace_id`, `module_name`, `field_id`, `item_id`, `item_display_name`, `default_order`, `status`, `creator_uid`, `create_time`, `operator_uid`, `update_time`) VALUES ((@item_scopes_id := @item_scopes_id + 1), '999974', 'enterprise_customer', '163', '167', '著名商标', '1', '2', '1', '2017-08-23 10:56:16', NULL, NULL);
INSERT INTO `eh_var_field_item_scopes` (`id`, `namespace_id`, `module_name`, `field_id`, `item_id`, `item_display_name`, `default_order`, `status`, `creator_uid`, `create_time`, `operator_uid`, `update_time`) VALUES ((@item_scopes_id := @item_scopes_id + 1), '999974', 'enterprise_customer', '169', '170', '发明专利', '1', '2', '1', '2017-08-24 01:20:51', NULL, NULL);
INSERT INTO `eh_var_field_item_scopes` (`id`, `namespace_id`, `module_name`, `field_id`, `item_id`, `item_display_name`, `default_order`, `status`, `creator_uid`, `create_time`, `operator_uid`, `update_time`) VALUES ((@item_scopes_id := @item_scopes_id + 1), '999974', 'enterprise_customer', '169', '171', '实用新型', '2', '2', '1', '2017-08-24 01:20:51', NULL, NULL);
INSERT INTO `eh_var_field_item_scopes` (`id`, `namespace_id`, `module_name`, `field_id`, `item_id`, `item_display_name`, `default_order`, `status`, `creator_uid`, `create_time`, `operator_uid`, `update_time`) VALUES ((@item_scopes_id := @item_scopes_id + 1), '999974', 'enterprise_customer', '169', '172', '外观设计', '3', '2', '1', '2017-08-24 01:20:51', NULL, NULL);
INSERT INTO `eh_var_field_item_scopes` (`id`, `namespace_id`, `module_name`, `field_id`, `item_id`, `item_display_name`, `default_order`, `status`, `creator_uid`, `create_time`, `operator_uid`, `update_time`) VALUES ((@item_scopes_id := @item_scopes_id + 1), '999974', 'enterprise_customer', '169', '173', '集成电路布图', '4', '2', '1', '2017-08-24 01:20:51', NULL, NULL);
INSERT INTO `eh_var_field_item_scopes` (`id`, `namespace_id`, `module_name`, `field_id`, `item_id`, `item_display_name`, `default_order`, `status`, `creator_uid`, `create_time`, `operator_uid`, `update_time`) VALUES ((@item_scopes_id := @item_scopes_id + 1), '999974', 'enterprise_customer', '169', '174', '软件著作权', '5', '2', '1', '2017-08-24 01:20:51', NULL, NULL);
INSERT INTO `eh_var_field_item_scopes` (`id`, `namespace_id`, `module_name`, `field_id`, `item_id`, `item_display_name`, `default_order`, `status`, `creator_uid`, `create_time`, `operator_uid`, `update_time`) VALUES ((@item_scopes_id := @item_scopes_id + 1), '999974', 'enterprise_customer', '169', '175', '证书', '6', '2', '1', '2017-08-24 01:20:52', NULL, NULL);
INSERT INTO `eh_var_field_item_scopes` (`id`, `namespace_id`, `module_name`, `field_id`, `item_id`, `item_display_name`, `default_order`, `status`, `creator_uid`, `create_time`, `operator_uid`, `update_time`) VALUES ((@item_scopes_id := @item_scopes_id + 1), '999974', 'enterprise_customer', '170', '176', '申请', '1', '2', '1', '2017-08-24 01:20:52', NULL, NULL);
INSERT INTO `eh_var_field_item_scopes` (`id`, `namespace_id`, `module_name`, `field_id`, `item_id`, `item_display_name`, `default_order`, `status`, `creator_uid`, `create_time`, `operator_uid`, `update_time`) VALUES ((@item_scopes_id := @item_scopes_id + 1), '999974', 'enterprise_customer', '170', '177', '授权', '2', '2', '1', '2017-08-24 01:20:52', NULL, NULL);
INSERT INTO `eh_var_field_item_scopes` (`id`, `namespace_id`, `module_name`, `field_id`, `item_id`, `item_display_name`, `default_order`, `status`, `creator_uid`, `create_time`, `operator_uid`, `update_time`) VALUES ((@item_scopes_id := @item_scopes_id + 1), '999974', 'enterprise_customer', '171', '178', '企业', '1', '2', '1', '2017-08-24 04:26:21', NULL, NULL);
INSERT INTO `eh_var_field_item_scopes` (`id`, `namespace_id`, `module_name`, `field_id`, `item_id`, `item_display_name`, `default_order`, `status`, `creator_uid`, `create_time`, `operator_uid`, `update_time`) VALUES ((@item_scopes_id := @item_scopes_id + 1), '999974', 'enterprise_customer', '171', '179', '事业单位', '2', '2', '1', '2017-08-24 04:26:21', NULL, NULL);
INSERT INTO `eh_var_field_item_scopes` (`id`, `namespace_id`, `module_name`, `field_id`, `item_id`, `item_display_name`, `default_order`, `status`, `creator_uid`, `create_time`, `operator_uid`, `update_time`) VALUES ((@item_scopes_id := @item_scopes_id + 1), '999974', 'enterprise_customer', '171', '180', '政府机关', '3', '2', '1', '2017-08-24 04:26:21', NULL, NULL);
INSERT INTO `eh_var_field_item_scopes` (`id`, `namespace_id`, `module_name`, `field_id`, `item_id`, `item_display_name`, `default_order`, `status`, `creator_uid`, `create_time`, `operator_uid`, `update_time`) VALUES ((@item_scopes_id := @item_scopes_id + 1), '999974', 'enterprise_customer', '171', '181', '社会团体', '4', '2', '1', '2017-08-24 04:26:21', NULL, NULL);
INSERT INTO `eh_var_field_item_scopes` (`id`, `namespace_id`, `module_name`, `field_id`, `item_id`, `item_display_name`, `default_order`, `status`, `creator_uid`, `create_time`, `operator_uid`, `update_time`) VALUES ((@item_scopes_id := @item_scopes_id + 1), '999974', 'enterprise_customer', '171', '182', '民办非企业单位', '5', '2', '1', '2017-08-24 04:26:22', NULL, NULL);
INSERT INTO `eh_var_field_item_scopes` (`id`, `namespace_id`, `module_name`, `field_id`, `item_id`, `item_display_name`, `default_order`, `status`, `creator_uid`, `create_time`, `operator_uid`, `update_time`) VALUES ((@item_scopes_id := @item_scopes_id + 1), '999974', 'enterprise_customer', '171', '183', '基金会', '6', '2', '1', '2017-08-24 04:26:22', NULL, NULL);
INSERT INTO `eh_var_field_item_scopes` (`id`, `namespace_id`, `module_name`, `field_id`, `item_id`, `item_display_name`, `default_order`, `status`, `creator_uid`, `create_time`, `operator_uid`, `update_time`) VALUES ((@item_scopes_id := @item_scopes_id + 1), '999974', 'enterprise_customer', '171', '184', '其他组织机构', '7', '2', '1', '2017-08-24 04:26:22', NULL, NULL);
INSERT INTO `eh_var_field_item_scopes` (`id`, `namespace_id`, `module_name`, `field_id`, `item_id`, `item_display_name`, `default_order`, `status`, `creator_uid`, `create_time`, `operator_uid`, `update_time`) VALUES ((@item_scopes_id := @item_scopes_id + 1), '999974', 'enterprise_customer', '172', '185', '国有控股', '1', '2', '1', '2017-08-24 04:26:22', NULL, NULL);
INSERT INTO `eh_var_field_item_scopes` (`id`, `namespace_id`, `module_name`, `field_id`, `item_id`, `item_display_name`, `default_order`, `status`, `creator_uid`, `create_time`, `operator_uid`, `update_time`) VALUES ((@item_scopes_id := @item_scopes_id + 1), '999974', 'enterprise_customer', '172', '186', '集体控股', '2', '2', '1', '2017-08-24 04:26:22', NULL, NULL);
INSERT INTO `eh_var_field_item_scopes` (`id`, `namespace_id`, `module_name`, `field_id`, `item_id`, `item_display_name`, `default_order`, `status`, `creator_uid`, `create_time`, `operator_uid`, `update_time`) VALUES ((@item_scopes_id := @item_scopes_id + 1), '999974', 'enterprise_customer', '172', '187', '私人控股', '3', '2', '1', '2017-08-24 04:26:22', NULL, NULL);
INSERT INTO `eh_var_field_item_scopes` (`id`, `namespace_id`, `module_name`, `field_id`, `item_id`, `item_display_name`, `default_order`, `status`, `creator_uid`, `create_time`, `operator_uid`, `update_time`) VALUES ((@item_scopes_id := @item_scopes_id + 1), '999974', 'enterprise_customer', '172', '188', '港澳台商控股', '4', '2', '1', '2017-08-24 04:26:23', NULL, NULL);
INSERT INTO `eh_var_field_item_scopes` (`id`, `namespace_id`, `module_name`, `field_id`, `item_id`, `item_display_name`, `default_order`, `status`, `creator_uid`, `create_time`, `operator_uid`, `update_time`) VALUES ((@item_scopes_id := @item_scopes_id + 1), '999974', 'enterprise_customer', '172', '189', '外商投资', '5', '2', '1', '2017-08-24 04:26:23', NULL, NULL);
INSERT INTO `eh_var_field_item_scopes` (`id`, `namespace_id`, `module_name`, `field_id`, `item_id`, `item_display_name`, `default_order`, `status`, `creator_uid`, `create_time`, `operator_uid`, `update_time`) VALUES ((@item_scopes_id := @item_scopes_id + 1), '999974', 'enterprise_customer', '172', '190', '其他', '6', '2', '1', '2017-08-24 04:26:23', NULL, NULL);
INSERT INTO `eh_var_field_item_scopes` (`id`, `namespace_id`, `module_name`, `field_id`, `item_id`, `item_display_name`, `default_order`, `status`, `creator_uid`, `create_time`, `operator_uid`, `update_time`) VALUES ((@item_scopes_id := @item_scopes_id + 1), '999974', 'enterprise_customer', '188', '191', '个人', '1', '2', '1', '2017-08-24 04:26:25', NULL, NULL);
INSERT INTO `eh_var_field_item_scopes` (`id`, `namespace_id`, `module_name`, `field_id`, `item_id`, `item_display_name`, `default_order`, `status`, `creator_uid`, `create_time`, `operator_uid`, `update_time`) VALUES ((@item_scopes_id := @item_scopes_id + 1), '999974', 'enterprise_customer', '6', '192', '广告', '1', '2', '1', '2017-08-18 02:24:42', NULL, NULL);
INSERT INTO `eh_var_field_item_scopes` (`id`, `namespace_id`, `module_name`, `field_id`, `item_id`, `item_display_name`, `default_order`, `status`, `creator_uid`, `create_time`, `operator_uid`, `update_time`) VALUES ((@item_scopes_id := @item_scopes_id + 1), '999974', 'enterprise_customer', '6', '193', '报纸', '2', '2', '1', '2017-08-18 02:24:42', NULL, NULL);
INSERT INTO `eh_var_field_item_scopes` (`id`, `namespace_id`, `module_name`, `field_id`, `item_id`, `item_display_name`, `default_order`, `status`, `creator_uid`, `create_time`, `operator_uid`, `update_time`) VALUES ((@item_scopes_id := @item_scopes_id + 1), '999974', 'enterprise_customer', '6', '194', '中介', '3', '2', '1', '2017-08-18 02:24:42', NULL, NULL);
INSERT INTO `eh_var_field_item_scopes` (`id`, `namespace_id`, `module_name`, `field_id`, `item_id`, `item_display_name`, `default_order`, `status`, `creator_uid`, `create_time`, `operator_uid`, `update_time`) VALUES ((@item_scopes_id := @item_scopes_id + 1), '999974', 'enterprise_customer', '6', '195', '网站', '4', '2', '1', '2017-08-18 02:24:42', NULL, NULL);
INSERT INTO `eh_var_field_item_scopes` (`id`, `namespace_id`, `module_name`, `field_id`, `item_id`, `item_display_name`, `default_order`, `status`, `creator_uid`, `create_time`, `operator_uid`, `update_time`) VALUES ((@item_scopes_id := @item_scopes_id + 1), '999974', 'enterprise_customer', '6', '196', '活动', '5', '2', '1', '2017-08-18 02:24:42', NULL, NULL);


-- 左邻后台管理的配置项 by sfyan 20170907
set @domain_id = IFNULL((SELECT MAX(id) FROM `eh_domains`), 1);
insert into `eh_domains` (`id`, `namespace_id`, `portal_type`, `portal_id`, `domain`, `create_uid`, `create_time`) values((@domain_id := @domain_id + 1),'0','EhZuolinAdmins',0, 'opv2.zuolin.com', 0, now());

-- 去掉银行账号和税务信息的tab页 by xiongying20170907
delete from eh_var_field_group_scopes where group_id in(2,3);

-- 科技园增加创客空间 by R 20170907
SET @scope_id = (SELECT MAX(id) FROM eh_web_menu_scopes);
INSERT eh_web_menu_scopes VALUES(@scope_id := @scope_id+1, '40600', '', 'EhNamespaces', '1000000',2);


-- 保集和嘉定不要合同管理和缴费管理，只要客户管理（且希望把我们现在命名的客户管理 改为“企业信息管理”）；张江只要我们的缴费模块；by xiongying20170908
delete from eh_web_menu_scopes where menu_id in(21100, 21110, 21120, 21200, 21210, 21220) and owner_id = 999971;
delete from eh_web_menu_scopes where menu_id in(21200, 21210, 21220) and owner_id in (999973, 999974);