INSERT INTO `eh_var_field_groups` (`id`, `module_name`, `parent_id`, `path`, `title`, `name`, `mandatory_flag`, `default_order`, `status`, `creator_uid`, `create_time`) 
    VALUES ('1', 'enterprise_customer', '0', '/1', '基本信息', 'basicInfo', '0', NULL, '2', '1', UTC_TIMESTAMP());
INSERT INTO `eh_var_field_groups` (`id`, `module_name`, `parent_id`, `path`, `title`, `name`, `mandatory_flag`, `default_order`, `status`, `creator_uid`, `create_time`) 
    VALUES ('2', 'enterprise_customer', '0', '/2', '税务信息', 'taxInfo', '0', NULL, '2', '1', UTC_TIMESTAMP());
INSERT INTO `eh_var_field_groups` (`id`, `module_name`, `parent_id`, `path`, `title`, `name`, `mandatory_flag`, `default_order`, `status`, `creator_uid`, `create_time`) 
    VALUES ('3', 'enterprise_customer', '0', '/3', '银行账号', 'accountInfo', '0', NULL, '2', '1', UTC_TIMESTAMP());
INSERT INTO `eh_var_field_groups` (`id`, `module_name`, `parent_id`, `path`, `title`, `name`, `mandatory_flag`, `default_order`, `status`, `creator_uid`, `create_time`) 
    VALUES ('4', 'enterprise_customer', '0', '/4', '人才团队信息', 'talentInfo', '0', NULL, '2', '1', UTC_TIMESTAMP());
INSERT INTO `eh_var_field_groups` (`id`, `module_name`, `parent_id`, `path`, `title`, `name`, `mandatory_flag`, `default_order`, `status`, `creator_uid`, `create_time`) 
    VALUES ('5', 'enterprise_customer', '0', '/5', '知识产权信息', 'intellectualPropertyInfo', '0', NULL, '2', '1', UTC_TIMESTAMP());
INSERT INTO `eh_var_field_groups` (`id`, `module_name`, `parent_id`, `path`, `title`, `name`, `mandatory_flag`, `default_order`, `status`, `creator_uid`, `create_time`) 
    VALUES ('6', 'enterprise_customer', '0', '/6', '申报项目', 'project', '0', NULL, '2', '1', UTC_TIMESTAMP());
INSERT INTO `eh_var_field_groups` (`id`, `module_name`, `parent_id`, `path`, `title`, `name`, `mandatory_flag`, `default_order`, `status`, `creator_uid`, `create_time`) 
    VALUES ('7', 'enterprise_customer', '0', '/7', '工商信息', 'commercialInfo', '0', NULL, '2', '1', UTC_TIMESTAMP());
INSERT INTO `eh_var_field_groups` (`id`, `module_name`, `parent_id`, `path`, `title`, `name`, `mandatory_flag`, `default_order`, `status`, `creator_uid`, `create_time`) 
    VALUES ('8', 'enterprise_customer', '0', '/8', '投融情况', 'financingInfo', '0', NULL, '2', '1', UTC_TIMESTAMP());
INSERT INTO `eh_var_field_groups` (`id`, `module_name`, `parent_id`, `path`, `title`, `name`, `mandatory_flag`, `default_order`, `status`, `creator_uid`, `create_time`) 
    VALUES ('9', 'enterprise_customer', '0', '/9', '经济指标', 'economicIndicator', '0', NULL, '2', '1', UTC_TIMESTAMP());
INSERT INTO `eh_var_field_groups` (`id`, `module_name`, `parent_id`, `path`, `title`, `name`, `mandatory_flag`, `default_order`, `status`, `creator_uid`, `create_time`) 
    VALUES ('10', 'enterprise_customer', '1', '/1/10', '基本信息', 'basic', '0', NULL, '2', '1', UTC_TIMESTAMP());
INSERT INTO `eh_var_field_groups` (`id`, `module_name`, `parent_id`, `path`, `title`, `name`, `mandatory_flag`, `default_order`, `status`, `creator_uid`, `create_time`) 
    VALUES ('11', 'enterprise_customer', '1', '/1/11', '企业情况', 'enterpriseInfo', '0', NULL, '2', '1', UTC_TIMESTAMP());
INSERT INTO `eh_var_field_groups` (`id`, `module_name`, `parent_id`, `path`, `title`, `name`, `mandatory_flag`, `default_order`, `status`, `creator_uid`, `create_time`) 
    VALUES ('12', 'enterprise_customer', '1', '/1/12', '员工情况', 'memberInfo', '0', NULL, '2', '1', UTC_TIMESTAMP());
INSERT INTO `eh_var_field_groups` (`id`, `module_name`, `parent_id`, `path`, `title`, `name`, `mandatory_flag`, `default_order`, `status`, `creator_uid`, `create_time`) 
    VALUES ('13', 'contract', '0', '/13', '合同信息', 'info', '0', NULL, '2', '1', UTC_TIMESTAMP());
INSERT INTO `eh_var_field_groups` (`id`, `module_name`, `parent_id`, `path`, `title`, `name`, `mandatory_flag`, `default_order`, `status`, `creator_uid`, `create_time`) 
    VALUES ('14', 'contract', '0', '/13/14', '基本信息', 'basicinfo', '0', NULL, '2', '1', UTC_TIMESTAMP());
INSERT INTO `eh_var_field_groups` (`id`, `module_name`, `parent_id`, `path`, `title`, `name`, `mandatory_flag`, `default_order`, `status`, `creator_uid`, `create_time`) 
    VALUES ('15', 'contract', '0', '/13/15', '合同概览', 'overview', '0', NULL, '2', '1', UTC_TIMESTAMP());
 
INSERT INTO `eh_var_field_group_scopes` (`id`, `namespace_id`, `module_name`, `group_id`, `group_display_name`, `default_order`, `status`, `creator_uid`, `create_time`) VALUES ('1', '999992', 'enterprise_customer', '1', '基本信息', '1', '2', '1', UTC_TIMESTAMP());
INSERT INTO `eh_var_field_group_scopes` (`id`, `namespace_id`, `module_name`, `group_id`, `group_display_name`, `default_order`, `status`, `creator_uid`, `create_time`) VALUES ('2', '999992', 'enterprise_customer', '2', '税务信息', '2', '2', '1', UTC_TIMESTAMP());
INSERT INTO `eh_var_field_group_scopes` (`id`, `namespace_id`, `module_name`, `group_id`, `group_display_name`, `default_order`, `status`, `creator_uid`, `create_time`) VALUES ('3', '999992', 'enterprise_customer', '3', '银行账号', '3', '2', '1', UTC_TIMESTAMP());
INSERT INTO `eh_var_field_group_scopes` (`id`, `namespace_id`, `module_name`, `group_id`, `group_display_name`, `default_order`, `status`, `creator_uid`, `create_time`) VALUES ('4', '999992', 'enterprise_customer', '4', '人才团队信息', '4', '2', '1', UTC_TIMESTAMP());
INSERT INTO `eh_var_field_group_scopes` (`id`, `namespace_id`, `module_name`, `group_id`, `group_display_name`, `default_order`, `status`, `creator_uid`, `create_time`) VALUES ('5', '999992', 'enterprise_customer', '5', '知识产权信息', '5', '2', '1', UTC_TIMESTAMP());
INSERT INTO `eh_var_field_group_scopes` (`id`, `namespace_id`, `module_name`, `group_id`, `group_display_name`, `default_order`, `status`, `creator_uid`, `create_time`) VALUES ('6', '999992', 'enterprise_customer', '6', '申报项目', '6', '2', '1', UTC_TIMESTAMP());
INSERT INTO `eh_var_field_group_scopes` (`id`, `namespace_id`, `module_name`, `group_id`, `group_display_name`, `default_order`, `status`, `creator_uid`, `create_time`) VALUES ('7', '999992', 'enterprise_customer', '7', '工商信息', '7', '2', '1', UTC_TIMESTAMP());
INSERT INTO `eh_var_field_group_scopes` (`id`, `namespace_id`, `module_name`, `group_id`, `group_display_name`, `default_order`, `status`, `creator_uid`, `create_time`) VALUES ('8', '999992', 'enterprise_customer', '8', '投融情况', '8', '2', '1', UTC_TIMESTAMP());
INSERT INTO `eh_var_field_group_scopes` (`id`, `namespace_id`, `module_name`, `group_id`, `group_display_name`, `default_order`, `status`, `creator_uid`, `create_time`) VALUES ('9', '999992', 'enterprise_customer', '9', '经济指标', '9', '2', '1', UTC_TIMESTAMP());
INSERT INTO `eh_var_field_group_scopes` (`id`, `namespace_id`, `module_name`, `group_id`, `group_display_name`, `default_order`, `status`, `creator_uid`, `create_time`) VALUES ('10', '999992', 'enterprise_customer', '10', '基本信息', '1', '2', '1', UTC_TIMESTAMP());
INSERT INTO `eh_var_field_group_scopes` (`id`, `namespace_id`, `module_name`, `group_id`, `group_display_name`, `default_order`, `status`, `creator_uid`, `create_time`) VALUES ('11', '999992', 'enterprise_customer', '11', '企业情况', '2', '2', '1', UTC_TIMESTAMP());
INSERT INTO `eh_var_field_group_scopes` (`id`, `namespace_id`, `module_name`, `group_id`, `group_display_name`, `default_order`, `status`, `creator_uid`, `create_time`) VALUES ('12', '999992', 'enterprise_customer', '12', '员工情况', '3', '2', '1', UTC_TIMESTAMP());
INSERT INTO `eh_var_field_group_scopes` (`id`, `namespace_id`, `module_name`, `group_id`, `group_display_name`, `default_order`, `status`, `creator_uid`, `create_time`) VALUES ('13', '999992', 'contract', '13', '合同信息', '1', '2', '1', UTC_TIMESTAMP());
INSERT INTO `eh_var_field_group_scopes` (`id`, `namespace_id`, `module_name`, `group_id`, `group_display_name`, `default_order`, `status`, `creator_uid`, `create_time`) VALUES ('14', '999992', 'contract', '14', '基本信息', '1', '2', '1', UTC_TIMESTAMP());
INSERT INTO `eh_var_field_group_scopes` (`id`, `namespace_id`, `module_name`, `group_id`, `group_display_name`, `default_order`, `status`, `creator_uid`, `create_time`) VALUES ('15', '999992', 'contract', '15', '合同概览', '2', '2', '1', UTC_TIMESTAMP());


    
INSERT INTO `eh_var_fields` (`id`, `module_name`, `name`, `display_name`, `field_type`, `group_id`, `group_path`, `mandatory_flag`, `default_order`, `status`, `creator_uid`, `create_time`) VALUES ('1', 'enterprise_customer', 'customerNumber', '客户信息', 'String', '10', '/1/10', '0', NULL, '2', '1', UTC_TIMESTAMP());
INSERT INTO `eh_var_fields` (`id`, `module_name`, `name`, `display_name`, `field_type`, `group_id`, `group_path`, `mandatory_flag`, `default_order`, `status`, `creator_uid`, `create_time`) VALUES ('2', 'enterprise_customer', 'name', '客户名称', 'String', '10', '/1/10', '0', NULL, '2', '1', UTC_TIMESTAMP());
INSERT INTO `eh_var_fields` (`id`, `module_name`, `name`, `display_name`, `field_type`, `group_id`, `group_path`, `mandatory_flag`, `default_order`, `status`, `creator_uid`, `create_time`) VALUES ('3', 'enterprise_customer', 'nickName', '简称', 'String', '10', '/1/10', '0', NULL, '2', '1', UTC_TIMESTAMP());
INSERT INTO `eh_var_fields` (`id`, `module_name`, `name`, `display_name`, `field_type`, `group_id`, `group_path`, `mandatory_flag`, `default_order`, `status`, `creator_uid`, `create_time`) VALUES ('4', 'enterprise_customer', 'categoryItemId', '客户类型', 'Long', '10', '/1/10', '0', NULL, '2', '1', UTC_TIMESTAMP());
INSERT INTO `eh_var_fields` (`id`, `module_name`, `name`, `display_name`, `field_type`, `group_id`, `group_path`, `mandatory_flag`, `default_order`, `status`, `creator_uid`, `create_time`) VALUES ('5', 'enterprise_customer', 'levelItemId', '客户级别', 'Long', '10', '/1/10', '0', NULL, '2', '1', UTC_TIMESTAMP());
INSERT INTO `eh_var_fields` (`id`, `module_name`, `name`, `display_name`, `field_type`, `group_id`, `group_path`, `mandatory_flag`, `default_order`, `status`, `creator_uid`, `create_time`) VALUES ('6', 'enterprise_customer', 'sourceItemId', '认知途径', 'Long', '10', '/1/10', '0', NULL, '2', '1', UTC_TIMESTAMP());
INSERT INTO `eh_var_fields` (`id`, `module_name`, `name`, `display_name`, `field_type`, `group_id`, `group_path`, `mandatory_flag`, `default_order`, `status`, `creator_uid`, `create_time`) VALUES ('7', 'enterprise_customer', 'contactName', '联系人', 'String', '10', '/1/10', '0', NULL, '2', '1', UTC_TIMESTAMP());
INSERT INTO `eh_var_fields` (`id`, `module_name`, `name`, `display_name`, `field_type`, `group_id`, `group_path`, `mandatory_flag`, `default_order`, `status`, `creator_uid`, `create_time`) VALUES ('8', 'enterprise_customer', 'contactGenderItemId', '联系人性别', 'Long', '10', '/1/10', '0', NULL, '2', '1', UTC_TIMESTAMP());
INSERT INTO `eh_var_fields` (`id`, `module_name`, `name`, `display_name`, `field_type`, `group_id`, `group_path`, `mandatory_flag`, `default_order`, `status`, `creator_uid`, `create_time`) VALUES ('9', 'enterprise_customer', 'contactMobile', '手机号码', 'String', '10', '/1/10', '0', NULL, '2', '1', UTC_TIMESTAMP());
INSERT INTO `eh_var_fields` (`id`, `module_name`, `name`, `display_name`, `field_type`, `group_id`, `group_path`, `mandatory_flag`, `default_order`, `status`, `creator_uid`, `create_time`) VALUES ('10', 'enterprise_customer', 'contactPhone', '座机号码', 'String', '10', '/1/10', '0', NULL, '2', '1', UTC_TIMESTAMP());
INSERT INTO `eh_var_fields` (`id`, `module_name`, `name`, `display_name`, `field_type`, `group_id`, `group_path`, `mandatory_flag`, `default_order`, `status`, `creator_uid`, `create_time`) VALUES ('11', 'enterprise_customer', 'contactOffficePhone', '办公电话', 'String', '10', '/1/10', '0', NULL, '2', '1', UTC_TIMESTAMP());
INSERT INTO `eh_var_fields` (`id`, `module_name`, `name`, `display_name`, `field_type`, `group_id`, `group_path`, `mandatory_flag`, `default_order`, `status`, `creator_uid`, `create_time`) VALUES ('12', 'enterprise_customer', 'contactFamilyPhone', '家庭电话', 'String', '10', '/1/10', '0', NULL, '2', '1', UTC_TIMESTAMP());
INSERT INTO `eh_var_fields` (`id`, `module_name`, `name`, `display_name`, `field_type`, `group_id`, `group_path`, `mandatory_flag`, `default_order`, `status`, `creator_uid`, `create_time`) VALUES ('13', 'enterprise_customer', 'contactEmail', '电子邮件', 'String', '10', '/1/10', '0', NULL, '2', '1', UTC_TIMESTAMP());
INSERT INTO `eh_var_fields` (`id`, `module_name`, `name`, `display_name`, `field_type`, `group_id`, `group_path`, `mandatory_flag`, `default_order`, `status`, `creator_uid`, `create_time`) VALUES ('14', 'enterprise_customer', 'contactFax', '传真', 'String', '10', '/1/10', '0', NULL, '2', '1', UTC_TIMESTAMP());
INSERT INTO `eh_var_fields` (`id`, `module_name`, `name`, `display_name`, `field_type`, `group_id`, `group_path`, `mandatory_flag`, `default_order`, `status`, `creator_uid`, `create_time`) VALUES ('15', 'enterprise_customer', 'contactAddress', '地址', 'String', '10', '/1/10', '0', NULL, '2', '1', UTC_TIMESTAMP());
INSERT INTO `eh_var_fields` (`id`, `module_name`, `name`, `display_name`, `field_type`, `group_id`, `group_path`, `mandatory_flag`, `default_order`, `status`, `creator_uid`, `create_time`) VALUES ('16', 'enterprise_customer', 'corpEmail', '企业邮箱', 'String', '10', '/1/10', '0', NULL, '2', '1', UTC_TIMESTAMP());
INSERT INTO `eh_var_fields` (`id`, `module_name`, `name`, `display_name`, `field_type`, `group_id`, `group_path`, `mandatory_flag`, `default_order`, `status`, `creator_uid`, `create_time`) VALUES ('17', 'enterprise_customer', 'corpWebsite', '企业网址', 'String', '11', '/1/11', '0', NULL, '2', '1', UTC_TIMESTAMP());
INSERT INTO `eh_var_fields` (`id`, `module_name`, `name`, `display_name`, `field_type`, `group_id`, `group_path`, `mandatory_flag`, `default_order`, `status`, `creator_uid`, `create_time`) VALUES ('18', 'enterprise_customer', 'corpRegAddress', '注册地址', 'String', '11', '/1/11', '0', NULL, '2', '1', UTC_TIMESTAMP());
INSERT INTO `eh_var_fields` (`id`, `module_name`, `name`, `display_name`, `field_type`, `group_id`, `group_path`, `mandatory_flag`, `default_order`, `status`, `creator_uid`, `create_time`) VALUES ('19', 'enterprise_customer', 'corpOpAddress', '经营地址', 'String', '11', '/1/11', '0', NULL, '2', '1', UTC_TIMESTAMP());
INSERT INTO `eh_var_fields` (`id`, `module_name`, `name`, `display_name`, `field_type`, `group_id`, `group_path`, `mandatory_flag`, `default_order`, `status`, `creator_uid`, `create_time`) VALUES ('20', 'enterprise_customer', 'corpLegalPerson', '法人代表', 'String', '11', '/1/11', '0', NULL, '2', '1', UTC_TIMESTAMP());
INSERT INTO `eh_var_fields` (`id`, `module_name`, `name`, `display_name`, `field_type`, `group_id`, `group_path`, `mandatory_flag`, `default_order`, `status`, `creator_uid`, `create_time`) VALUES ('21', 'enterprise_customer', 'corpRegCapital', '注册资金(万元）', 'BigDecimal', '11', '/1/11', '0', NULL, '2', '1', UTC_TIMESTAMP());
INSERT INTO `eh_var_fields` (`id`, `module_name`, `name`, `display_name`, `field_type`, `group_id`, `group_path`, `mandatory_flag`, `default_order`, `status`, `creator_uid`, `create_time`) VALUES ('22', 'enterprise_customer', 'corpNatureItemId', '企业性质', 'Long', '11', '/1/11', '0', NULL, '2', '1', UTC_TIMESTAMP());
INSERT INTO `eh_var_fields` (`id`, `module_name`, `name`, `display_name`, `field_type`, `group_id`, `group_path`, `mandatory_flag`, `default_order`, `status`, `creator_uid`, `create_time`) VALUES ('23', 'enterprise_customer', 'corpScale', '企业规模', 'BigDecimal', '11', '/1/11', '0', NULL, '2', '1', UTC_TIMESTAMP());
INSERT INTO `eh_var_fields` (`id`, `module_name`, `name`, `display_name`, `field_type`, `group_id`, `group_path`, `mandatory_flag`, `default_order`, `status`, `creator_uid`, `create_time`) VALUES ('24', 'enterprise_customer', 'corpIndustryItemId', '行业类型', 'Long', '11', '/1/11', '0', NULL, '2', '1', UTC_TIMESTAMP());
INSERT INTO `eh_var_fields` (`id`, `module_name`, `name`, `display_name`, `field_type`, `group_id`, `group_path`, `mandatory_flag`, `default_order`, `status`, `creator_uid`, `create_time`) VALUES ('25', 'enterprise_customer', 'corpPurposeItemId', '企业定位', 'Long', '11', '/1/11', '0', NULL, '2', '1', UTC_TIMESTAMP());
INSERT INTO `eh_var_fields` (`id`, `module_name`, `name`, `display_name`, `field_type`, `group_id`, `group_path`, `mandatory_flag`, `default_order`, `status`, `creator_uid`, `create_time`) VALUES ('26', 'enterprise_customer', 'corpAnnualTurnover', '年营业额(万元)', 'BigDecimal', '11', '/1/11', '0', NULL, '2', '1', UTC_TIMESTAMP());
INSERT INTO `eh_var_fields` (`id`, `module_name`, `name`, `display_name`, `field_type`, `group_id`, `group_path`, `mandatory_flag`, `default_order`, `status`, `creator_uid`, `create_time`) VALUES ('27', 'enterprise_customer', 'corpBusinessScope', '营业范围', 'String', '11', '/1/11', '0', NULL, '2', '1', UTC_TIMESTAMP());
INSERT INTO `eh_var_fields` (`id`, `module_name`, `name`, `display_name`, `field_type`, `group_id`, `group_path`, `mandatory_flag`, `default_order`, `status`, `creator_uid`, `create_time`) VALUES ('28', 'enterprise_customer', 'corpBusinessLicense', '营业执照号', 'String', '11', '/1/11', '0', NULL, '2', '1', UTC_TIMESTAMP());
INSERT INTO `eh_var_fields` (`id`, `module_name`, `name`, `display_name`, `field_type`, `group_id`, `group_path`, `mandatory_flag`, `default_order`, `status`, `creator_uid`, `create_time`) VALUES ('30', 'enterprise_customer', 'contactAddressId', '门牌号', 'Long', '11', '/1/11', '0', NULL, '2', '1', UTC_TIMESTAMP());
INSERT INTO `eh_var_fields` (`id`, `module_name`, `name`, `display_name`, `field_type`, `group_id`, `group_path`, `mandatory_flag`, `default_order`, `status`, `creator_uid`, `create_time`) VALUES ('31', 'enterprise_customer', 'corpSiteArea', '场地面积', 'BigDecimal', '11', '/1/11', '0', NULL, '2', '1', UTC_TIMESTAMP());
INSERT INTO `eh_var_fields` (`id`, `module_name`, `name`, `display_name`, `field_type`, `group_id`, `group_path`, `mandatory_flag`, `default_order`, `status`, `creator_uid`, `create_time`) VALUES ('32', 'enterprise_customer', 'corpEntryDate', '入住园区日期', 'Date', '11', '/1/11', '0', NULL, '2', '1', UTC_TIMESTAMP());
INSERT INTO `eh_var_fields` (`id`, `module_name`, `name`, `display_name`, `field_type`, `group_id`, `group_path`, `mandatory_flag`, `default_order`, `status`, `creator_uid`, `create_time`) VALUES ('33', 'enterprise_customer', 'corpProductCategoryItemId', '产品类型', 'Long', '11', '/1/11', '0', NULL, '2', '1', UTC_TIMESTAMP());
INSERT INTO `eh_var_fields` (`id`, `module_name`, `name`, `display_name`, `field_type`, `group_id`, `group_path`, `mandatory_flag`, `default_order`, `status`, `creator_uid`, `create_time`) VALUES ('34', 'enterprise_customer', 'corpProductDesc', '主要技术及产品', 'String', '11', '/1/11', '0', NULL, '2', '1', UTC_TIMESTAMP());
INSERT INTO `eh_var_fields` (`id`, `module_name`, `name`, `display_name`, `field_type`, `group_id`, `group_path`, `mandatory_flag`, `default_order`, `status`, `creator_uid`, `create_time`) VALUES ('35', 'enterprise_customer', 'corpQualificationItemId', '企业资质认证', 'Long', '11', '/1/11', '0', NULL, '2', '1', UTC_TIMESTAMP());
INSERT INTO `eh_var_fields` (`id`, `module_name`, `name`, `display_name`, `field_type`, `group_id`, `group_path`, `mandatory_flag`, `default_order`, `status`, `creator_uid`, `create_time`) VALUES ('36', 'enterprise_customer', 'corpLogoUri', '企业LOGO', 'String', '11', '/1/11', '0', NULL, '2', '1', UTC_TIMESTAMP());
INSERT INTO `eh_var_fields` (`id`, `module_name`, `name`, `display_name`, `field_type`, `group_id`, `group_path`, `mandatory_flag`, `default_order`, `status`, `creator_uid`, `create_time`) VALUES ('37', 'enterprise_customer', 'corpDescription', '企业简介', 'String', '11', '/1/11', '0', NULL, '2', '1', UTC_TIMESTAMP());
INSERT INTO `eh_var_fields` (`id`, `module_name`, `name`, `display_name`, `field_type`, `group_id`, `group_path`, `mandatory_flag`, `default_order`, `status`, `creator_uid`, `create_time`) VALUES ('38', 'enterprise_customer', 'corpEmployeeAmount', '员工总数', 'Integer', '12', '/1/12', '0', NULL, '2', '1', UTC_TIMESTAMP());
INSERT INTO `eh_var_fields` (`id`, `module_name`, `name`, `display_name`, `field_type`, `group_id`, `group_path`, `mandatory_flag`, `default_order`, `status`, `creator_uid`, `create_time`) VALUES ('39', 'enterprise_customer', 'corpEmployeeAverageAge', '员工平均年龄', 'Integer', '12', '/1/12', '0', NULL, '2', '1', UTC_TIMESTAMP());
INSERT INTO `eh_var_fields` (`id`, `module_name`, `name`, `display_name`, `field_type`, `group_id`, `group_path`, `mandatory_flag`, `default_order`, `status`, `creator_uid`, `create_time`) VALUES ('40', 'enterprise_customer', 'corpManagerAverageAge', '高管平均年龄', 'Integer', '12', '/1/12', '0', NULL, '2', '1', UTC_TIMESTAMP());
INSERT INTO `eh_var_fields` (`id`, `module_name`, `name`, `display_name`, `field_type`, `group_id`, `group_path`, `mandatory_flag`, `default_order`, `status`, `creator_uid`, `create_time`) VALUES ('41', 'enterprise_customer', 'corpEmployeeAmountFemale', '女性员工总数', 'Integer', '12', '/1/12', '0', NULL, '2', '1', UTC_TIMESTAMP());
INSERT INTO `eh_var_fields` (`id`, `module_name`, `name`, `display_name`, `field_type`, `group_id`, `group_path`, `mandatory_flag`, `default_order`, `status`, `creator_uid`, `create_time`) VALUES ('42', 'enterprise_customer', 'corpEmployeeAmountMale', '男性员工总数', 'Integer', '12', '/1/12', '0', NULL, '2', '1', UTC_TIMESTAMP());
INSERT INTO `eh_var_fields` (`id`, `module_name`, `name`, `display_name`, `field_type`, `group_id`, `group_path`, `mandatory_flag`, `default_order`, `status`, `creator_uid`, `create_time`) VALUES ('43', 'enterprise_customer', 'corpEmployeeAmountRd', '研发员工总数', 'Integer', '12', '/1/12', '0', NULL, '2', '1', UTC_TIMESTAMP());
INSERT INTO `eh_var_fields` (`id`, `module_name`, `name`, `display_name`, `field_type`, `group_id`, `group_path`, `mandatory_flag`, `default_order`, `status`, `creator_uid`, `create_time`) VALUES ('44', 'enterprise_customer', 'corpEmployeeReturneeRate', '海归人数占比', 'Integer', '12', '/1/12', '0', NULL, '2', '1', UTC_TIMESTAMP());
INSERT INTO `eh_var_fields` (`id`, `module_name`, `name`, `display_name`, `field_type`, `group_id`, `group_path`, `mandatory_flag`, `default_order`, `status`, `creator_uid`, `create_time`) VALUES ('45', 'enterprise_customer', 'managerName', '总经理', 'String', '12', '/1/12', '0', NULL, '2', '1', UTC_TIMESTAMP());
INSERT INTO `eh_var_fields` (`id`, `module_name`, `name`, `display_name`, `field_type`, `group_id`, `group_path`, `mandatory_flag`, `default_order`, `status`, `creator_uid`, `create_time`) VALUES ('46', 'enterprise_customer', 'managerPhone', '总经理电话', 'String', '12', '/1/12', '0', NULL, '2', '1', UTC_TIMESTAMP());
INSERT INTO `eh_var_fields` (`id`, `module_name`, `name`, `display_name`, `field_type`, `group_id`, `group_path`, `mandatory_flag`, `default_order`, `status`, `creator_uid`, `create_time`) VALUES ('47', 'enterprise_customer', 'managerEmail', '总经理邮箱', 'String', '12', '/1/12', '0', NULL, '2', '1', UTC_TIMESTAMP());
INSERT INTO `eh_var_fields` (`id`, `module_name`, `name`, `display_name`, `field_type`, `group_id`, `group_path`, `mandatory_flag`, `default_order`, `status`, `creator_uid`, `create_time`) VALUES ('48', 'enterprise_customer', 'remark', '备注', 'String', '12', '/1/12', '0', NULL, '2', '1', UTC_TIMESTAMP());

INSERT INTO `eh_var_field_scopes` (`id`, `namespace_id`, `module_name`, `group_id`, `group_path`, `field_id`, `field_param`, `field_display_name`, `mandatory_flag`, `default_order`, `status`, `creator_uid`, `create_time`) VALUES ('1', '999992', 'enterprise_customer', '10', '/1/10', '1', '{"fieldParamType": "text", "length": 32}', '客户信息', '1', '1', '2', '1', UTC_TIMESTAMP());
INSERT INTO `eh_var_field_scopes` (`id`, `namespace_id`, `module_name`, `group_id`, `group_path`, `field_id`, `field_param`, `field_display_name`, `mandatory_flag`, `default_order`, `status`, `creator_uid`, `create_time`) VALUES ('2', '999992', 'enterprise_customer', '10', '/1/10', '2', '{"fieldParamType": "text", "length": 32}', '客户名称', '1', '2', '2', '1', UTC_TIMESTAMP());
INSERT INTO `eh_var_field_scopes` (`id`, `namespace_id`, `module_name`, `group_id`, `group_path`, `field_id`, `field_param`, `field_display_name`, `mandatory_flag`, `default_order`, `status`, `creator_uid`, `create_time`) VALUES ('3', '999992', 'enterprise_customer', '10', '/1/10', '3', '{"fieldParamType": "text", "length": 32}', '简称', '1', '3', '2', '1', UTC_TIMESTAMP());
INSERT INTO `eh_var_field_scopes` (`id`, `namespace_id`, `module_name`, `group_id`, `group_path`, `field_id`, `field_param`, `field_display_name`, `mandatory_flag`, `default_order`, `status`, `creator_uid`, `create_time`) VALUES ('4', '999992', 'enterprise_customer', '10', '/1/10', '4', '{"fieldParamType": "select", "length": 32}', '客户类型', '1', '4', '2', '1', UTC_TIMESTAMP());
INSERT INTO `eh_var_field_scopes` (`id`, `namespace_id`, `module_name`, `group_id`, `group_path`, `field_id`, `field_param`, `field_display_name`, `mandatory_flag`, `default_order`, `status`, `creator_uid`, `create_time`) VALUES ('5', '999992', 'enterprise_customer', '10', '/1/10', '5', '{"fieldParamType": "select", "length": 32}', '客户级别', '1', '5', '2', '1', UTC_TIMESTAMP());
INSERT INTO `eh_var_field_scopes` (`id`, `namespace_id`, `module_name`, `group_id`, `group_path`, `field_id`, `field_param`, `field_display_name`, `mandatory_flag`, `default_order`, `status`, `creator_uid`, `create_time`) VALUES ('6', '999992', 'enterprise_customer', '10', '/1/10', '6', '{"fieldParamType": "select", "length": 32}', '认知途径', '1', '6', '2', '1', UTC_TIMESTAMP());
INSERT INTO `eh_var_field_scopes` (`id`, `namespace_id`, `module_name`, `group_id`, `group_path`, `field_id`, `field_param`, `field_display_name`, `mandatory_flag`, `default_order`, `status`, `creator_uid`, `create_time`) VALUES ('7', '999992', 'enterprise_customer', '10', '/1/10', '7', '{"fieldParamType": "text", "length": 32}', '联系人', '1', '7', '2', '1', UTC_TIMESTAMP());
INSERT INTO `eh_var_field_scopes` (`id`, `namespace_id`, `module_name`, `group_id`, `group_path`, `field_id`, `field_param`, `field_display_name`, `mandatory_flag`, `default_order`, `status`, `creator_uid`, `create_time`) VALUES ('8', '999992', 'enterprise_customer', '10', '/1/10', '8', '{"fieldParamType": "select", "length": 32}', '联系人性别', '1', '8', '2', '1', UTC_TIMESTAMP());
INSERT INTO `eh_var_field_scopes` (`id`, `namespace_id`, `module_name`, `group_id`, `group_path`, `field_id`, `field_param`, `field_display_name`, `mandatory_flag`, `default_order`, `status`, `creator_uid`, `create_time`) VALUES ('9', '999992', 'enterprise_customer', '10', '/1/10', '9', '{"fieldParamType": "text", "length": 32}', '手机号码', '1', '9', '2', '1', UTC_TIMESTAMP());
INSERT INTO `eh_var_field_scopes` (`id`, `namespace_id`, `module_name`, `group_id`, `group_path`, `field_id`, `field_param`, `field_display_name`, `mandatory_flag`, `default_order`, `status`, `creator_uid`, `create_time`) VALUES ('10', '999992', 'enterprise_customer', '10', '/1/10', '10', '{"fieldParamType": "text", "length": 32}', '座机号码', '1', '10', '2', '1', UTC_TIMESTAMP());
INSERT INTO `eh_var_field_scopes` (`id`, `namespace_id`, `module_name`, `group_id`, `group_path`, `field_id`, `field_param`, `field_display_name`, `mandatory_flag`, `default_order`, `status`, `creator_uid`, `create_time`) VALUES ('11', '999992', 'enterprise_customer', '10', '/1/10', '11', '{"fieldParamType": "text", "length": 32}', '办公电话', '1', '11', '2', '1', UTC_TIMESTAMP());
INSERT INTO `eh_var_field_scopes` (`id`, `namespace_id`, `module_name`, `group_id`, `group_path`, `field_id`, `field_param`, `field_display_name`, `mandatory_flag`, `default_order`, `status`, `creator_uid`, `create_time`) VALUES ('12', '999992', 'enterprise_customer', '10', '/1/10', '12', '{"fieldParamType": "text", "length": 32}', '家庭电话', '1', '12', '2', '1', UTC_TIMESTAMP());
INSERT INTO `eh_var_field_scopes` (`id`, `namespace_id`, `module_name`, `group_id`, `group_path`, `field_id`, `field_param`, `field_display_name`, `mandatory_flag`, `default_order`, `status`, `creator_uid`, `create_time`) VALUES ('13', '999992', 'enterprise_customer', '10', '/1/10', '13', '{"fieldParamType": "text", "length": 32}', '电子邮件', '1', '13', '2', '1', UTC_TIMESTAMP());
INSERT INTO `eh_var_field_scopes` (`id`, `namespace_id`, `module_name`, `group_id`, `group_path`, `field_id`, `field_param`, `field_display_name`, `mandatory_flag`, `default_order`, `status`, `creator_uid`, `create_time`) VALUES ('14', '999992', 'enterprise_customer', '10', '/1/10', '14', '{"fieldParamType": "text", "length": 32}', '传真', '1', '14', '2', '1', UTC_TIMESTAMP());
INSERT INTO `eh_var_field_scopes` (`id`, `namespace_id`, `module_name`, `group_id`, `group_path`, `field_id`, `field_param`, `field_display_name`, `mandatory_flag`, `default_order`, `status`, `creator_uid`, `create_time`) VALUES ('15', '999992', 'enterprise_customer', '10', '/1/10', '15', '{"fieldParamType": "text", "length": 32}', '地址', '1', '15', '2', '1', UTC_TIMESTAMP());
INSERT INTO `eh_var_field_scopes` (`id`, `namespace_id`, `module_name`, `group_id`, `group_path`, `field_id`, `field_param`, `field_display_name`, `mandatory_flag`, `default_order`, `status`, `creator_uid`, `create_time`) VALUES ('16', '999992', 'enterprise_customer', '10', '/1/10', '16', '{"fieldParamType": "text", "length": 32}', '企业邮箱', '1', '16', '2', '1', UTC_TIMESTAMP());
INSERT INTO `eh_var_field_scopes` (`id`, `namespace_id`, `module_name`, `group_id`, `group_path`, `field_id`, `field_param`, `field_display_name`, `mandatory_flag`, `default_order`, `status`, `creator_uid`, `create_time`) VALUES ('17', '999992', 'enterprise_customer', '11', '/1/11', '17', '{"fieldParamType": "text", "length": 32}', '企业网址', '1', '17', '2', '1', UTC_TIMESTAMP());
INSERT INTO `eh_var_field_scopes` (`id`, `namespace_id`, `module_name`, `group_id`, `group_path`, `field_id`, `field_param`, `field_display_name`, `mandatory_flag`, `default_order`, `status`, `creator_uid`, `create_time`) VALUES ('18', '999992', 'enterprise_customer', '11', '/1/11', '18', '{"fieldParamType": "text", "length": 32}', '注册地址', '1', '18', '2', '1', UTC_TIMESTAMP());
INSERT INTO `eh_var_field_scopes` (`id`, `namespace_id`, `module_name`, `group_id`, `group_path`, `field_id`, `field_param`, `field_display_name`, `mandatory_flag`, `default_order`, `status`, `creator_uid`, `create_time`) VALUES ('19', '999992', 'enterprise_customer', '11', '/1/11', '19', '{"fieldParamType": "text", "length": 32}', '经营地址', '1', '19', '2', '1', UTC_TIMESTAMP());
INSERT INTO `eh_var_field_scopes` (`id`, `namespace_id`, `module_name`, `group_id`, `group_path`, `field_id`, `field_param`, `field_display_name`, `mandatory_flag`, `default_order`, `status`, `creator_uid`, `create_time`) VALUES ('20', '999992', 'enterprise_customer', '11', '/1/11', '20', '{"fieldParamType": "text", "length": 32}', '法人代表', '1', '20', '2', '1', UTC_TIMESTAMP());
INSERT INTO `eh_var_field_scopes` (`id`, `namespace_id`, `module_name`, `group_id`, `group_path`, `field_id`, `field_param`, `field_display_name`, `mandatory_flag`, `default_order`, `status`, `creator_uid`, `create_time`) VALUES ('21', '999992', 'enterprise_customer', '11', '/1/11', '21', '{"fieldParamType": "text", "length": 32}', '注册资金(万元)', '1', '21', '2', '1', UTC_TIMESTAMP());
INSERT INTO `eh_var_field_scopes` (`id`, `namespace_id`, `module_name`, `group_id`, `group_path`, `field_id`, `field_param`, `field_display_name`, `mandatory_flag`, `default_order`, `status`, `creator_uid`, `create_time`) VALUES ('22', '999992', 'enterprise_customer', '11', '/1/11', '22', '{"fieldParamType": "select", "length": 32}', '企业性质', '1', '22', '2', '1', UTC_TIMESTAMP());
INSERT INTO `eh_var_field_scopes` (`id`, `namespace_id`, `module_name`, `group_id`, `group_path`, `field_id`, `field_param`, `field_display_name`, `mandatory_flag`, `default_order`, `status`, `creator_uid`, `create_time`) VALUES ('23', '999992', 'enterprise_customer', '11', '/1/11', '23', '{"fieldParamType": "text", "length": 32}', '企业规模', '1', '23', '2', '1', UTC_TIMESTAMP());
INSERT INTO `eh_var_field_scopes` (`id`, `namespace_id`, `module_name`, `group_id`, `group_path`, `field_id`, `field_param`, `field_display_name`, `mandatory_flag`, `default_order`, `status`, `creator_uid`, `create_time`) VALUES ('24', '999992', 'enterprise_customer', '11', '/1/11', '24', '{"fieldParamType": "select", "length": 32}', '行业类型', '1', '24', '2', '1', UTC_TIMESTAMP());
INSERT INTO `eh_var_field_scopes` (`id`, `namespace_id`, `module_name`, `group_id`, `group_path`, `field_id`, `field_param`, `field_display_name`, `mandatory_flag`, `default_order`, `status`, `creator_uid`, `create_time`) VALUES ('25', '999992', 'enterprise_customer', '11', '/1/11', '25', '{"fieldParamType": "select", "length": 32}', '企业定位', '1', '25', '2', '1', UTC_TIMESTAMP());
INSERT INTO `eh_var_field_scopes` (`id`, `namespace_id`, `module_name`, `group_id`, `group_path`, `field_id`, `field_param`, `field_display_name`, `mandatory_flag`, `default_order`, `status`, `creator_uid`, `create_time`) VALUES ('26', '999992', 'enterprise_customer', '11', '/1/11', '26', '{"fieldParamType": "text", "length": 32}', '年营业额(万元)', '1', '26', '2', '1', UTC_TIMESTAMP());
INSERT INTO `eh_var_field_scopes` (`id`, `namespace_id`, `module_name`, `group_id`, `group_path`, `field_id`, `field_param`, `field_display_name`, `mandatory_flag`, `default_order`, `status`, `creator_uid`, `create_time`) VALUES ('27', '999992', 'enterprise_customer', '11', '/1/11', '27', '{"fieldParamType": "text", "length": 32}', '营业范围', '1', '27', '2', '1', UTC_TIMESTAMP());
INSERT INTO `eh_var_field_scopes` (`id`, `namespace_id`, `module_name`, `group_id`, `group_path`, `field_id`, `field_param`, `field_display_name`, `mandatory_flag`, `default_order`, `status`, `creator_uid`, `create_time`) VALUES ('28', '999992', 'enterprise_customer', '11', '/1/11', '28', '{"fieldParamType": "text", "length": 32}', '营业执照号', '1', '28', '2', '1', UTC_TIMESTAMP());
INSERT INTO `eh_var_field_scopes` (`id`, `namespace_id`, `module_name`, `group_id`, `group_path`, `field_id`, `field_param`, `field_display_name`, `mandatory_flag`, `default_order`, `status`, `creator_uid`, `create_time`) VALUES ('30', '999992', 'enterprise_customer', '11', '/1/11', '30', '{"fieldParamType": "text", "length": 32}', '门牌号', '1', '29', '2', '1', UTC_TIMESTAMP());
INSERT INTO `eh_var_field_scopes` (`id`, `namespace_id`, `module_name`, `group_id`, `group_path`, `field_id`, `field_param`, `field_display_name`, `mandatory_flag`, `default_order`, `status`, `creator_uid`, `create_time`) VALUES ('31', '999992', 'enterprise_customer', '11', '/1/11', '31', '{"fieldParamType": "text", "length": 32}', '场地面积', '1', '30', '2', '1', UTC_TIMESTAMP());
INSERT INTO `eh_var_field_scopes` (`id`, `namespace_id`, `module_name`, `group_id`, `group_path`, `field_id`, `field_param`, `field_display_name`, `mandatory_flag`, `default_order`, `status`, `creator_uid`, `create_time`) VALUES ('32', '999992', 'enterprise_customer', '11', '/1/11', '32', '{"fieldParamType": "datetime", "length": 32}', '入住园区日期', '1', '31', '2', '1', UTC_TIMESTAMP());
INSERT INTO `eh_var_field_scopes` (`id`, `namespace_id`, `module_name`, `group_id`, `group_path`, `field_id`, `field_param`, `field_display_name`, `mandatory_flag`, `default_order`, `status`, `creator_uid`, `create_time`) VALUES ('33', '999992', 'enterprise_customer', '11', '/1/11', '33', '{"fieldParamType": "select", "length": 32}', '产品类型', '1', '32', '2', '1', UTC_TIMESTAMP());
INSERT INTO `eh_var_field_scopes` (`id`, `namespace_id`, `module_name`, `group_id`, `group_path`, `field_id`, `field_param`, `field_display_name`, `mandatory_flag`, `default_order`, `status`, `creator_uid`, `create_time`) VALUES ('34', '999992', 'enterprise_customer', '11', '/1/11', '34', '{"fieldParamType": "text", "length": 32}', '主要技术及产品', '1', '33', '2', '1', UTC_TIMESTAMP());
INSERT INTO `eh_var_field_scopes` (`id`, `namespace_id`, `module_name`, `group_id`, `group_path`, `field_id`, `field_param`, `field_display_name`, `mandatory_flag`, `default_order`, `status`, `creator_uid`, `create_time`) VALUES ('35', '999992', 'enterprise_customer', '11', '/1/11', '35', '{"fieldParamType": "select", "length": 32}', '企业资质认证', '1', '34', '2', '1', UTC_TIMESTAMP());
INSERT INTO `eh_var_field_scopes` (`id`, `namespace_id`, `module_name`, `group_id`, `group_path`, `field_id`, `field_param`, `field_display_name`, `mandatory_flag`, `default_order`, `status`, `creator_uid`, `create_time`) VALUES ('36', '999992', 'enterprise_customer', '11', '/1/11', '36', '{"fieldParamType": "image", "length": 1}', '企业LOGO', '1', '35', '2', '1', UTC_TIMESTAMP());
INSERT INTO `eh_var_field_scopes` (`id`, `namespace_id`, `module_name`, `group_id`, `group_path`, `field_id`, `field_param`, `field_display_name`, `mandatory_flag`, `default_order`, `status`, `creator_uid`, `create_time`) VALUES ('37', '999992', 'enterprise_customer', '11', '/1/11', '37', '{"fieldParamType": "text", "length": 320}', '企业简介', '1', '36', '2', '1', UTC_TIMESTAMP());
INSERT INTO `eh_var_field_scopes` (`id`, `namespace_id`, `module_name`, `group_id`, `group_path`, `field_id`, `field_param`, `field_display_name`, `mandatory_flag`, `default_order`, `status`, `creator_uid`, `create_time`) VALUES ('38', '999992', 'enterprise_customer', '12', '/1/12', '38', '{"fieldParamType": "text", "length": 32}', '员工总数', '1', '37', '2', '1', UTC_TIMESTAMP());
INSERT INTO `eh_var_field_scopes` (`id`, `namespace_id`, `module_name`, `group_id`, `group_path`, `field_id`, `field_param`, `field_display_name`, `mandatory_flag`, `default_order`, `status`, `creator_uid`, `create_time`) VALUES ('39', '999992', 'enterprise_customer', '12', '/1/12', '39', '{"fieldParamType": "text", "length": 32}', '员工平均年龄', '1', '39', '2', '1', UTC_TIMESTAMP());
INSERT INTO `eh_var_field_scopes` (`id`, `namespace_id`, `module_name`, `group_id`, `group_path`, `field_id`, `field_param`, `field_display_name`, `mandatory_flag`, `default_order`, `status`, `creator_uid`, `create_time`) VALUES ('40', '999992', 'enterprise_customer', '12', '/1/12', '40', '{"fieldParamType": "text", "length": 32}', '高管平均年龄', '1', '40', '2', '1', UTC_TIMESTAMP());
INSERT INTO `eh_var_field_scopes` (`id`, `namespace_id`, `module_name`, `group_id`, `group_path`, `field_id`, `field_param`, `field_display_name`, `mandatory_flag`, `default_order`, `status`, `creator_uid`, `create_time`) VALUES ('41', '999992', 'enterprise_customer', '12', '/1/12', '41', '{"fieldParamType": "text", "length": 32}', '女性员工总数', '1', '41', '2', '1', UTC_TIMESTAMP());
INSERT INTO `eh_var_field_scopes` (`id`, `namespace_id`, `module_name`, `group_id`, `group_path`, `field_id`, `field_param`, `field_display_name`, `mandatory_flag`, `default_order`, `status`, `creator_uid`, `create_time`) VALUES ('42', '999992', 'enterprise_customer', '12', '/1/12', '42', '{"fieldParamType": "text", "length": 32}', '男性员工总数', '1', '42', '2', '1', UTC_TIMESTAMP());
INSERT INTO `eh_var_field_scopes` (`id`, `namespace_id`, `module_name`, `group_id`, `group_path`, `field_id`, `field_param`, `field_display_name`, `mandatory_flag`, `default_order`, `status`, `creator_uid`, `create_time`) VALUES ('43', '999992', 'enterprise_customer', '12', '/1/12', '43', '{"fieldParamType": "text", "length": 32}', '研发员工总数', '1', '43', '2', '1', UTC_TIMESTAMP());
INSERT INTO `eh_var_field_scopes` (`id`, `namespace_id`, `module_name`, `group_id`, `group_path`, `field_id`, `field_param`, `field_display_name`, `mandatory_flag`, `default_order`, `status`, `creator_uid`, `create_time`) VALUES ('44', '999992', 'enterprise_customer', '12', '/1/12', '44', '{"fieldParamType": "text", "length": 32}', '海归人数占比', '1', '44', '2', '1', UTC_TIMESTAMP());
INSERT INTO `eh_var_field_scopes` (`id`, `namespace_id`, `module_name`, `group_id`, `group_path`, `field_id`, `field_param`, `field_display_name`, `mandatory_flag`, `default_order`, `status`, `creator_uid`, `create_time`) VALUES ('45', '999992', 'enterprise_customer', '12', '/1/12', '45', '{"fieldParamType": "text", "length": 32}', '总经理', '1', '45', '2', '1', UTC_TIMESTAMP());
INSERT INTO `eh_var_field_scopes` (`id`, `namespace_id`, `module_name`, `group_id`, `group_path`, `field_id`, `field_param`, `field_display_name`, `mandatory_flag`, `default_order`, `status`, `creator_uid`, `create_time`) VALUES ('46', '999992', 'enterprise_customer', '12', '/1/12', '46', '{"fieldParamType": "text", "length": 32}', '总经理电话', '1', '46', '2', '1', UTC_TIMESTAMP());
INSERT INTO `eh_var_field_scopes` (`id`, `namespace_id`, `module_name`, `group_id`, `group_path`, `field_id`, `field_param`, `field_display_name`, `mandatory_flag`, `default_order`, `status`, `creator_uid`, `create_time`) VALUES ('47', '999992', 'enterprise_customer', '12', '/1/12', '47', '{"fieldParamType": "text", "length": 32}', '总经理邮箱', '1', '47', '2', '1', UTC_TIMESTAMP());
INSERT INTO `eh_var_field_scopes` (`id`, `namespace_id`, `module_name`, `group_id`, `group_path`, `field_id`, `field_param`, `field_display_name`, `mandatory_flag`, `default_order`, `status`, `creator_uid`, `create_time`) VALUES ('48', '999992', 'enterprise_customer', '12', '/1/12', '48', '{"fieldParamType": "text", "length": 32}', '备注', '1', '48', '2', '1', UTC_TIMESTAMP());
                                                  
INSERT INTO `eh_var_field_items` (`id`, `module_name`, `field_id`, `display_name`, `default_order`, `status`, `creator_uid`, `create_time`) VALUES ('1', 'enterprise_customer', '4', '业主', '1', '2', '1', UTC_TIMESTAMP());
INSERT INTO `eh_var_field_items` (`id`, `module_name`, `field_id`, `display_name`, `default_order`, `status`, `creator_uid`, `create_time`) VALUES ('2', 'enterprise_customer', '4', '租户', '2', '2', '1', UTC_TIMESTAMP());
INSERT INTO `eh_var_field_items` (`id`, `module_name`, `field_id`, `display_name`, `default_order`, `status`, `creator_uid`, `create_time`) VALUES ('3', 'enterprise_customer', '5', '普通客户', '3', '2', '1', UTC_TIMESTAMP());
INSERT INTO `eh_var_field_items` (`id`, `module_name`, `field_id`, `display_name`, `default_order`, `status`, `creator_uid`, `create_time`) VALUES ('4', 'enterprise_customer', '5', '重要客户', '4', '2', '1', UTC_TIMESTAMP());
INSERT INTO `eh_var_field_items` (`id`, `module_name`, `field_id`, `display_name`, `default_order`, `status`, `creator_uid`, `create_time`) VALUES ('5', 'enterprise_customer', '5', '意向客户', '5', '2', '1', UTC_TIMESTAMP());
INSERT INTO `eh_var_field_items` (`id`, `module_name`, `field_id`, `display_name`, `default_order`, `status`, `creator_uid`, `create_time`) VALUES ('6', 'enterprise_customer', '5', '已成交客户', '6', '2', '1', UTC_TIMESTAMP());
INSERT INTO `eh_var_field_items` (`id`, `module_name`, `field_id`, `display_name`, `default_order`, `status`, `creator_uid`, `create_time`) VALUES ('7', 'enterprise_customer', '5', '其他', '2', '7', '1', UTC_TIMESTAMP());
INSERT INTO `eh_var_field_items` (`id`, `module_name`, `field_id`, `display_name`, `default_order`, `status`, `creator_uid`, `create_time`) VALUES ('8', 'enterprise_customer', '6', '来源', '2', '8', '1', UTC_TIMESTAMP());
INSERT INTO `eh_var_field_items` (`id`, `module_name`, `field_id`, `display_name`, `default_order`, `status`, `creator_uid`, `create_time`) VALUES ('9', 'enterprise_customer', '8', '男', '2', '9', '1', UTC_TIMESTAMP());
INSERT INTO `eh_var_field_items` (`id`, `module_name`, `field_id`, `display_name`, `default_order`, `status`, `creator_uid`, `create_time`) VALUES ('10', 'enterprise_customer', '8', '女', '2', '10', '1', UTC_TIMESTAMP());
INSERT INTO `eh_var_field_items` (`id`, `module_name`, `field_id`, `display_name`, `default_order`, `status`, `creator_uid`, `create_time`) VALUES ('11', 'enterprise_customer', '22', '国企', '2', '11', '1', UTC_TIMESTAMP());
INSERT INTO `eh_var_field_items` (`id`, `module_name`, `field_id`, `display_name`, `default_order`, `status`, `creator_uid`, `create_time`) VALUES ('12', 'enterprise_customer', '22', '外企', '2', '12', '1', UTC_TIMESTAMP());
INSERT INTO `eh_var_field_items` (`id`, `module_name`, `field_id`, `display_name`, `default_order`, `status`, `creator_uid`, `create_time`) VALUES ('13', 'enterprise_customer', '22', '港企', '2', '13', '1', UTC_TIMESTAMP());
INSERT INTO `eh_var_field_items` (`id`, `module_name`, `field_id`, `display_name`, `default_order`, `status`, `creator_uid`, `create_time`) VALUES ('14', 'enterprise_customer', '22', '合资', '2', '14', '1', UTC_TIMESTAMP());
INSERT INTO `eh_var_field_items` (`id`, `module_name`, `field_id`, `display_name`, `default_order`, `status`, `creator_uid`, `create_time`) VALUES ('15', 'enterprise_customer', '22', '民企', '2', '15', '1', UTC_TIMESTAMP());
INSERT INTO `eh_var_field_items` (`id`, `module_name`, `field_id`, `display_name`, `default_order`, `status`, `creator_uid`, `create_time`) VALUES ('16', 'enterprise_customer', '22', '自然人', '2', '16', '1', UTC_TIMESTAMP());
INSERT INTO `eh_var_field_items` (`id`, `module_name`, `field_id`, `display_name`, `default_order`, `status`, `creator_uid`, `create_time`) VALUES ('17', 'enterprise_customer', '22', '其他', '2', '17', '1', UTC_TIMESTAMP());
INSERT INTO `eh_var_field_items` (`id`, `module_name`, `field_id`, `display_name`, `default_order`, `status`, `creator_uid`, `create_time`) VALUES ('18', 'enterprise_customer', '24', '科技类', '2', '18', '1', UTC_TIMESTAMP());
INSERT INTO `eh_var_field_items` (`id`, `module_name`, `field_id`, `display_name`, `default_order`, `status`, `creator_uid`, `create_time`) VALUES ('19', 'enterprise_customer', '24', '服务类', '2', '19', '1', UTC_TIMESTAMP());
INSERT INTO `eh_var_field_items` (`id`, `module_name`, `field_id`, `display_name`, `default_order`, `status`, `creator_uid`, `create_time`) VALUES ('20', 'enterprise_customer', '25', '企业定位', '2', '20', '1', UTC_TIMESTAMP());
INSERT INTO `eh_var_field_items` (`id`, `module_name`, `field_id`, `display_name`, `default_order`, `status`, `creator_uid`, `create_time`) VALUES ('21', 'enterprise_customer', '33', '产品类型', '2', '21', '1', UTC_TIMESTAMP());
INSERT INTO `eh_var_field_items` (`id`, `module_name`, `field_id`, `display_name`, `default_order`, `status`, `creator_uid`, `create_time`) VALUES ('22', 'enterprise_customer', '35', '高新技术企业', '2', '22', '1', UTC_TIMESTAMP());
INSERT INTO `eh_var_field_items` (`id`, `module_name`, `field_id`, `display_name`, `default_order`, `status`, `creator_uid`, `create_time`) VALUES ('23', 'enterprise_customer', '35', '软件企业', '2', '23', '1', UTC_TIMESTAMP());
                                                  
INSERT INTO `eh_var_field_item_scopes` (`id`, `namespace_id`, `module_name`, `field_id`, `item_id`, `item_display_name`, `default_order`, `status`, `creator_uid`, `create_time`) VALUES ('1', '999992', 'enterprise_customer', '4', '1', '业主', '1', '2', '1', UTC_TIMESTAMP());
INSERT INTO `eh_var_field_item_scopes` (`id`, `namespace_id`, `module_name`, `field_id`, `item_id`, `item_display_name`, `default_order`, `status`, `creator_uid`, `create_time`) VALUES ('2', '999992', 'enterprise_customer', '4', '2', '租户', '2', '2', '1', UTC_TIMESTAMP());
INSERT INTO `eh_var_field_item_scopes` (`id`, `namespace_id`, `module_name`, `field_id`, `item_id`, `item_display_name`, `default_order`, `status`, `creator_uid`, `create_time`) VALUES ('3', '999992', 'enterprise_customer', '5', '3', '普通客户', '3', '2', '1', UTC_TIMESTAMP());
INSERT INTO `eh_var_field_item_scopes` (`id`, `namespace_id`, `module_name`, `field_id`, `item_id`, `item_display_name`, `default_order`, `status`, `creator_uid`, `create_time`) VALUES ('4', '999992', 'enterprise_customer', '5', '4', '重要客户', '4', '2', '1', UTC_TIMESTAMP());
INSERT INTO `eh_var_field_item_scopes` (`id`, `namespace_id`, `module_name`, `field_id`, `item_id`, `item_display_name`, `default_order`, `status`, `creator_uid`, `create_time`) VALUES ('5', '999992', 'enterprise_customer', '5', '5', '意向客户', '5', '2', '1', UTC_TIMESTAMP());
INSERT INTO `eh_var_field_item_scopes` (`id`, `namespace_id`, `module_name`, `field_id`, `item_id`, `item_display_name`, `default_order`, `status`, `creator_uid`, `create_time`) VALUES ('6', '999992', 'enterprise_customer', '5', '6', '已成交客户', '6', '2', '1', UTC_TIMESTAMP());
INSERT INTO `eh_var_field_item_scopes` (`id`, `namespace_id`, `module_name`, `field_id`, `item_id`, `item_display_name`, `default_order`, `status`, `creator_uid`, `create_time`) VALUES ('7', '999992', 'enterprise_customer', '5', '7', '其他', '7', '2', '1', UTC_TIMESTAMP());
INSERT INTO `eh_var_field_item_scopes` (`id`, `namespace_id`, `module_name`, `field_id`, `item_id`, `item_display_name`, `default_order`, `status`, `creator_uid`, `create_time`) VALUES ('8', '999992', 'enterprise_customer', '6', '8', '来源', '8', '2', '1', UTC_TIMESTAMP());
INSERT INTO `eh_var_field_item_scopes` (`id`, `namespace_id`, `module_name`, `field_id`, `item_id`, `item_display_name`, `default_order`, `status`, `creator_uid`, `create_time`) VALUES ('9', '999992', 'enterprise_customer', '8', '9', '男', '9', '2', '1', UTC_TIMESTAMP());
INSERT INTO `eh_var_field_item_scopes` (`id`, `namespace_id`, `module_name`, `field_id`, `item_id`, `item_display_name`, `default_order`, `status`, `creator_uid`, `create_time`) VALUES ('10', '999992', 'enterprise_customer', '8', '10', '女', '10', '2', '1', UTC_TIMESTAMP());
INSERT INTO `eh_var_field_item_scopes` (`id`, `namespace_id`, `module_name`, `field_id`, `item_id`, `item_display_name`, `default_order`, `status`, `creator_uid`, `create_time`) VALUES ('11', '999992', 'enterprise_customer', '22', '11', '国企', '11', '2', '1', UTC_TIMESTAMP());
INSERT INTO `eh_var_field_item_scopes` (`id`, `namespace_id`, `module_name`, `field_id`, `item_id`, `item_display_name`, `default_order`, `status`, `creator_uid`, `create_time`) VALUES ('12', '999992', 'enterprise_customer', '22', '12', '外企', '12', '2', '1', UTC_TIMESTAMP());
INSERT INTO `eh_var_field_item_scopes` (`id`, `namespace_id`, `module_name`, `field_id`, `item_id`, `item_display_name`, `default_order`, `status`, `creator_uid`, `create_time`) VALUES ('13', '999992', 'enterprise_customer', '22', '13', '港企', '13', '2', '1', UTC_TIMESTAMP());
INSERT INTO `eh_var_field_item_scopes` (`id`, `namespace_id`, `module_name`, `field_id`, `item_id`, `item_display_name`, `default_order`, `status`, `creator_uid`, `create_time`) VALUES ('14', '999992', 'enterprise_customer', '22', '14', '合资', '14', '2', '1', UTC_TIMESTAMP());
INSERT INTO `eh_var_field_item_scopes` (`id`, `namespace_id`, `module_name`, `field_id`, `item_id`, `item_display_name`, `default_order`, `status`, `creator_uid`, `create_time`) VALUES ('15', '999992', 'enterprise_customer', '22', '15', '民企', '15', '2', '1', UTC_TIMESTAMP());
INSERT INTO `eh_var_field_item_scopes` (`id`, `namespace_id`, `module_name`, `field_id`, `item_id`, `item_display_name`, `default_order`, `status`, `creator_uid`, `create_time`) VALUES ('16', '999992', 'enterprise_customer', '22', '16', '自然人', '16', '2', '1', UTC_TIMESTAMP());
INSERT INTO `eh_var_field_item_scopes` (`id`, `namespace_id`, `module_name`, `field_id`, `item_id`, `item_display_name`, `default_order`, `status`, `creator_uid`, `create_time`) VALUES ('17', '999992', 'enterprise_customer', '22', '17', '其他', '17', '2', '1', UTC_TIMESTAMP());
INSERT INTO `eh_var_field_item_scopes` (`id`, `namespace_id`, `module_name`, `field_id`, `item_id`, `item_display_name`, `default_order`, `status`, `creator_uid`, `create_time`) VALUES ('18', '999992', 'enterprise_customer', '24', '18', '科技类', '18', '2', '1', UTC_TIMESTAMP());
INSERT INTO `eh_var_field_item_scopes` (`id`, `namespace_id`, `module_name`, `field_id`, `item_id`, `item_display_name`, `default_order`, `status`, `creator_uid`, `create_time`) VALUES ('19', '999992', 'enterprise_customer', '24', '19', '服务类', '19', '2', '1', UTC_TIMESTAMP());
INSERT INTO `eh_var_field_item_scopes` (`id`, `namespace_id`, `module_name`, `field_id`, `item_id`, `item_display_name`, `default_order`, `status`, `creator_uid`, `create_time`) VALUES ('20', '999992', 'enterprise_customer', '25', '20', '企业定位', '20', '2', '1', UTC_TIMESTAMP());
INSERT INTO `eh_var_field_item_scopes` (`id`, `namespace_id`, `module_name`, `field_id`, `item_id`, `item_display_name`, `default_order`, `status`, `creator_uid`, `create_time`) VALUES ('21', '999992', 'enterprise_customer', '33', '21', '产品类型', '21', '2', '1', UTC_TIMESTAMP());
INSERT INTO `eh_var_field_item_scopes` (`id`, `namespace_id`, `module_name`, `field_id`, `item_id`, `item_display_name`, `default_order`, `status`, `creator_uid`, `create_time`) VALUES ('22', '999992', 'enterprise_customer', '35', '22', '高新技术企业', '22', '2', '1', UTC_TIMESTAMP());
INSERT INTO `eh_var_field_item_scopes` (`id`, `namespace_id`, `module_name`, `field_id`, `item_id`, `item_display_name`, `default_order`, `status`, `creator_uid`, `create_time`) VALUES ('23', '999992', 'enterprise_customer', '35', '23', '软件企业', '23', '2', '1', UTC_TIMESTAMP());

-- 合同
INSERT INTO `eh_var_fields` (`id`, `module_name`, `name`, `display_name`, `field_type`, `group_id`, `group_path`, `mandatory_flag`, `default_order`, `status`, `creator_uid`, `create_time`) VALUES ('100', 'contract', 'contractNumber', '合同编号', 'String', '14', '/13/14', '0', NULL, '2', '1', UTC_TIMESTAMP());
INSERT INTO `eh_var_fields` (`id`, `module_name`, `name`, `display_name`, `field_type`, `group_id`, `group_path`, `mandatory_flag`, `default_order`, `status`, `creator_uid`, `create_time`) VALUES ('101', 'contract', 'contractName', '合同名称', 'String', '14', '/13/14', '0', NULL, '2', '1', UTC_TIMESTAMP());
INSERT INTO `eh_var_fields` (`id`, `module_name`, `name`, `display_name`, `field_type`, `group_id`, `group_path`, `mandatory_flag`, `default_order`, `status`, `creator_uid`, `create_time`) VALUES ('102', 'contract', 'customerId', '客户名称', 'Long', '14', '/13/14', '0', NULL, '2', '1', UTC_TIMESTAMP());
INSERT INTO `eh_var_fields` (`id`, `module_name`, `name`, `display_name`, `field_type`, `group_id`, `group_path`, `mandatory_flag`, `default_order`, `status`, `creator_uid`, `create_time`) VALUES ('103', 'contract', 'partyAId', '出租方', 'Long', '14', '/13/14', '0', NULL, '2', '1', UTC_TIMESTAMP());
INSERT INTO `eh_var_fields` (`id`, `module_name`, `name`, `display_name`, `field_type`, `group_id`, `group_path`, `mandatory_flag`, `default_order`, `status`, `creator_uid`, `create_time`) VALUES ('104', 'contract', 'contractType', '合同类型', 'Byte', '14', '/13/14', '0', NULL, '2', '1', UTC_TIMESTAMP());
INSERT INTO `eh_var_fields` (`id`, `module_name`, `name`, `display_name`, `field_type`, `group_id`, `group_path`, `mandatory_flag`, `default_order`, `status`, `creator_uid`, `create_time`) VALUES ('105', 'contract', 'categoryItemId', '合同属性', 'Long', '14', '/13/14', '0', NULL, '2', '1', UTC_TIMESTAMP());
INSERT INTO `eh_var_fields` (`id`, `module_name`, `name`, `display_name`, `field_type`, `group_id`, `group_path`, `mandatory_flag`, `default_order`, `status`, `creator_uid`, `create_time`) VALUES ('106', 'contract', 'parentId', '原合同', 'Long', '14', '/13/14', '0', NULL, '2', '1', UTC_TIMESTAMP());
INSERT INTO `eh_var_fields` (`id`, `module_name`, `name`, `display_name`, `field_type`, `group_id`, `group_path`, `mandatory_flag`, `default_order`, `status`, `creator_uid`, `create_time`) VALUES ('107', 'contract', 'rootParentId', '初始合同', 'Long', '14', '/13/14', '0', NULL, '2', '1', UTC_TIMESTAMP());
INSERT INTO `eh_var_fields` (`id`, `module_name`, `name`, `display_name`, `field_type`, `group_id`, `group_path`, `mandatory_flag`, `default_order`, `status`, `creator_uid`, `create_time`) VALUES ('108', 'contract', 'filingPlace', '归档地', 'Long', '14', '/13/14', '0', NULL, '2', '1', UTC_TIMESTAMP());
INSERT INTO `eh_var_fields` (`id`, `module_name`, `name`, `display_name`, `field_type`, `group_id`, `group_path`, `mandatory_flag`, `default_order`, `status`, `creator_uid`, `create_time`) VALUES ('109', 'contract', 'recordNumber', '备案号', 'Long', '14', '/13/14', '0', NULL, '2', '1', UTC_TIMESTAMP());
INSERT INTO `eh_var_fields` (`id`, `module_name`, `name`, `display_name`, `field_type`, `group_id`, `group_path`, `mandatory_flag`, `default_order`, `status`, `creator_uid`, `create_time`) VALUES ('110', 'contract', 'contractStartDate', '开始日期', 'Long', '14', '/13/14', '0', NULL, '2', '1', UTC_TIMESTAMP());
INSERT INTO `eh_var_fields` (`id`, `module_name`, `name`, `display_name`, `field_type`, `group_id`, `group_path`, `mandatory_flag`, `default_order`, `status`, `creator_uid`, `create_time`) VALUES ('111', 'contract', 'contractEndDate', '结束日期', 'Long', '14', '/13/14', '0', NULL, '2', '1', UTC_TIMESTAMP());
INSERT INTO `eh_var_fields` (`id`, `module_name`, `name`, `display_name`, `field_type`, `group_id`, `group_path`, `mandatory_flag`, `default_order`, `status`, `creator_uid`, `create_time`) VALUES ('112', 'contract', 'signedTime', '签约日期', 'Long', '14', '/13/14', '0', NULL, '2', '1', UTC_TIMESTAMP());
INSERT INTO `eh_var_fields` (`id`, `module_name`, `name`, `display_name`, `field_type`, `group_id`, `group_path`, `mandatory_flag`, `default_order`, `status`, `creator_uid`, `create_time`) VALUES ('113', 'contract', 'signedPurpose', '签约原因', 'Long', '14', '/13/14', '0', NULL, '2', '1', UTC_TIMESTAMP());
INSERT INTO `eh_var_fields` (`id`, `module_name`, `name`, `display_name`, `field_type`, `group_id`, `group_path`, `mandatory_flag`, `default_order`, `status`, `creator_uid`, `create_time`) VALUES ('114', 'contract', 'contractSituation', '合同情况', 'String', '14', '/13/14', '0', NULL, '2', '1', UTC_TIMESTAMP());
INSERT INTO `eh_var_fields` (`id`, `module_name`, `name`, `display_name`, `field_type`, `group_id`, `group_path`, `mandatory_flag`, `default_order`, `status`, `creator_uid`, `create_time`) VALUES ('115', 'contract', 'apartments', '合同资产', 'List<BuildingApartmentDTO>', '14', '/13/14', '0', NULL, '2', '1', UTC_TIMESTAMP());
INSERT INTO `eh_var_fields` (`id`, `module_name`, `name`, `display_name`, `field_type`, `group_id`, `group_path`, `mandatory_flag`, `default_order`, `status`, `creator_uid`, `create_time`) VALUES ('117', 'contract', 'rent', '租赁总额', 'BigDecimal', '15', '/13/15', '0', NULL, '2', '1', UTC_TIMESTAMP());
INSERT INTO `eh_var_fields` (`id`, `module_name`, `name`, `display_name`, `field_type`, `group_id`, `group_path`, `mandatory_flag`, `default_order`, `status`, `creator_uid`, `create_time`) VALUES ('118', 'contract', 'rentSize', '租赁总面积', 'Double', '15', '/13/15', '0', NULL, '2', '1', UTC_TIMESTAMP());
INSERT INTO `eh_var_fields` (`id`, `module_name`, `name`, `display_name`, `field_type`, `group_id`, `group_path`, `mandatory_flag`, `default_order`, `status`, `creator_uid`, `create_time`) VALUES ('119', 'contract', 'deposit', '定金', 'BigDecimal', '15', '/13/15', '0', NULL, '2', '1', UTC_TIMESTAMP());
INSERT INTO `eh_var_fields` (`id`, `module_name`, `name`, `display_name`, `field_type`, `group_id`, `group_path`, `mandatory_flag`, `default_order`, `status`, `creator_uid`, `create_time`) VALUES ('120', 'contract', 'depositTime', '定金最迟收取日期', 'Long', '15', '/13/15', '0', NULL, '2', '1', UTC_TIMESTAMP());
INSERT INTO `eh_var_fields` (`id`, `module_name`, `name`, `display_name`, `field_type`, `group_id`, `group_path`, `mandatory_flag`, `default_order`, `status`, `creator_uid`, `create_time`) VALUES ('121', 'contract', 'contractualPenalty', '违约金', 'BigDecimal', '15', '/13/15', '0', NULL, '2', '1', UTC_TIMESTAMP());
INSERT INTO `eh_var_fields` (`id`, `module_name`, `name`, `display_name`, `field_type`, `group_id`, `group_path`, `mandatory_flag`, `default_order`, `status`, `creator_uid`, `create_time`) VALUES ('122', 'contract', 'penaltyRemark', '违约说明', 'String', '15', '/13/15', '0', NULL, '2', '1', UTC_TIMESTAMP());
INSERT INTO `eh_var_fields` (`id`, `module_name`, `name`, `display_name`, `field_type`, `group_id`, `group_path`, `mandatory_flag`, `default_order`, `status`, `creator_uid`, `create_time`) VALUES ('123', 'contract', 'freeDays', '免租期', 'Integer', '15', '/13/15', '0', NULL, '2', '1', UTC_TIMESTAMP());
INSERT INTO `eh_var_fields` (`id`, `module_name`, `name`, `display_name`, `field_type`, `group_id`, `group_path`, `mandatory_flag`, `default_order`, `status`, `creator_uid`, `create_time`) VALUES ('124', 'contract', 'freeParkingSpace', '赠送车位数量', 'Integer', '15', '/13/15', '0', NULL, '2', '1', UTC_TIMESTAMP());
INSERT INTO `eh_var_fields` (`id`, `module_name`, `name`, `display_name`, `field_type`, `group_id`, `group_path`, `mandatory_flag`, `default_order`, `status`, `creator_uid`, `create_time`) VALUES ('125', 'contract', 'decorateBeginDate', '装修开始日期', 'Integer', '15', '/13/15', '0', NULL, '2', '1', UTC_TIMESTAMP());
INSERT INTO `eh_var_fields` (`id`, `module_name`, `name`, `display_name`, `field_type`, `group_id`, `group_path`, `mandatory_flag`, `default_order`, `status`, `creator_uid`, `create_time`) VALUES ('126', 'contract', 'decorateEndDate', '装修结束日期', 'Integer', '15', '/13/15', '0', NULL, '2', '1', UTC_TIMESTAMP());
INSERT INTO `eh_var_fields` (`id`, `module_name`, `name`, `display_name`, `field_type`, `group_id`, `group_path`, `mandatory_flag`, `default_order`, `status`, `creator_uid`, `create_time`) VALUES ('127', 'contract', 'downpayment', '首付总额', 'BigDecimal', '15', '/13/15', '0', NULL, '2', '1', UTC_TIMESTAMP());
INSERT INTO `eh_var_fields` (`id`, `module_name`, `name`, `display_name`, `field_type`, `group_id`, `group_path`, `mandatory_flag`, `default_order`, `status`, `creator_uid`, `create_time`) VALUES ('128', 'contract', 'downpaymentTime', '首付截止日期', 'Long', '15', '/13/15', '0', NULL, '2', '1', UTC_TIMESTAMP());
INSERT INTO `eh_var_fields` (`id`, `module_name`, `name`, `display_name`, `field_type`, `group_id`, `group_path`, `mandatory_flag`, `default_order`, `status`, `creator_uid`, `create_time`) VALUES ('129', 'contract', 'commission', '佣金', 'BigDecimal', '15', '/13/15', '0', NULL, '2', '1', UTC_TIMESTAMP());
INSERT INTO `eh_var_fields` (`id`, `module_name`, `name`, `display_name`, `field_type`, `group_id`, `group_path`, `mandatory_flag`, `default_order`, `status`, `creator_uid`, `create_time`) VALUES ('130', 'contract', 'paidType', '付款方式', 'String', '15', '/13/15', '0', NULL, '2', '1', UTC_TIMESTAMP());
INSERT INTO `eh_var_fields` (`id`, `module_name`, `name`, `display_name`, `field_type`, `group_id`, `group_path`, `mandatory_flag`, `default_order`, `status`, `creator_uid`, `create_time`) VALUES ('131', 'contract', 'status', '合同状态', 'Byte', '15', '/13/15', '0', NULL, '2', '1', UTC_TIMESTAMP());
INSERT INTO `eh_var_fields` (`id`, `module_name`, `name`, `display_name`, `field_type`, `group_id`, `group_path`, `mandatory_flag`, `default_order`, `status`, `creator_uid`, `create_time`) VALUES ('132', 'contract', 'createUid', '签约经办人', 'Long', '15', '/13/15', '0', NULL, '2', '1', UTC_TIMESTAMP());
INSERT INTO `eh_var_fields` (`id`, `module_name`, `name`, `display_name`, `field_type`, `group_id`, `group_path`, `mandatory_flag`, `default_order`, `status`, `creator_uid`, `create_time`) VALUES ('133', 'contract', 'invalidReason', '作废原因', 'String', '15', '/13/15', '0', NULL, '2', '1', UTC_TIMESTAMP());
INSERT INTO `eh_var_fields` (`id`, `module_name`, `name`, `display_name`, `field_type`, `group_id`, `group_path`, `mandatory_flag`, `default_order`, `status`, `creator_uid`, `create_time`) VALUES ('134', 'contract', 'denunciationReason', '退约原因', 'String', '15', '/13/15', '0', NULL, '2', '1', UTC_TIMESTAMP());
INSERT INTO `eh_var_fields` (`id`, `module_name`, `name`, `display_name`, `field_type`, `group_id`, `group_path`, `mandatory_flag`, `default_order`, `status`, `creator_uid`, `create_time`) VALUES ('135', 'contract', 'remark', '备注', 'String', '15', '/13/15', '0', NULL, '2', '1', UTC_TIMESTAMP());
INSERT INTO `eh_var_fields` (`id`, `module_name`, `name`, `display_name`, `field_type`, `group_id`, `group_path`, `mandatory_flag`, `default_order`, `status`, `creator_uid`, `create_time`) VALUES ('136', 'contract', 'attachments', '附件', 'List<ContractAttachmentDTO>', '15', '/13/15', '0', NULL, '2', '1', UTC_TIMESTAMP());
                                                                                                                                                                                                        
INSERT INTO `eh_var_field_scopes` (`id`, `namespace_id`, `module_name`, `group_id`, `group_path`, `field_id`, `field_param`, `field_display_name`, `mandatory_flag`, `default_order`, `status`, `creator_uid`, `create_time`) VALUES ('100', '999992', 'contract', '14', '/13/14', '100', '{"fieldParamType": "text", "length": 32}', '合同编号', '1', '100', '2', '1', UTC_TIMESTAMP());
INSERT INTO `eh_var_field_scopes` (`id`, `namespace_id`, `module_name`, `group_id`, `group_path`, `field_id`, `field_param`, `field_display_name`, `mandatory_flag`, `default_order`, `status`, `creator_uid`, `create_time`) VALUES ('101', '999992', 'contract', '14', '/13/14', '101', '{"fieldParamType": "text", "length": 32}', '合同名称', '1', '101', '2', '1', UTC_TIMESTAMP());
INSERT INTO `eh_var_field_scopes` (`id`, `namespace_id`, `module_name`, `group_id`, `group_path`, `field_id`, `field_param`, `field_display_name`, `mandatory_flag`, `default_order`, `status`, `creator_uid`, `create_time`) VALUES ('102', '999992', 'contract', '14', '/13/14', '102', '{"fieldParamType": "text", "length": 32}', '客户名称', '1', '102', '2', '1', UTC_TIMESTAMP());
INSERT INTO `eh_var_field_scopes` (`id`, `namespace_id`, `module_name`, `group_id`, `group_path`, `field_id`, `field_param`, `field_display_name`, `mandatory_flag`, `default_order`, `status`, `creator_uid`, `create_time`) VALUES ('103', '999992', 'contract', '14', '/13/14', '103', '{"fieldParamType": "text", "length": 32}', '出租方', '1', '103', '2', '1', UTC_TIMESTAMP());
INSERT INTO `eh_var_field_scopes` (`id`, `namespace_id`, `module_name`, `group_id`, `group_path`, `field_id`, `field_param`, `field_display_name`, `mandatory_flag`, `default_order`, `status`, `creator_uid`, `create_time`) VALUES ('104', '999992', 'contract', '14', '/13/14', '104', '{"fieldParamType": "select", "length": 32}', '合同类型', '1', '104', '2', '1', UTC_TIMESTAMP());
INSERT INTO `eh_var_field_scopes` (`id`, `namespace_id`, `module_name`, `group_id`, `group_path`, `field_id`, `field_param`, `field_display_name`, `mandatory_flag`, `default_order`, `status`, `creator_uid`, `create_time`) VALUES ('105', '999992', 'contract', '14', '/13/14', '105', '{"fieldParamType": "select", "length": 32}', '合同属性', '1', '105', '2', '1', UTC_TIMESTAMP());
INSERT INTO `eh_var_field_scopes` (`id`, `namespace_id`, `module_name`, `group_id`, `group_path`, `field_id`, `field_param`, `field_display_name`, `mandatory_flag`, `default_order`, `status`, `creator_uid`, `create_time`) VALUES ('106', '999992', 'contract', '14', '/13/14', '106', '{"fieldParamType": "text", "length": 32}', '原合同', '1', '106', '2', '1', UTC_TIMESTAMP());
INSERT INTO `eh_var_field_scopes` (`id`, `namespace_id`, `module_name`, `group_id`, `group_path`, `field_id`, `field_param`, `field_display_name`, `mandatory_flag`, `default_order`, `status`, `creator_uid`, `create_time`) VALUES ('107', '999992', 'contract', '14', '/13/14', '107', '{"fieldParamType": "text", "length": 32}', '初始合同', '1', '107', '2', '1', UTC_TIMESTAMP());
INSERT INTO `eh_var_field_scopes` (`id`, `namespace_id`, `module_name`, `group_id`, `group_path`, `field_id`, `field_param`, `field_display_name`, `mandatory_flag`, `default_order`, `status`, `creator_uid`, `create_time`) VALUES ('108', '999992', 'contract', '14', '/13/14', '108', '{"fieldParamType": "text", "length": 32}', '归档地', '1', '108', '2', '1', UTC_TIMESTAMP());
INSERT INTO `eh_var_field_scopes` (`id`, `namespace_id`, `module_name`, `group_id`, `group_path`, `field_id`, `field_param`, `field_display_name`, `mandatory_flag`, `default_order`, `status`, `creator_uid`, `create_time`) VALUES ('109', '999992', 'contract', '14', '/13/14', '109', '{"fieldParamType": "text", "length": 32}', '备案号', '1', '109', '2', '1', UTC_TIMESTAMP());
INSERT INTO `eh_var_field_scopes` (`id`, `namespace_id`, `module_name`, `group_id`, `group_path`, `field_id`, `field_param`, `field_display_name`, `mandatory_flag`, `default_order`, `status`, `creator_uid`, `create_time`) VALUES ('110', '999992', 'contract', '14', '/13/14', '110', '{"fieldParamType": "datetime", "length": 32}', '开始日期', '1', '110', '2', '1', UTC_TIMESTAMP());
INSERT INTO `eh_var_field_scopes` (`id`, `namespace_id`, `module_name`, `group_id`, `group_path`, `field_id`, `field_param`, `field_display_name`, `mandatory_flag`, `default_order`, `status`, `creator_uid`, `create_time`) VALUES ('111', '999992', 'contract', '14', '/13/14', '111', '{"fieldParamType": "datetime", "length": 32}', '结束日期', '1', '111', '2', '1', UTC_TIMESTAMP());
INSERT INTO `eh_var_field_scopes` (`id`, `namespace_id`, `module_name`, `group_id`, `group_path`, `field_id`, `field_param`, `field_display_name`, `mandatory_flag`, `default_order`, `status`, `creator_uid`, `create_time`) VALUES ('112', '999992', 'contract', '14', '/13/14', '112', '{"fieldParamType": "datetime", "length": 32}', '签约日期', '1', '112', '2', '1', UTC_TIMESTAMP());
INSERT INTO `eh_var_field_scopes` (`id`, `namespace_id`, `module_name`, `group_id`, `group_path`, `field_id`, `field_param`, `field_display_name`, `mandatory_flag`, `default_order`, `status`, `creator_uid`, `create_time`) VALUES ('113', '999992', 'contract', '14', '/13/14', '113', '{"fieldParamType": "text", "length": 32}', '签约原因', '1', '113', '2', '1', UTC_TIMESTAMP());
INSERT INTO `eh_var_field_scopes` (`id`, `namespace_id`, `module_name`, `group_id`, `group_path`, `field_id`, `field_param`, `field_display_name`, `mandatory_flag`, `default_order`, `status`, `creator_uid`, `create_time`) VALUES ('114', '999992', 'contract', '14', '/13/14', '114', '{"fieldParamType": "multiText", "length": 2048}', '合同情况', '1', '114', '2', '1', UTC_TIMESTAMP());
INSERT INTO `eh_var_field_scopes` (`id`, `namespace_id`, `module_name`, `group_id`, `group_path`, `field_id`, `field_param`, `field_display_name`, `mandatory_flag`, `default_order`, `status`, `creator_uid`, `create_time`) VALUES ('115', '999992', 'contract', '14', '/13/14', '115', '{"fieldParamType": "text", "length": 32}', '合同资产', '1', '115', '2', '1', UTC_TIMESTAMP());
INSERT INTO `eh_var_field_scopes` (`id`, `namespace_id`, `module_name`, `group_id`, `group_path`, `field_id`, `field_param`, `field_display_name`, `mandatory_flag`, `default_order`, `status`, `creator_uid`, `create_time`) VALUES ('117', '999992', 'contract', '15', '/13/15', '117', '{"fieldParamType": "text", "length": 32}', '租赁总额', '1', '117', '2', '1', UTC_TIMESTAMP());
INSERT INTO `eh_var_field_scopes` (`id`, `namespace_id`, `module_name`, `group_id`, `group_path`, `field_id`, `field_param`, `field_display_name`, `mandatory_flag`, `default_order`, `status`, `creator_uid`, `create_time`) VALUES ('118', '999992', 'contract', '15', '/13/15', '118', '{"fieldParamType": "text", "length": 32}', '租赁总面积', '1', '118', '2', '1', UTC_TIMESTAMP());
INSERT INTO `eh_var_field_scopes` (`id`, `namespace_id`, `module_name`, `group_id`, `group_path`, `field_id`, `field_param`, `field_display_name`, `mandatory_flag`, `default_order`, `status`, `creator_uid`, `create_time`) VALUES ('119', '999992', 'contract', '15', '/13/15', '119', '{"fieldParamType": "text", "length": 32}', '定金', '1', '119', '2', '1', UTC_TIMESTAMP());
INSERT INTO `eh_var_field_scopes` (`id`, `namespace_id`, `module_name`, `group_id`, `group_path`, `field_id`, `field_param`, `field_display_name`, `mandatory_flag`, `default_order`, `status`, `creator_uid`, `create_time`) VALUES ('120', '999992', 'contract', '15', '/13/15', '120', '{"fieldParamType": "datetime", "length": 32}', '定金最迟收取日期', '1', '120', '2', '1', UTC_TIMESTAMP());
INSERT INTO `eh_var_field_scopes` (`id`, `namespace_id`, `module_name`, `group_id`, `group_path`, `field_id`, `field_param`, `field_display_name`, `mandatory_flag`, `default_order`, `status`, `creator_uid`, `create_time`) VALUES ('121', '999992', 'contract', '15', '/13/15', '121', '{"fieldParamType": "text", "length": 32}', '违约金', '1', '121', '2', '1', UTC_TIMESTAMP());
INSERT INTO `eh_var_field_scopes` (`id`, `namespace_id`, `module_name`, `group_id`, `group_path`, `field_id`, `field_param`, `field_display_name`, `mandatory_flag`, `default_order`, `status`, `creator_uid`, `create_time`) VALUES ('122', '999992', 'contract', '15', '/13/15', '122', '{"fieldParamType": "text", "length": 64}', '违约说明', '1', '122', '2', '1', UTC_TIMESTAMP());
INSERT INTO `eh_var_field_scopes` (`id`, `namespace_id`, `module_name`, `group_id`, `group_path`, `field_id`, `field_param`, `field_display_name`, `mandatory_flag`, `default_order`, `status`, `creator_uid`, `create_time`) VALUES ('123', '999992', 'contract', '15', '/13/15', '123', '{"fieldParamType": "text", "length": 32}', '免租期', '1', '123', '2', '1', UTC_TIMESTAMP());
INSERT INTO `eh_var_field_scopes` (`id`, `namespace_id`, `module_name`, `group_id`, `group_path`, `field_id`, `field_param`, `field_display_name`, `mandatory_flag`, `default_order`, `status`, `creator_uid`, `create_time`) VALUES ('124', '999992', 'contract', '15', '/13/15', '124', '{"fieldParamType": "text", "length": 32}', '赠送车位数量', '1', '124', '2', '1', UTC_TIMESTAMP());
INSERT INTO `eh_var_field_scopes` (`id`, `namespace_id`, `module_name`, `group_id`, `group_path`, `field_id`, `field_param`, `field_display_name`, `mandatory_flag`, `default_order`, `status`, `creator_uid`, `create_time`) VALUES ('125', '999992', 'contract', '15', '/13/15', '125', '{"fieldParamType": "datetime", "length": 32}', '装修开始日期', '1', '125', '2', '1', UTC_TIMESTAMP());
INSERT INTO `eh_var_field_scopes` (`id`, `namespace_id`, `module_name`, `group_id`, `group_path`, `field_id`, `field_param`, `field_display_name`, `mandatory_flag`, `default_order`, `status`, `creator_uid`, `create_time`) VALUES ('126', '999992', 'contract', '15', '/13/15', '126', '{"fieldParamType": "datetime", "length": 32}', '装修结束日期', '1', '126', '2', '1', UTC_TIMESTAMP());
INSERT INTO `eh_var_field_scopes` (`id`, `namespace_id`, `module_name`, `group_id`, `group_path`, `field_id`, `field_param`, `field_display_name`, `mandatory_flag`, `default_order`, `status`, `creator_uid`, `create_time`) VALUES ('127', '999992', 'contract', '15', '/13/15', '127', '{"fieldParamType": "text", "length": 32}', '首付总额', '1', '127', '2', '1', UTC_TIMESTAMP());
INSERT INTO `eh_var_field_scopes` (`id`, `namespace_id`, `module_name`, `group_id`, `group_path`, `field_id`, `field_param`, `field_display_name`, `mandatory_flag`, `default_order`, `status`, `creator_uid`, `create_time`) VALUES ('128', '999992', 'contract', '15', '/13/15', '128', '{"fieldParamType": "datetime", "length": 32}', '首付截止日期', '1', '128', '2', '1', UTC_TIMESTAMP());
INSERT INTO `eh_var_field_scopes` (`id`, `namespace_id`, `module_name`, `group_id`, `group_path`, `field_id`, `field_param`, `field_display_name`, `mandatory_flag`, `default_order`, `status`, `creator_uid`, `create_time`) VALUES ('129', '999992', 'contract', '15', '/13/15', '129', '{"fieldParamType": "text", "length": 32}', '佣金', '1', '129', '2', '1', UTC_TIMESTAMP());
INSERT INTO `eh_var_field_scopes` (`id`, `namespace_id`, `module_name`, `group_id`, `group_path`, `field_id`, `field_param`, `field_display_name`, `mandatory_flag`, `default_order`, `status`, `creator_uid`, `create_time`) VALUES ('130', '999992', 'contract', '15', '/13/15', '130', '{"fieldParamType": "text", "length": 32}', '付款方式', '1', '130', '2', '1', UTC_TIMESTAMP());
INSERT INTO `eh_var_field_scopes` (`id`, `namespace_id`, `module_name`, `group_id`, `group_path`, `field_id`, `field_param`, `field_display_name`, `mandatory_flag`, `default_order`, `status`, `creator_uid`, `create_time`) VALUES ('131', '999992', 'contract', '15', '/13/15', '131', '{"fieldParamType": "text", "length": 32}', '合同状态', '1', '131', '2', '1', UTC_TIMESTAMP());
INSERT INTO `eh_var_field_scopes` (`id`, `namespace_id`, `module_name`, `group_id`, `group_path`, `field_id`, `field_param`, `field_display_name`, `mandatory_flag`, `default_order`, `status`, `creator_uid`, `create_time`) VALUES ('132', '999992', 'contract', '15', '/13/15', '132', '{"fieldParamType": "text", "length": 32}', '签约经办人', '1', '132', '2', '1', UTC_TIMESTAMP());
INSERT INTO `eh_var_field_scopes` (`id`, `namespace_id`, `module_name`, `group_id`, `group_path`, `field_id`, `field_param`, `field_display_name`, `mandatory_flag`, `default_order`, `status`, `creator_uid`, `create_time`) VALUES ('133', '999992', 'contract', '15', '/13/15', '133', '{"fieldParamType": "text", "length": 64}', '作废原因', '1', '133', '2', '1', UTC_TIMESTAMP());
INSERT INTO `eh_var_field_scopes` (`id`, `namespace_id`, `module_name`, `group_id`, `group_path`, `field_id`, `field_param`, `field_display_name`, `mandatory_flag`, `default_order`, `status`, `creator_uid`, `create_time`) VALUES ('134', '999992', 'contract', '15', '/13/15', '134', '{"fieldParamType": "text", "length": 64}', '退约原因', '1', '134', '2', '1', UTC_TIMESTAMP());
INSERT INTO `eh_var_field_scopes` (`id`, `namespace_id`, `module_name`, `group_id`, `group_path`, `field_id`, `field_param`, `field_display_name`, `mandatory_flag`, `default_order`, `status`, `creator_uid`, `create_time`) VALUES ('135', '999992', 'contract', '15', '/13/15', '135', '{"fieldParamType": "multiText", "length": 2048}', '备注', '1', '135', '2', '1', UTC_TIMESTAMP());
INSERT INTO `eh_var_field_scopes` (`id`, `namespace_id`, `module_name`, `group_id`, `group_path`, `field_id`, `field_param`, `field_display_name`, `mandatory_flag`, `default_order`, `status`, `creator_uid`, `create_time`) VALUES ('136', '999992', 'contract', '15', '/13/15', '136', '{"fieldParamType": "file", "length": 9}', '附件', '1', '136', '2', '1', UTC_TIMESTAMP());

INSERT INTO `eh_var_field_items` (`id`, `module_name`, `field_id`, `display_name`, `default_order`, `status`, `creator_uid`, `create_time`) VALUES ('25', 'contract', '104', '新签合同', '1', '2', '1', UTC_TIMESTAMP());
INSERT INTO `eh_var_field_items` (`id`, `module_name`, `field_id`, `display_name`, `default_order`, `status`, `creator_uid`, `create_time`) VALUES ('26', 'contract', '104', '续约合同', '2', '2', '1', UTC_TIMESTAMP());
INSERT INTO `eh_var_field_items` (`id`, `module_name`, `field_id`, `display_name`, `default_order`, `status`, `creator_uid`, `create_time`) VALUES ('27', 'contract', '104', '变更合同', '3', '2', '1', UTC_TIMESTAMP());
INSERT INTO `eh_var_field_items` (`id`, `module_name`, `field_id`, `display_name`, `default_order`, `status`, `creator_uid`, `create_time`) VALUES ('28', 'contract', '105', '资源租赁合同', '1', '2', '1', UTC_TIMESTAMP());
INSERT INTO `eh_var_field_items` (`id`, `module_name`, `field_id`, `display_name`, `default_order`, `status`, `creator_uid`, `create_time`) VALUES ('29', 'contract', '105', '物业服务合同', '2', '2', '1', UTC_TIMESTAMP());
INSERT INTO `eh_var_field_items` (`id`, `module_name`, `field_id`, `display_name`, `default_order`, `status`, `creator_uid`, `create_time`) VALUES ('30', 'contract', '105', '车位服务合同', '3', '2', '1', UTC_TIMESTAMP());
INSERT INTO `eh_var_field_item_scopes` (`id`, `namespace_id`, `module_name`, `field_id`, `item_id`, `item_display_name`, `default_order`, `status`, `creator_uid`, `create_time`) VALUES ('25', '999992', 'contract', '104', '25', '新签合同', '1', '2', '1', UTC_TIMESTAMP());
INSERT INTO `eh_var_field_item_scopes` (`id`, `namespace_id`, `module_name`, `field_id`, `item_id`, `item_display_name`, `default_order`, `status`, `creator_uid`, `create_time`) VALUES ('26', '999992', 'contract', '104', '26', '续约合同', '2', '2', '1', UTC_TIMESTAMP());
INSERT INTO `eh_var_field_item_scopes` (`id`, `namespace_id`, `module_name`, `field_id`, `item_id`, `item_display_name`, `default_order`, `status`, `creator_uid`, `create_time`) VALUES ('27', '999992', 'contract', '104', '27', '变更合同', '3', '2', '1', UTC_TIMESTAMP());
INSERT INTO `eh_var_field_item_scopes` (`id`, `namespace_id`, `module_name`, `field_id`, `item_id`, `item_display_name`, `default_order`, `status`, `creator_uid`, `create_time`) VALUES ('28', '999992', 'contract', '105', '28', '资源租赁合同', '1', '2', '1', UTC_TIMESTAMP());
INSERT INTO `eh_var_field_item_scopes` (`id`, `namespace_id`, `module_name`, `field_id`, `item_id`, `item_display_name`, `default_order`, `status`, `creator_uid`, `create_time`) VALUES ('29', '999992', 'contract', '105', '29', '物业服务合同', '2', '2', '1', UTC_TIMESTAMP());
INSERT INTO `eh_var_field_item_scopes` (`id`, `namespace_id`, `module_name`, `field_id`, `item_id`, `item_display_name`, `default_order`, `status`, `creator_uid`, `create_time`) VALUES ('30', '999992', 'contract', '105', '30', '车位服务合同', '3', '2', '1', UTC_TIMESTAMP());
                                                                                                                                                                                                       