-- --------------------- SECTION BEGIN -------------------------------------------------------
-- ENV: ruiancm
-- DESCRIPTION: 此SECTION只在瑞安新天地-999929执行的脚本
-- AUTHOR: 杨崇鑫
-- REMARK: 配置客户V4.1瑞安CM对接的访问地址
SET @id = ifnull((SELECT MAX(id) FROM `eh_configurations`),0);
INSERT INTO `eh_configurations`(`id`, `name`, `value`, `description`, `namespace_id`, `display_name`, `is_readonly`) 
	VALUES (@id := @id + 1, 'RuiAnCM.sync.url', 'http://10.50.12.39/cm/WebService/OfficeApp-CM/OfficeApp_CMService.asmx', '瑞安新天地对接的第三方地址', 0, NULL, 1);
INSERT INTO `eh_configurations`(`id`, `name`, `value`, `description`, `namespace_id`, `display_name`, `is_readonly`) 
	VALUES (@id:=@id+1, 'contractService', '999929', NULL, 999929, NULL, 1);
	
SET @id = ifnull((SELECT MAX(id) FROM `eh_asset_vendor`),0);
INSERT INTO `eh_asset_vendor`(`id`, `owner_type`, `owner_id`, `name`, `vendor_name`, `status`, `namespace_id`) 
	VALUES (@id:=@id+1, 'community', 999929, '瑞安CM对接', 'RUIANCM', 2, 999929);	
	
-- AUTHOR: 杨崇鑫
-- REMARK: 初始化瑞安CM对接的默认账单组
set @id = IFNULL((SELECT MAX(`id`) FROM `eh_payment_bill_groups`),0);
INSERT INTO `eh_payment_bill_groups`(`id`, `namespace_id`, `owner_id`, `owner_type`, `name`, `balance_date_type`, `bills_day`, `creator_uid`, `create_time`, `operator_uid`, `update_time`, `default_order`, `due_day`, `due_day_type`, `brother_group_id`, `bills_day_type`, `category_id`, `biz_payee_type`, `biz_payee_id`) 
VALUES (@id:=@id+1, 999929, 240111044332063578, 'community', '默认账单组', 2, 5, 67663, UTC_TIMESTAMP(), NULL, UTC_TIMESTAMP(), 1, 5, 1, NULL, 4, 3, NULL, NULL);

-- AUTHOR: 唐岑
-- REMARK: 创建新的园区
-- 添加园区
INSERT INTO `eh_communities` (`id`, `uuid`, `city_id`, `city_name`, `area_id`, `area_name`, `name`, `alias_name`, `address`, `zipcode`, `description`, `detail_description`, `apt_segment1`, `apt_segment2`, `apt_segment3`, `apt_seg1_sample`, `apt_seg2_sample`, `apt_seg3_sample`, `apt_count`, `creator_uid`, `operator_uid`, `status`, `create_time`, `delete_time`, `integral_tag1`, `integral_tag2`, `integral_tag3`, `integral_tag4`, `integral_tag5`, `string_tag1`, `string_tag2`, `string_tag3`, `string_tag4`, `string_tag5`, `community_type`, `default_forum_id`, `feedback_forum_id`, `update_time`, `namespace_id`, `area_size`, `shared_area`, `charge_area`, `build_area`, `rent_area`, `namespace_community_type`, `namespace_community_token`, `community_number`, `free_area`) VALUES ('240111044332063579', 'ca94e3a2-f36e-4033-9cbc-869881b643a4', '21977', '南京市', '21978', '玄武', 'Office', '299-Office', '南京市玄武区珠江路未来城', NULL, NULL, NULL, NULL, NULL, NULL, NULL, NULL, NULL, NULL, '1', NULL, '2', '2018-08-27 14:20:21', NULL, NULL, NULL, NULL, NULL, NULL, NULL, NULL, NULL, NULL, NULL, '1', '196430', '196431', NULL, '999929', NULL, NULL, NULL, NULL, NULL, 'ruian_cm', '416', NULL, NULL);
INSERT INTO `eh_communities` (`id`, `uuid`, `city_id`, `city_name`, `area_id`, `area_name`, `name`, `alias_name`, `address`, `zipcode`, `description`, `detail_description`, `apt_segment1`, `apt_segment2`, `apt_segment3`, `apt_seg1_sample`, `apt_seg2_sample`, `apt_seg3_sample`, `apt_count`, `creator_uid`, `operator_uid`, `status`, `create_time`, `delete_time`, `integral_tag1`, `integral_tag2`, `integral_tag3`, `integral_tag4`, `integral_tag5`, `string_tag1`, `string_tag2`, `string_tag3`, `string_tag4`, `string_tag5`, `community_type`, `default_forum_id`, `feedback_forum_id`, `update_time`, `namespace_id`, `area_size`, `shared_area`, `charge_area`, `build_area`, `rent_area`, `namespace_community_type`, `namespace_community_token`, `community_number`, `free_area`) VALUES ('240111044332063580', '8c5043ee-846f-4927-bb17-3ef65b999f0d', '21977', '南京市', '21978', '玄武', '441-1', '441-1', '南京市玄武区珠江路未来城', NULL, NULL, NULL, NULL, NULL, NULL, NULL, NULL, NULL, NULL, '1', NULL, '2', '2018-08-27 16:03:02', NULL, NULL, NULL, NULL, NULL, NULL, NULL, NULL, NULL, NULL, NULL, '1', '196430', '196431', NULL, '999929', NULL, NULL, NULL, NULL, NULL, 'ruian_cm', '668', NULL, NULL);
INSERT INTO `eh_communities` (`id`, `uuid`, `city_id`, `city_name`, `area_id`, `area_name`, `name`, `alias_name`, `address`, `zipcode`, `description`, `detail_description`, `apt_segment1`, `apt_segment2`, `apt_segment3`, `apt_seg1_sample`, `apt_seg2_sample`, `apt_seg3_sample`, `apt_count`, `creator_uid`, `operator_uid`, `status`, `create_time`, `delete_time`, `integral_tag1`, `integral_tag2`, `integral_tag3`, `integral_tag4`, `integral_tag5`, `string_tag1`, `string_tag2`, `string_tag3`, `string_tag4`, `string_tag5`, `community_type`, `default_forum_id`, `feedback_forum_id`, `update_time`, `namespace_id`, `area_size`, `shared_area`, `charge_area`, `build_area`, `rent_area`, `namespace_community_type`, `namespace_community_token`, `community_number`, `free_area`) VALUES ('240111044332063581', '43877d13-8995-46ed-9bcb-4f8a307c41f2', '21977', '南京市', '21978', '玄武', '442-1', '442-1', '南京市玄武区珠江路未来城', NULL, NULL, NULL, NULL, NULL, NULL, NULL, NULL, NULL, NULL, '1', NULL, '2', '2018-08-27 16:18:54', NULL, NULL, NULL, NULL, NULL, NULL, NULL, NULL, NULL, NULL, NULL, '1', '196430', '196431', NULL, '999929', NULL, NULL, NULL, NULL, NULL, 'ruian_cm', '669', NULL, NULL);
INSERT INTO `eh_communities` (`id`, `uuid`, `city_id`, `city_name`, `area_id`, `area_name`, `name`, `alias_name`, `address`, `zipcode`, `description`, `detail_description`, `apt_segment1`, `apt_segment2`, `apt_segment3`, `apt_seg1_sample`, `apt_seg2_sample`, `apt_seg3_sample`, `apt_count`, `creator_uid`, `operator_uid`, `status`, `create_time`, `delete_time`, `integral_tag1`, `integral_tag2`, `integral_tag3`, `integral_tag4`, `integral_tag5`, `string_tag1`, `string_tag2`, `string_tag3`, `string_tag4`, `string_tag5`, `community_type`, `default_forum_id`, `feedback_forum_id`, `update_time`, `namespace_id`, `area_size`, `shared_area`, `charge_area`, `build_area`, `rent_area`, `namespace_community_type`, `namespace_community_token`, `community_number`, `free_area`) VALUES ('240111044332063582', '6b61ab1c-efeb-4624-b160-543f2bb6363f', '21977', '南京市', '21978', '玄武', 'A栋副楼INNO Office', '443-A栋副楼INNO Office', '南京市玄武区珠江路未来城', NULL, NULL, NULL, NULL, NULL, NULL, NULL, NULL, NULL, NULL, '1', NULL, '2', '2018-08-27 16:29:51', NULL, NULL, NULL, NULL, NULL, NULL, NULL, NULL, NULL, NULL, NULL, '1', '196430', '196431', NULL, '999929', NULL, NULL, NULL, NULL, NULL, 'ruian_cm', '670', NULL, NULL);
INSERT INTO `eh_communities` (`id`, `uuid`, `city_id`, `city_name`, `area_id`, `area_name`, `name`, `alias_name`, `address`, `zipcode`, `description`, `detail_description`, `apt_segment1`, `apt_segment2`, `apt_segment3`, `apt_seg1_sample`, `apt_seg2_sample`, `apt_seg3_sample`, `apt_count`, `creator_uid`, `operator_uid`, `status`, `create_time`, `delete_time`, `integral_tag1`, `integral_tag2`, `integral_tag3`, `integral_tag4`, `integral_tag5`, `string_tag1`, `string_tag2`, `string_tag3`, `string_tag4`, `string_tag5`, `community_type`, `default_forum_id`, `feedback_forum_id`, `update_time`, `namespace_id`, `area_size`, `shared_area`, `charge_area`, `build_area`, `rent_area`, `namespace_community_type`, `namespace_community_token`, `community_number`, `free_area`) VALUES ('240111044332063583', '239e0eac-c818-41d7-887d-651a037acc09', '21977', '南京市', '21978', '玄武', 'INNO Work', '443-INNO Work', '南京市玄武区珠江路未来城', NULL, NULL, NULL, NULL, NULL, NULL, NULL, NULL, NULL, NULL, '1', NULL, '2', '2018-08-27 16:36:00', NULL, NULL, NULL, NULL, NULL, NULL, NULL, NULL, NULL, NULL, NULL, '1', '196430', '196431', NULL, '999929', NULL, NULL, NULL, NULL, NULL, 'ruian_cm', '672', NULL, NULL);
INSERT INTO `eh_communities` (`id`, `uuid`, `city_id`, `city_name`, `area_id`, `area_name`, `name`, `alias_name`, `address`, `zipcode`, `description`, `detail_description`, `apt_segment1`, `apt_segment2`, `apt_segment3`, `apt_seg1_sample`, `apt_seg2_sample`, `apt_seg3_sample`, `apt_count`, `creator_uid`, `operator_uid`, `status`, `create_time`, `delete_time`, `integral_tag1`, `integral_tag2`, `integral_tag3`, `integral_tag4`, `integral_tag5`, `string_tag1`, `string_tag2`, `string_tag3`, `string_tag4`, `string_tag5`, `community_type`, `default_forum_id`, `feedback_forum_id`, `update_time`, `namespace_id`, `area_size`, `shared_area`, `charge_area`, `build_area`, `rent_area`, `namespace_community_type`, `namespace_community_token`, `community_number`, `free_area`) VALUES ('240111044332063584', '88d29ccf-8cf4-4ff9-8dfc-896e8159af99', '21977', '南京市', '21978', '玄武', 'A栋主楼INNO Office', '443-A栋主楼INNO Office', '南京市玄武区珠江路未来城', NULL, NULL, NULL, NULL, NULL, NULL, NULL, NULL, NULL, NULL, '1', NULL, '2', '2018-08-27 16:38:27', NULL, NULL, NULL, NULL, NULL, NULL, NULL, NULL, NULL, NULL, NULL, '1', '196430', '196431', NULL, '999929', NULL, NULL, NULL, NULL, NULL, 'ruian_cm', '676', NULL, NULL);
INSERT INTO `eh_communities` (`id`, `uuid`, `city_id`, `city_name`, `area_id`, `area_name`, `name`, `alias_name`, `address`, `zipcode`, `description`, `detail_description`, `apt_segment1`, `apt_segment2`, `apt_segment3`, `apt_seg1_sample`, `apt_seg2_sample`, `apt_seg3_sample`, `apt_count`, `creator_uid`, `operator_uid`, `status`, `create_time`, `delete_time`, `integral_tag1`, `integral_tag2`, `integral_tag3`, `integral_tag4`, `integral_tag5`, `string_tag1`, `string_tag2`, `string_tag3`, `string_tag4`, `string_tag5`, `community_type`, `default_forum_id`, `feedback_forum_id`, `update_time`, `namespace_id`, `area_size`, `shared_area`, `charge_area`, `build_area`, `rent_area`, `namespace_community_type`, `namespace_community_token`, `community_number`, `free_area`) VALUES ('240111044332063585', '59e51ce5-5f1d-4150-9bd6-78741c6afd83', '21977', '南京市', '21978', '玄武', 'INNO Office', '444-INNO Office', '南京市玄武区珠江路未来城', NULL, NULL, NULL, NULL, NULL, NULL, NULL, NULL, NULL, NULL, '1', NULL, '2', '2018-08-27 16:43:52', NULL, NULL, NULL, NULL, NULL, NULL, NULL, NULL, NULL, NULL, NULL, '1', '196430', '196431', NULL, '999929', NULL, NULL, NULL, NULL, NULL, 'ruian_cm', '671', NULL, NULL);
INSERT INTO `eh_communities` (`id`, `uuid`, `city_id`, `city_name`, `area_id`, `area_name`, `name`, `alias_name`, `address`, `zipcode`, `description`, `detail_description`, `apt_segment1`, `apt_segment2`, `apt_segment3`, `apt_seg1_sample`, `apt_seg2_sample`, `apt_seg3_sample`, `apt_count`, `creator_uid`, `operator_uid`, `status`, `create_time`, `delete_time`, `integral_tag1`, `integral_tag2`, `integral_tag3`, `integral_tag4`, `integral_tag5`, `string_tag1`, `string_tag2`, `string_tag3`, `string_tag4`, `string_tag5`, `community_type`, `default_forum_id`, `feedback_forum_id`, `update_time`, `namespace_id`, `area_size`, `shared_area`, `charge_area`, `build_area`, `rent_area`, `namespace_community_type`, `namespace_community_token`, `community_number`, `free_area`) VALUES ('240111044332063586', '10767cd3-2d50-410d-b028-a9d0cd534997', '21977', '南京市', '21978', '玄武', 'Inno Work', '444-Inno Work', '南京市玄武区珠江路未来城', NULL, NULL, NULL, NULL, NULL, NULL, NULL, NULL, NULL, NULL, '1', NULL, '2', '2018-08-27 16:51:54', NULL, NULL, NULL, NULL, NULL, NULL, NULL, NULL, NULL, NULL, NULL, '1', '196430', '196431', NULL, '999929', NULL, NULL, NULL, NULL, NULL, 'ruian_cm', '672', NULL, NULL);
INSERT INTO `eh_communities` (`id`, `uuid`, `city_id`, `city_name`, `area_id`, `area_name`, `name`, `alias_name`, `address`, `zipcode`, `description`, `detail_description`, `apt_segment1`, `apt_segment2`, `apt_segment3`, `apt_seg1_sample`, `apt_seg2_sample`, `apt_seg3_sample`, `apt_count`, `creator_uid`, `operator_uid`, `status`, `create_time`, `delete_time`, `integral_tag1`, `integral_tag2`, `integral_tag3`, `integral_tag4`, `integral_tag5`, `string_tag1`, `string_tag2`, `string_tag3`, `string_tag4`, `string_tag5`, `community_type`, `default_forum_id`, `feedback_forum_id`, `update_time`, `namespace_id`, `area_size`, `shared_area`, `charge_area`, `build_area`, `rent_area`, `namespace_community_type`, `namespace_community_token`, `community_number`, `free_area`) VALUES ('240111044332063587', '3bd6f7ab-edeb-4af6-9b7c-9b7ebdae4a42', '21977', '南京市', '21978', '玄武', '22-3', '445-22-3', '南京市玄武区珠江路未来城', NULL, NULL, NULL, NULL, NULL, NULL, NULL, NULL, NULL, NULL, '1', NULL, '2', '2018-08-27 16:55:30', NULL, NULL, NULL, NULL, NULL, NULL, NULL, NULL, NULL, NULL, NULL, '1', '196430', '196431', NULL, '999929', NULL, NULL, NULL, NULL, NULL, 'ruian_cm', '674', NULL, NULL);
INSERT INTO `eh_communities` (`id`, `uuid`, `city_id`, `city_name`, `area_id`, `area_name`, `name`, `alias_name`, `address`, `zipcode`, `description`, `detail_description`, `apt_segment1`, `apt_segment2`, `apt_segment3`, `apt_seg1_sample`, `apt_seg2_sample`, `apt_seg3_sample`, `apt_count`, `creator_uid`, `operator_uid`, `status`, `create_time`, `delete_time`, `integral_tag1`, `integral_tag2`, `integral_tag3`, `integral_tag4`, `integral_tag5`, `string_tag1`, `string_tag2`, `string_tag3`, `string_tag4`, `string_tag5`, `community_type`, `default_forum_id`, `feedback_forum_id`, `update_time`, `namespace_id`, `area_size`, `shared_area`, `charge_area`, `build_area`, `rent_area`, `namespace_community_type`, `namespace_community_token`, `community_number`, `free_area`) VALUES ('240111044332063588', 'ebb68234-e126-4217-ba8c-9223ccaca3c1', '21977', '南京市', '21978', '玄武', '22-4', '446-22-4', '南京市玄武区珠江路未来城', NULL, NULL, NULL, NULL, NULL, NULL, NULL, NULL, NULL, NULL, '1', NULL, '2', '2018-08-27 17:05:11', NULL, NULL, NULL, NULL, NULL, NULL, NULL, NULL, NULL, NULL, NULL, '1', '196430', '196431', NULL, '999929', NULL, NULL, NULL, NULL, NULL, 'ruian_cm', '675', NULL, NULL);

-- 园区和域空间关联
set @eh_namespace_resources_id = IFNULL((select MAX(id) from eh_namespace_resources),1);
INSERT INTO `eh_namespace_resources` (`id`, `namespace_id`, `resource_type`, `resource_id`, `create_time`, `default_order`) VALUES (@eh_namespace_resources_id := @eh_namespace_resources_id + 1, '999929', 'COMMUNITY', '240111044332063579', '2018-08-27 14:20:21', NULL);
INSERT INTO `eh_namespace_resources` (`id`, `namespace_id`, `resource_type`, `resource_id`, `create_time`, `default_order`) VALUES (@eh_namespace_resources_id := @eh_namespace_resources_id + 1, '999929', 'COMMUNITY', '240111044332063580', '2018-08-27 16:03:02', NULL);
INSERT INTO `eh_namespace_resources` (`id`, `namespace_id`, `resource_type`, `resource_id`, `create_time`, `default_order`) VALUES (@eh_namespace_resources_id := @eh_namespace_resources_id + 1, '999929', 'COMMUNITY', '240111044332063581', '2018-08-27 16:18:54', NULL);
INSERT INTO `eh_namespace_resources` (`id`, `namespace_id`, `resource_type`, `resource_id`, `create_time`, `default_order`) VALUES (@eh_namespace_resources_id := @eh_namespace_resources_id + 1, '999929', 'COMMUNITY', '240111044332063582', '2018-08-27 16:29:52', NULL);
INSERT INTO `eh_namespace_resources` (`id`, `namespace_id`, `resource_type`, `resource_id`, `create_time`, `default_order`) VALUES (@eh_namespace_resources_id := @eh_namespace_resources_id + 1, '999929', 'COMMUNITY', '240111044332063583', '2018-08-27 16:36:00', NULL);
INSERT INTO `eh_namespace_resources` (`id`, `namespace_id`, `resource_type`, `resource_id`, `create_time`, `default_order`) VALUES (@eh_namespace_resources_id := @eh_namespace_resources_id + 1, '999929', 'COMMUNITY', '240111044332063584', '2018-08-27 16:38:27', NULL);
INSERT INTO `eh_namespace_resources` (`id`, `namespace_id`, `resource_type`, `resource_id`, `create_time`, `default_order`) VALUES (@eh_namespace_resources_id := @eh_namespace_resources_id + 1, '999929', 'COMMUNITY', '240111044332063585', '2018-08-27 16:43:52', NULL);
INSERT INTO `eh_namespace_resources` (`id`, `namespace_id`, `resource_type`, `resource_id`, `create_time`, `default_order`) VALUES (@eh_namespace_resources_id := @eh_namespace_resources_id + 1, '999929', 'COMMUNITY', '240111044332063586', '2018-08-27 16:51:55', NULL);
INSERT INTO `eh_namespace_resources` (`id`, `namespace_id`, `resource_type`, `resource_id`, `create_time`, `default_order`) VALUES (@eh_namespace_resources_id := @eh_namespace_resources_id + 1, '999929', 'COMMUNITY', '240111044332063587', '2018-08-27 16:55:30', NULL);
INSERT INTO `eh_namespace_resources` (`id`, `namespace_id`, `resource_type`, `resource_id`, `create_time`, `default_order`) VALUES (@eh_namespace_resources_id := @eh_namespace_resources_id + 1, '999929', 'COMMUNITY', '240111044332063588', '2018-08-27 17:05:12', NULL);

-- 创建经纬度数据
set @eh_community_geopoints_id = IFNULL((select MAX(id) from eh_community_geopoints),1);
INSERT INTO `eh_community_geopoints` (`id`, `community_id`, `description`, `longitude`, `latitude`, `geohash`) VALUES (@eh_community_geopoints_id := @eh_community_geopoints_id + 1, '240111044332063579', NULL, '118.804035', '32.054084', 'wtsqr7q2wdm5');
INSERT INTO `eh_community_geopoints` (`id`, `community_id`, `description`, `longitude`, `latitude`, `geohash`) VALUES (@eh_community_geopoints_id := @eh_community_geopoints_id + 1, '240111044332063580', NULL, '118.804035', '32.054084', 'wtsqr7q2wdm5');
INSERT INTO `eh_community_geopoints` (`id`, `community_id`, `description`, `longitude`, `latitude`, `geohash`) VALUES (@eh_community_geopoints_id := @eh_community_geopoints_id + 1, '240111044332063581', NULL, '118.804035', '32.054084', 'wtsqr7q2wdm5');
INSERT INTO `eh_community_geopoints` (`id`, `community_id`, `description`, `longitude`, `latitude`, `geohash`) VALUES (@eh_community_geopoints_id := @eh_community_geopoints_id + 1, '240111044332063582', NULL, '118.804035', '32.054084', 'wtsqr7q2wdm5');
INSERT INTO `eh_community_geopoints` (`id`, `community_id`, `description`, `longitude`, `latitude`, `geohash`) VALUES (@eh_community_geopoints_id := @eh_community_geopoints_id + 1, '240111044332063583', NULL, '118.804035', '32.054084', 'wtsqr7q2wdm5');
INSERT INTO `eh_community_geopoints` (`id`, `community_id`, `description`, `longitude`, `latitude`, `geohash`) VALUES (@eh_community_geopoints_id := @eh_community_geopoints_id + 1, '240111044332063584', NULL, '118.804035', '32.054084', 'wtsqr7q2wdm5');
INSERT INTO `eh_community_geopoints` (`id`, `community_id`, `description`, `longitude`, `latitude`, `geohash`) VALUES (@eh_community_geopoints_id := @eh_community_geopoints_id + 1, '240111044332063585', NULL, '118.804035', '32.054084', 'wtsqr7q2wdm5');
INSERT INTO `eh_community_geopoints` (`id`, `community_id`, `description`, `longitude`, `latitude`, `geohash`) VALUES (@eh_community_geopoints_id := @eh_community_geopoints_id + 1, '240111044332063586', NULL, '118.804035', '32.054084', 'wtsqr7q2wdm5');
INSERT INTO `eh_community_geopoints` (`id`, `community_id`, `description`, `longitude`, `latitude`, `geohash`) VALUES (@eh_community_geopoints_id := @eh_community_geopoints_id + 1, '240111044332063587', NULL, '118.804035', '32.054084', 'wtsqr7q2wdm5');
INSERT INTO `eh_community_geopoints` (`id`, `community_id`, `description`, `longitude`, `latitude`, `geohash`) VALUES (@eh_community_geopoints_id := @eh_community_geopoints_id + 1, '240111044332063588', NULL, '118.804035', '32.054084', 'wtsqr7q2wdm5');

-- 添加企业可见园区,管理公司可以看到添加的园区
set @eh_organization_communities_id = IFNULL((select MAX(id) from eh_organization_communities),1);
INSERT INTO `eh_organization_communities` (`id`, `organization_id`, `community_id`) VALUES (@eh_organization_communities_id := @eh_organization_communities_id + 1, '1051547', '240111044332063579');
INSERT INTO `eh_organization_communities` (`id`, `organization_id`, `community_id`) VALUES (@eh_organization_communities_id := @eh_organization_communities_id + 1, '1051547', '240111044332063580');
INSERT INTO `eh_organization_communities` (`id`, `organization_id`, `community_id`) VALUES (@eh_organization_communities_id := @eh_organization_communities_id + 1, '1051547', '240111044332063581');
INSERT INTO `eh_organization_communities` (`id`, `organization_id`, `community_id`) VALUES (@eh_organization_communities_id := @eh_organization_communities_id + 1, '1051547', '240111044332063582');
INSERT INTO `eh_organization_communities` (`id`, `organization_id`, `community_id`) VALUES (@eh_organization_communities_id := @eh_organization_communities_id + 1, '1051547', '240111044332063583');
INSERT INTO `eh_organization_communities` (`id`, `organization_id`, `community_id`) VALUES (@eh_organization_communities_id := @eh_organization_communities_id + 1, '1051547', '240111044332063584');
INSERT INTO `eh_organization_communities` (`id`, `organization_id`, `community_id`) VALUES (@eh_organization_communities_id := @eh_organization_communities_id + 1, '1051547', '240111044332063585');
INSERT INTO `eh_organization_communities` (`id`, `organization_id`, `community_id`) VALUES (@eh_organization_communities_id := @eh_organization_communities_id + 1, '1051547', '240111044332063586');
INSERT INTO `eh_organization_communities` (`id`, `organization_id`, `community_id`) VALUES (@eh_organization_communities_id := @eh_organization_communities_id + 1, '1051547', '240111044332063587');
INSERT INTO `eh_organization_communities` (`id`, `organization_id`, `community_id`) VALUES (@eh_organization_communities_id := @eh_organization_communities_id + 1, '1051547', '240111044332063588');
-- --------------------- SECTION END ---------------------------------------------------------