INSERT INTO `eh_service_modules` (`id`, `name`, `parent_id`, `path`, `type`, `level`, `status`, `default_order`, `create_time`, `creator_uid`, `operator_uid`) VALUES(21300,'付款管理',20000,'/20000/21300','1','2','2','0',NOW(),1,1);
INSERT INTO `eh_service_modules` (`id`, `name`, `parent_id`, `path`, `type`, `level`, `status`, `default_order`, `create_time`, `creator_uid`, `operator_uid`) VALUES(21310,'付款申请单',21300,'/20000/21300/21310','1','3','2','0',NOW(),1,1);
INSERT INTO `eh_service_modules` (`id`, `name`, `parent_id`, `path`, `type`, `level`, `status`, `default_order`, `create_time`, `creator_uid`, `operator_uid`) VALUES(21320,'工作流设置',21300,'/20000/21300/21320','1','3','2','0',NOW(),1,1);

INSERT INTO `eh_service_modules` (`id`, `name`, `parent_id`, `path`, `type`, `level`, `status`, `default_order`, `create_time`, `creator_uid`, `operator_uid`) VALUES(21215,'付款合同',21200,'/20000/21200/21215','1','3','2','0',NOW(),1,1);

INSERT INTO `eh_acl_privileges` (`id`, `app_id`, `name`, `description`, `tag`) VALUES (21300, '0', '付款管理 管理员', '付款管理 业务模块权限', NULL);

SET @module_privilege_id = (SELECT MAX(id) FROM `eh_service_module_privileges`);
INSERT INTO `eh_service_module_privileges` (`id`, `module_id`, `privilege_type`, `privilege_id`, `remark`, `default_order`, `create_time`) VALUES ((@module_privilege_id := @module_privilege_id + 1), '21300', '1', '21300', '付款管理管理权限', '0', NOW());
INSERT INTO `eh_service_module_privileges` (`id`, `module_id`, `privilege_type`, `privilege_id`, `remark`, `default_order`, `create_time`) VALUES ((@module_privilege_id := @module_privilege_id + 1), '21300', '2', '21300', '付款管理全部权限', '0', NOW());

INSERT INTO `eh_acl_privileges` (`id`, `app_id`, `name`, `description`, `tag`) VALUES (21301, '0', '付款管理 新增权限', '付款管理 业务模块权限', NULL);
INSERT INTO `eh_acl_privileges` (`id`, `app_id`, `name`, `description`, `tag`) VALUES (21302, '0', '付款管理 查看权限', '付款管理 业务模块权限', NULL);

INSERT INTO `eh_acl_privileges` (`id`, `app_id`, `name`, `description`, `tag`) VALUES (21215, '0', '付款合同 新增付款合同', '付款合同 业务模块权限', NULL);
INSERT INTO `eh_acl_privileges` (`id`, `app_id`, `name`, `description`, `tag`) VALUES (21216, '0', '付款合同 签约 发起 付款审批', '付款合同 业务模块权限', NULL);
INSERT INTO `eh_acl_privileges` (`id`, `app_id`, `name`, `description`, `tag`) VALUES (21217, '0', '付款合同 修改 付款合同', '付款合同 业务模块权限', NULL);
INSERT INTO `eh_acl_privileges` (`id`, `app_id`, `name`, `description`, `tag`) VALUES (21218, '0', '付款合同 删除 付款合同', '付款合同 业务模块权限', NULL);
INSERT INTO `eh_acl_privileges` (`id`, `app_id`, `name`, `description`, `tag`) VALUES (21219, '0', '付款合同 作废 付款合同', '付款合同 业务模块权限', NULL);
INSERT INTO `eh_acl_privileges` (`id`, `app_id`, `name`, `description`, `tag`) VALUES (21220, '0', '付款合同 查看 付款合同', '付款合同 业务模块权限', NULL);
INSERT INTO `eh_acl_privileges` (`id`, `app_id`, `name`, `description`, `tag`) VALUES (21221, '0', '付款合同 续约 付款合同', '付款合同 业务模块权限', NULL);
INSERT INTO `eh_acl_privileges` (`id`, `app_id`, `name`, `description`, `tag`) VALUES (21222, '0', '付款合同 变更 付款合同', '付款合同 业务模块权限', NULL);
INSERT INTO `eh_acl_privileges` (`id`, `app_id`, `name`, `description`, `tag`) VALUES (21223, '0', '付款合同 退约 付款合同', '付款合同 业务模块权限', NULL);

    
INSERT INTO `eh_service_module_privileges` (`id`, `module_id`, `privilege_type`, `privilege_id`, `remark`, `default_order`, `create_time`) VALUES((@module_privilege_id := @module_privilege_id + 1),'21310','0',21301,'付款管理 新增权限','0',NOW());
INSERT INTO `eh_service_module_privileges` (`id`, `module_id`, `privilege_type`, `privilege_id`, `remark`, `default_order`, `create_time`) VALUES((@module_privilege_id := @module_privilege_id + 1),'21310','0',21302,'付款管理 查看权限','0',NOW());

INSERT INTO `eh_service_module_privileges` (`id`, `module_id`, `privilege_type`, `privilege_id`, `remark`, `default_order`, `create_time`) VALUES((@module_privilege_id := @module_privilege_id + 1),'21215','0',21215,'付款合同 新增付款合同权限','0',NOW());
INSERT INTO `eh_service_module_privileges` (`id`, `module_id`, `privilege_type`, `privilege_id`, `remark`, `default_order`, `create_time`) VALUES((@module_privilege_id := @module_privilege_id + 1),'21215','0',21216,'付款合同 签约 发起 付款审批权限','0',NOW());
INSERT INTO `eh_service_module_privileges` (`id`, `module_id`, `privilege_type`, `privilege_id`, `remark`, `default_order`, `create_time`) VALUES((@module_privilege_id := @module_privilege_id + 1),'21215','0',21217,'付款合同 修改 付款合同权限','0',NOW());
INSERT INTO `eh_service_module_privileges` (`id`, `module_id`, `privilege_type`, `privilege_id`, `remark`, `default_order`, `create_time`) VALUES((@module_privilege_id := @module_privilege_id + 1),'21215','0',21218,'付款合同 删除 付款合同权限','0',NOW());
INSERT INTO `eh_service_module_privileges` (`id`, `module_id`, `privilege_type`, `privilege_id`, `remark`, `default_order`, `create_time`) VALUES((@module_privilege_id := @module_privilege_id + 1),'21215','0',21219,'付款合同 作废 付款合同权限','0',NOW());
INSERT INTO `eh_service_module_privileges` (`id`, `module_id`, `privilege_type`, `privilege_id`, `remark`, `default_order`, `create_time`) VALUES((@module_privilege_id := @module_privilege_id + 1),'21215','0',21220,'付款合同 查看 付款合同权限','0',NOW());
INSERT INTO `eh_service_module_privileges` (`id`, `module_id`, `privilege_type`, `privilege_id`, `remark`, `default_order`, `create_time`) VALUES((@module_privilege_id := @module_privilege_id + 1),'21215','0',21221,'付款合同 续约 付款合同权限','0',NOW());
INSERT INTO `eh_service_module_privileges` (`id`, `module_id`, `privilege_type`, `privilege_id`, `remark`, `default_order`, `create_time`) VALUES((@module_privilege_id := @module_privilege_id + 1),'21215','0',21222,'付款合同 变更 付款合同权限','0',NOW());
INSERT INTO `eh_service_module_privileges` (`id`, `module_id`, `privilege_type`, `privilege_id`, `remark`, `default_order`, `create_time`) VALUES((@module_privilege_id := @module_privilege_id + 1),'21215','0',21223,'付款合同 退约 付款合同权限','0',NOW());

SET @template_id = (SELECT MAX(id) FROM `eh_locale_templates`);
INSERT INTO `eh_locale_templates` (`id`, `scope`, `code`, `locale`, `description`, `text`, `namespace_id`) VALUES ((@template_id := @template_id + 1), 'contract.notification', '1', 'zh_CN', '通知合同即将过期', '有一份合同为${contractName}将在${time}到期，请尽快处理。', '0');
INSERT INTO `eh_locale_templates` (`id`, `scope`, `code`, `locale`, `description`, `text`, `namespace_id`) VALUES ((@template_id := @template_id + 1), 'contract.notification', '2', 'zh_CN', '通知付款', '${contractName}有一笔付款金额为${amount}将在${time}需付款，请尽快处理。', '0');


SET @field_id = (SELECT MAX(id) FROM `eh_var_fields`);
SET @item_id = (SELECT MAX(id) FROM `eh_var_field_items`);
INSERT INTO `eh_var_field_groups` (`id`, `module_name`, `parent_id`, `path`, `title`, `name`, `mandatory_flag`, `default_order`, `status`, `creator_uid`, `create_time`, `operator_uid`, `update_time`) VALUES (30, 'contract', '0', '/30', '付款合同', '', '0', NULL, '2', '1', NOW(), NULL, NULL);
INSERT INTO `eh_var_field_groups` (`id`, `module_name`, `parent_id`, `path`, `title`, `name`, `mandatory_flag`, `default_order`, `status`, `creator_uid`, `create_time`, `operator_uid`, `update_time`) VALUES (31, 'contract', '30', '/30/31', '合同主体信息', '', '0', NULL, '2', '1', NOW(), NULL, NULL);
INSERT INTO `eh_var_field_groups` (`id`, `module_name`, `parent_id`, `path`, `title`, `name`, `mandatory_flag`, `default_order`, `status`, `creator_uid`, `create_time`, `operator_uid`, `update_time`) VALUES (32, 'contract', '30', '/30/32', '合同信息', '', '0', NULL, '2', '1', NOW(), NULL, NULL);
INSERT INTO `eh_var_field_groups` (`id`, `module_name`, `parent_id`, `path`, `title`, `name`, `mandatory_flag`, `default_order`, `status`, `creator_uid`, `create_time`, `operator_uid`, `update_time`) VALUES (33, 'contract', '30', '/30/33', '付款计划', '', '0', NULL, '2', '1', NOW(), NULL, NULL);


INSERT INTO `eh_var_fields` (`id`, `module_name`, `name`, `display_name`, `field_type`, `group_id`, `group_path`, `mandatory_flag`, `default_order`, `status`, `creator_uid`, `create_time`, `operator_uid`, `update_time`, `field_param`) VALUES ((@field_id := @field_id + 1), 'contract', 'contractNumber', '合同编号', 'String', '31', '/30/31/', '0', NULL, '2', '1', NOW(), NULL, NULL, '{\"fieldParamType\": \"text\", \"length\": 32}');
INSERT INTO `eh_var_fields` (`id`, `module_name`, `name`, `display_name`, `field_type`, `group_id`, `group_path`, `mandatory_flag`, `default_order`, `status`, `creator_uid`, `create_time`, `operator_uid`, `update_time`, `field_param`) VALUES ((@field_id := @field_id + 1), 'contract', 'name', '合同名称', 'String', '31', '/30/31/', '1', NULL, '2', '1', NOW(), NULL, NULL, '{\"fieldParamType\": \"text\", \"length\": 32}');
INSERT INTO `eh_var_fields` (`id`, `module_name`, `name`, `display_name`, `field_type`, `group_id`, `group_path`, `mandatory_flag`, `default_order`, `status`, `creator_uid`, `create_time`, `operator_uid`, `update_time`, `field_param`) VALUES ((@field_id := @field_id + 1), 'contract', 'categoryItemId', '合同类型', 'Long', '31', '/30/31/', '1', NULL, '2', '1', NOW(), NULL, NULL, '{\"fieldParamType\": \"customizationSelect\", \"length\": 32}');
INSERT INTO `eh_var_fields` (`id`, `module_name`, `name`, `display_name`, `field_type`, `group_id`, `group_path`, `mandatory_flag`, `default_order`, `status`, `creator_uid`, `create_time`, `operator_uid`, `update_time`, `field_param`) VALUES ((@field_id := @field_id + 1), 'contract', 'customerId', '乙方', 'Long', '31', '/30/31/', '1', NULL, '2', '1', NOW(), NULL, NULL, '{\"fieldParamType\": \"text\", \"length\": 32}');
INSERT INTO `eh_var_fields` (`id`, `module_name`, `name`, `display_name`, `field_type`, `group_id`, `group_path`, `mandatory_flag`, `default_order`, `status`, `creator_uid`, `create_time`, `operator_uid`, `update_time`, `field_param`) VALUES ((@field_id := @field_id + 1), 'contract', 'partyAId', '甲方', 'Long', '31', '/30/31/', '1', NULL, '2', '1', NOW(), NULL, NULL, '{\"fieldParamType\": \"text\", \"length\": 32}');
INSERT INTO `eh_var_fields` (`id`, `module_name`, `name`, `display_name`, `field_type`, `group_id`, `group_path`, `mandatory_flag`, `default_order`, `status`, `creator_uid`, `create_time`, `operator_uid`, `update_time`, `field_param`) VALUES ((@field_id := @field_id + 1), 'contract', 'contractStartDate', '合同开始时间', 'Long', '31', '/30/31/', '1', NULL, '2', '1', NOW(), NULL, NULL, '{\"fieldParamType\": \"datetime\", \"length\": 32}');
INSERT INTO `eh_var_fields` (`id`, `module_name`, `name`, `display_name`, `field_type`, `group_id`, `group_path`, `mandatory_flag`, `default_order`, `status`, `creator_uid`, `create_time`, `operator_uid`, `update_time`, `field_param`) VALUES ((@field_id := @field_id + 1), 'contract', 'contractEndDate', '合同截止时间', 'Long', '31', '/30/31/', '1', NULL, '2', '1', NOW(), NULL, NULL, '{\"fieldParamType\": \"datetime\", \"length\": 32}');
INSERT INTO `eh_var_fields` (`id`, `module_name`, `name`, `display_name`, `field_type`, `group_id`, `group_path`, `mandatory_flag`, `default_order`, `status`, `creator_uid`, `create_time`, `operator_uid`, `update_time`, `field_param`) VALUES ((@field_id := @field_id + 1), 'contract', 'rent', '合同总额', 'BigDecimal', '31', '/30/31/', '0', NULL, '2', '1', NOW(), NULL, NULL, '{\"fieldParamType\": \"text\", \"length\": 32}');
INSERT INTO `eh_var_fields` (`id`, `module_name`, `name`, `display_name`, `field_type`, `group_id`, `group_path`, `mandatory_flag`, `default_order`, `status`, `creator_uid`, `create_time`, `operator_uid`, `update_time`, `field_param`) VALUES ((@field_id := @field_id + 1), 'contract', 'status', '合同状态', 'Byte', '31', '/30/31/', '1', NULL, '2', '1', NOW(), NULL, NULL, '{"fieldParamType": "select", "length": 32}');
INSERT INTO `eh_var_field_items` (`id`, `module_name`, `field_id`, `display_name`, `default_order`, `status`, `creator_uid`, `create_time`, `operator_uid`, `update_time`, `business_value`) VALUES ((@item_id := @item_id + 1), 'contract', @field_id, '待发起', '1', '2', '1', NOW(), NULL, NULL, 1);
INSERT INTO `eh_var_field_items` (`id`, `module_name`, `field_id`, `display_name`, `default_order`, `status`, `creator_uid`, `create_time`, `operator_uid`, `update_time`, `business_value`) VALUES ((@item_id := @item_id + 1), 'contract', @field_id, '正常合同', '2', '2', '1', NOW(), NULL, NULL, 2);
INSERT INTO `eh_var_field_items` (`id`, `module_name`, `field_id`, `display_name`, `default_order`, `status`, `creator_uid`, `create_time`, `operator_uid`, `update_time`, `business_value`) VALUES ((@item_id := @item_id + 1), 'contract', @field_id, '审批中', '3', '2', '1', NOW(), NULL, NULL, 3);
INSERT INTO `eh_var_field_items` (`id`, `module_name`, `field_id`, `display_name`, `default_order`, `status`, `creator_uid`, `create_time`, `operator_uid`, `update_time`, `business_value`) VALUES ((@item_id := @item_id + 1), 'contract', @field_id, '审批通过', '4', '2', '1', NOW(), NULL, NULL, 4);
INSERT INTO `eh_var_field_items` (`id`, `module_name`, `field_id`, `display_name`, `default_order`, `status`, `creator_uid`, `create_time`, `operator_uid`, `update_time`, `business_value`) VALUES ((@item_id := @item_id + 1), 'contract', @field_id, '审批不通过', '5', '2', '1', NOW(), NULL, NULL, 5);
INSERT INTO `eh_var_field_items` (`id`, `module_name`, `field_id`, `display_name`, `default_order`, `status`, `creator_uid`, `create_time`, `operator_uid`, `update_time`, `business_value`) VALUES ((@item_id := @item_id + 1), 'contract', @field_id, '即将到期', '6', '2', '1', NOW(), NULL, NULL, 6);
INSERT INTO `eh_var_field_items` (`id`, `module_name`, `field_id`, `display_name`, `default_order`, `status`, `creator_uid`, `create_time`, `operator_uid`, `update_time`, `business_value`) VALUES ((@item_id := @item_id + 1), 'contract', @field_id, '已过期', '7', '2', '1', NOW(), NULL, NULL, 7);
INSERT INTO `eh_var_field_items` (`id`, `module_name`, `field_id`, `display_name`, `default_order`, `status`, `creator_uid`, `create_time`, `operator_uid`, `update_time`, `business_value`) VALUES ((@item_id := @item_id + 1), 'contract', @field_id, '历史合同', '8', '2', '1', NOW(), NULL, NULL, 8);
INSERT INTO `eh_var_field_items` (`id`, `module_name`, `field_id`, `display_name`, `default_order`, `status`, `creator_uid`, `create_time`, `operator_uid`, `update_time`, `business_value`) VALUES ((@item_id := @item_id + 1), 'contract', @field_id, '作废合同', '9', '2', '1', NOW(), NULL, NULL, 9);
INSERT INTO `eh_var_field_items` (`id`, `module_name`, `field_id`, `display_name`, `default_order`, `status`, `creator_uid`, `create_time`, `operator_uid`, `update_time`, `business_value`) VALUES ((@item_id := @item_id + 1), 'contract', @field_id, '退约合同', '10', '2', '1', NOW(), NULL, NULL, 10);
INSERT INTO `eh_var_field_items` (`id`, `module_name`, `field_id`, `display_name`, `default_order`, `status`, `creator_uid`, `create_time`, `operator_uid`, `update_time`, `business_value`) VALUES ((@item_id := @item_id + 1), 'contract', @field_id, '草稿', '11', '2', '1', NOW(), NULL, NULL, 11);


INSERT INTO `eh_var_fields` (`id`, `module_name`, `name`, `display_name`, `field_type`, `group_id`, `group_path`, `mandatory_flag`, `default_order`, `status`, `creator_uid`, `create_time`, `operator_uid`, `update_time`, `field_param`) VALUES ((@field_id := @field_id + 1), 'contract', 'contractType', '合同属性', 'Byte', '31', '/30/31/', '1', NULL, '2', '1', NOW(), NULL, NULL, '{\"fieldParamType\": \"select\", \"length\": 32}');
INSERT INTO `eh_var_field_items` (`id`, `module_name`, `field_id`, `display_name`, `default_order`, `status`, `creator_uid`, `create_time`, `operator_uid`, `update_time`, `business_value`) VALUES ((@item_id := @item_id + 1), 'contract', @field_id, '新签合同', '1', '2', '1', NOW(), NULL, NULL, 0);
INSERT INTO `eh_var_field_items` (`id`, `module_name`, `field_id`, `display_name`, `default_order`, `status`, `creator_uid`, `create_time`, `operator_uid`, `update_time`, `business_value`) VALUES ((@item_id := @item_id + 1), 'contract', @field_id, '续约合同', '2', '2', '1', NOW(), NULL, NULL, 1);
INSERT INTO `eh_var_field_items` (`id`, `module_name`, `field_id`, `display_name`, `default_order`, `status`, `creator_uid`, `create_time`, `operator_uid`, `update_time`, `business_value`) VALUES ((@item_id := @item_id + 1), 'contract', @field_id, '变更合同', '3', '2', '1', NOW(), NULL, NULL, 2);


INSERT INTO `eh_var_fields` (`id`, `module_name`, `name`, `display_name`, `field_type`, `group_id`, `group_path`, `mandatory_flag`, `default_order`, `status`, `creator_uid`, `create_time`, `operator_uid`, `update_time`, `field_param`) VALUES ((@field_id := @field_id + 1), 'contract', 'remainingAmount', '剩余金额', 'BigDecimal', '31', '/30/31/', '0', NULL, '2', '1', NOW(), NULL, NULL, '{\"fieldParamType\": \"text\", \"length\": 32}');
INSERT INTO `eh_var_fields` (`id`, `module_name`, `name`, `display_name`, `field_type`, `group_id`, `group_path`, `mandatory_flag`, `default_order`, `status`, `creator_uid`, `create_time`, `operator_uid`, `update_time`, `field_param`) VALUES ((@field_id := @field_id + 1), 'contract', 'signedTime', '签约日期', 'Long', '31', '/30/31/', '0', NULL, '2', '1', NOW(), NULL, NULL, '{\"fieldParamType\": \"datetime\", \"length\": 32}');
INSERT INTO `eh_var_fields` (`id`, `module_name`, `name`, `display_name`, `field_type`, `group_id`, `group_path`, `mandatory_flag`, `default_order`, `status`, `creator_uid`, `create_time`, `operator_uid`, `update_time`, `field_param`) VALUES ((@field_id := @field_id + 1), 'contract', 'bidItemId', '是否通过招投标', 'Long', '31', '/30/31/', '0', NULL, '2', '1', NOW(), NULL, NULL, '{\"fieldParamType\": \"select\", \"length\": 32}');
INSERT INTO `eh_var_field_items` (`id`, `module_name`, `field_id`, `display_name`, `default_order`, `status`, `creator_uid`, `create_time`, `operator_uid`, `update_time`, `business_value`) VALUES ((@item_id := @item_id + 1), 'contract', @field_id, '否', '1', '2', '1', NOW(), NULL, NULL, 1);
INSERT INTO `eh_var_field_items` (`id`, `module_name`, `field_id`, `display_name`, `default_order`, `status`, `creator_uid`, `create_time`, `operator_uid`, `update_time`, `business_value`) VALUES ((@item_id := @item_id + 1), 'contract', @field_id, '是', '1', '2', '1', NOW(), NULL, NULL, 2);

INSERT INTO `eh_var_fields` (`id`, `module_name`, `name`, `display_name`, `field_type`, `group_id`, `group_path`, `mandatory_flag`, `default_order`, `status`, `creator_uid`, `create_time`, `operator_uid`, `update_time`, `field_param`) VALUES ((@field_id := @field_id + 1), 'contract', 'createUid', '经办人', 'Long', '32', '/30/32/', '0', NULL, '2', '1', NOW(), NULL, NULL, '{\"fieldParamType\": \"text\", \"length\": 32}');
INSERT INTO `eh_var_fields` (`id`, `module_name`, `name`, `display_name`, `field_type`, `group_id`, `group_path`, `mandatory_flag`, `default_order`, `status`, `creator_uid`, `create_time`, `operator_uid`, `update_time`, `field_param`) VALUES ((@field_id := @field_id + 1), 'contract', 'createOrgId', '经办部门', 'Long', '32', '/30/32/', '0', NULL, '2', '1', NOW(), NULL, NULL, '{\"fieldParamType\": \"text\", \"length\": 32}');
INSERT INTO `eh_var_fields` (`id`, `module_name`, `name`, `display_name`, `field_type`, `group_id`, `group_path`, `mandatory_flag`, `default_order`, `status`, `creator_uid`, `create_time`, `operator_uid`, `update_time`, `field_param`) VALUES ((@field_id := @field_id + 1), 'contract', 'createPositionId', '岗位', 'Long', '32', '/30/32/', '0', NULL, '2', '1', NOW(), NULL, NULL, '{\"fieldParamType\": \"text\", \"length\": 32}');
INSERT INTO `eh_var_fields` (`id`, `module_name`, `name`, `display_name`, `field_type`, `group_id`, `group_path`, `mandatory_flag`, `default_order`, `status`, `creator_uid`, `create_time`, `operator_uid`, `update_time`, `field_param`) VALUES ((@field_id := @field_id + 1), 'contract', 'ourLegalRepresentative', '我方法人代表', 'String', '32', '/30/32/', '0', NULL, '2', '1', NOW(), NULL, NULL, '{\"fieldParamType\": \"text\", \"length\": 32}');
INSERT INTO `eh_var_fields` (`id`, `module_name`, `name`, `display_name`, `field_type`, `group_id`, `group_path`, `mandatory_flag`, `default_order`, `status`, `creator_uid`, `create_time`, `operator_uid`, `update_time`, `field_param`) VALUES ((@field_id := @field_id + 1), 'contract', 'taxpayerIdentificationCode', '纳税人识别码', 'String', '32', '/30/32/', '0', NULL, '2', '1', NOW(), NULL, NULL, '{\"fieldParamType\": \"text\", \"length\": 32}');
INSERT INTO `eh_var_fields` (`id`, `module_name`, `name`, `display_name`, `field_type`, `group_id`, `group_path`, `mandatory_flag`, `default_order`, `status`, `creator_uid`, `create_time`, `operator_uid`, `update_time`, `field_param`) VALUES ((@field_id := @field_id + 1), 'contract', 'registeredAddress', '注册地址', 'String', '32', '/30/32/', '0', NULL, '2', '1', NOW(), NULL, NULL, '{\"fieldParamType\": \"text\", \"length\": 32}');
INSERT INTO `eh_var_fields` (`id`, `module_name`, `name`, `display_name`, `field_type`, `group_id`, `group_path`, `mandatory_flag`, `default_order`, `status`, `creator_uid`, `create_time`, `operator_uid`, `update_time`, `field_param`) VALUES ((@field_id := @field_id + 1), 'contract', 'registeredPhone', '注册电话', 'String', '32', '/30/32/', '0', NULL, '2', '1', NOW(), NULL, NULL, '{\"fieldParamType\": \"text\", \"length\": 32}');
INSERT INTO `eh_var_fields` (`id`, `module_name`, `name`, `display_name`, `field_type`, `group_id`, `group_path`, `mandatory_flag`, `default_order`, `status`, `creator_uid`, `create_time`, `operator_uid`, `update_time`, `field_param`) VALUES ((@field_id := @field_id + 1), 'contract', 'payee', '收款单位', 'String', '32', '/30/32/', '0', NULL, '2', '1', NOW(), NULL, NULL, '{\"fieldParamType\": \"text\", \"length\": 32}');
INSERT INTO `eh_var_fields` (`id`, `module_name`, `name`, `display_name`, `field_type`, `group_id`, `group_path`, `mandatory_flag`, `default_order`, `status`, `creator_uid`, `create_time`, `operator_uid`, `update_time`, `field_param`) VALUES ((@field_id := @field_id + 1), 'contract', 'payer', '付款单位', 'String', '32', '/30/32/', '0', NULL, '2', '1', NOW(), NULL, NULL, '{\"fieldParamType\": \"text\", \"length\": 32}');
INSERT INTO `eh_var_fields` (`id`, `module_name`, `name`, `display_name`, `field_type`, `group_id`, `group_path`, `mandatory_flag`, `default_order`, `status`, `creator_uid`, `create_time`, `operator_uid`, `update_time`, `field_param`) VALUES ((@field_id := @field_id + 1), 'contract', 'dueBank', '收款银行', 'String', '32', '/30/32/', '0', NULL, '2', '1', NOW(), NULL, NULL, '{\"fieldParamType\": \"text\", \"length\": 32}');
INSERT INTO `eh_var_fields` (`id`, `module_name`, `name`, `display_name`, `field_type`, `group_id`, `group_path`, `mandatory_flag`, `default_order`, `status`, `creator_uid`, `create_time`, `operator_uid`, `update_time`, `field_param`) VALUES ((@field_id := @field_id + 1), 'contract', 'bankAccount', '银行账号', 'String', '32', '/30/32/', '0', NULL, '2', '1', NOW(), NULL, NULL, '{\"fieldParamType\": \"text\", \"length\": 32}');
INSERT INTO `eh_var_fields` (`id`, `module_name`, `name`, `display_name`, `field_type`, `group_id`, `group_path`, `mandatory_flag`, `default_order`, `status`, `creator_uid`, `create_time`, `operator_uid`, `update_time`, `field_param`) VALUES ((@field_id := @field_id + 1), 'contract', 'exchangeRate', '兑换汇率', 'BigDecimal', '32', '/30/32/', '0', NULL, '2', '1', NOW(), NULL, NULL, '{\"fieldParamType\": \"text\", \"length\": 32}');
INSERT INTO `eh_var_fields` (`id`, `module_name`, `name`, `display_name`, `field_type`, `group_id`, `group_path`, `mandatory_flag`, `default_order`, `status`, `creator_uid`, `create_time`, `operator_uid`, `update_time`, `field_param`) VALUES ((@field_id := @field_id + 1), 'contract', 'ageLimit', '年限', 'Integer', '32', '/30/32/', '0', NULL, '2', '1', NOW(), NULL, NULL, '{\"fieldParamType\": \"text\", \"length\": 32}');
INSERT INTO `eh_var_fields` (`id`, `module_name`, `name`, `display_name`, `field_type`, `group_id`, `group_path`, `mandatory_flag`, `default_order`, `status`, `creator_uid`, `create_time`, `operator_uid`, `update_time`, `field_param`) VALUES ((@field_id := @field_id + 1), 'contract', 'applicationId', '关联请示', 'Long', '32', '/30/32/', '0', NULL, '2', '1', NOW(), NULL, NULL, '{\"fieldParamType\": \"text\", \"length\": 32}');
INSERT INTO `eh_var_fields` (`id`, `module_name`, `name`, `display_name`, `field_type`, `group_id`, `group_path`, `mandatory_flag`, `default_order`, `status`, `creator_uid`, `create_time`, `operator_uid`, `update_time`, `field_param`) VALUES ((@field_id := @field_id + 1), 'contract', 'paymentModeItemId', '预计付款方式', 'Long', '32', '/30/32/', '0', NULL, '2', '1', NOW(), NULL, NULL, '{\"fieldParamType\": \"select\", \"length\": 32}');
INSERT INTO `eh_var_field_items` (`id`, `module_name`, `field_id`, `display_name`, `default_order`, `status`, `creator_uid`, `create_time`, `operator_uid`, `update_time`) VALUES ((@item_id := @item_id + 1), 'contract', @field_id, '一次性付款', '1', '2', '1', NOW(), NULL, NULL);
INSERT INTO `eh_var_field_items` (`id`, `module_name`, `field_id`, `display_name`, `default_order`, `status`, `creator_uid`, `create_time`, `operator_uid`, `update_time`) VALUES ((@item_id := @item_id + 1), 'contract', @field_id, '分批付款', '2', '2', '1', NOW(), NULL, NULL);

INSERT INTO `eh_var_fields` (`id`, `module_name`, `name`, `display_name`, `field_type`, `group_id`, `group_path`, `mandatory_flag`, `default_order`, `status`, `creator_uid`, `create_time`, `operator_uid`, `update_time`, `field_param`) VALUES ((@field_id := @field_id + 1), 'contract', 'lumpSumPayment', '一次性付款金额', 'BigDecimal', '32', '/30/32/', '0', NULL, '2', '1', NOW(), NULL, NULL, '{\"fieldParamType\": \"text\", \"length\": 32}');
INSERT INTO `eh_var_fields` (`id`, `module_name`, `name`, `display_name`, `field_type`, `group_id`, `group_path`, `mandatory_flag`, `default_order`, `status`, `creator_uid`, `create_time`, `operator_uid`, `update_time`, `field_param`) VALUES ((@field_id := @field_id + 1), 'contract', 'paidTime', '预计付款时间', 'Long', '32', '/30/32/', '0', NULL, '2', '1', NOW(), NULL, NULL, '{\"fieldParamType\": \"datetime\", \"length\": 32}');
INSERT INTO `eh_var_fields` (`id`, `module_name`, `name`, `display_name`, `field_type`, `group_id`, `group_path`, `mandatory_flag`, `default_order`, `status`, `creator_uid`, `create_time`, `operator_uid`, `update_time`, `field_param`) VALUES ((@field_id := @field_id + 1), 'contract', 'treatyParticulars', '合同摘要', 'String', '32', '/30/32/', '0', NULL, '2', '1', NOW(), NULL, NULL, '{\"fieldParamType\": \"richText\", \"length\": 1024}');
INSERT INTO `eh_var_fields` (`id`, `module_name`, `name`, `display_name`, `field_type`, `group_id`, `group_path`, `mandatory_flag`, `default_order`, `status`, `creator_uid`, `create_time`, `operator_uid`, `update_time`, `field_param`) VALUES ((@field_id := @field_id + 1), 'contract', 'remark', '备注', 'String', '32', '/30/32/', '0', NULL, '2', '1', NOW(), NULL, NULL, '{\"fieldParamType\": \"richText\", \"length\": 1024}');
INSERT INTO `eh_var_fields` (`id`, `module_name`, `name`, `display_name`, `field_type`, `group_id`, `group_path`, `mandatory_flag`, `default_order`, `status`, `creator_uid`, `create_time`, `operator_uid`, `update_time`, `field_param`) VALUES ((@field_id := @field_id + 1), 'contract', 'attachments', '附件', 'List<ContractAttachmentDTO>', '32', '/30/32/', '0', NULL, '2', '1', NOW(), NULL, NULL, '{\"fieldParamType\": \"file\", \"length\": 9}');





