INSERT INTO `eh_var_field_groups` (`id`, `module_name`, `parent_id`, `path`, `title`, `name`, `mandatory_flag`, `default_order`, `status`, `creator_uid`, `create_time`) 
    VALUES ('1', 'enterprise_customer', '0', '/1', '基本信息', 'basicInfo', '0', NULL, '2', '1', UTC_TIMESTAMP());
INSERT INTO `eh_var_field_groups` (`id`, `module_name`, `parent_id`, `path`, `title`, `name`, `mandatory_flag`, `default_order`, `status`, `creator_uid`, `create_time`) 
    VALUES ('2', 'enterprise_customer', '0', '/2', '税务信息', 'taxInfo', '0', NULL, '2', '1', UTC_TIMESTAMP());
INSERT INTO `eh_var_field_groups` (`id`, `module_name`, `parent_id`, `path`, `title`, `name`, `mandatory_flag`, `default_order`, `status`, `creator_uid`, `create_time`) 
    VALUES ('3', 'enterprise_customer', '0', '/3', '银行账号', 'accountInfo', '0', NULL, '2', '1', UTC_TIMESTAMP());
INSERT INTO `eh_var_field_groups` (`id`, `module_name`, `parent_id`, `path`, `title`, `name`, `mandatory_flag`, `default_order`, `status`, `creator_uid`, `create_time`) 
    VALUES ('4', 'enterprise_customer', '0', '/4', '人才团队信息', 'talentInfo', '0', NULL, '2', '1', UTC_TIMESTAMP());
INSERT INTO `eh_var_field_groups` (`id`, `module_name`, `parent_id`, `path`, `title`, `name`, `mandatory_flag`, `default_order`, `status`, `creator_uid`, `create_time`) 
    VALUES ('5', 'enterprise_customer', '0', '/5', '知识产权信息', 'intellectualPropertyInfo', '0', NULL, '2', '1', UTC_TIMESTAMP());
INSERT INTO `eh_var_field_groups` (`id`, `module_name`, `parent_id`, `path`, `title`, `name`, `mandatory_flag`, `default_order`, `status`, `creator_uid`, `create_time`) 
    VALUES ('6', 'enterprise_customer', '0', '/6', '申报项目', 'project', '0', NULL, '2', '1', UTC_TIMESTAMP());
INSERT INTO `eh_var_field_groups` (`id`, `module_name`, `parent_id`, `path`, `title`, `name`, `mandatory_flag`, `default_order`, `status`, `creator_uid`, `create_time`) 
    VALUES ('7', 'enterprise_customer', '0', '/7', '工商信息', 'commercialInfo', '0', NULL, '2', '1', UTC_TIMESTAMP());
INSERT INTO `eh_var_field_groups` (`id`, `module_name`, `parent_id`, `path`, `title`, `name`, `mandatory_flag`, `default_order`, `status`, `creator_uid`, `create_time`) 
    VALUES ('8', 'enterprise_customer', '0', '/8', '投融情况', 'financingInfo', '0', NULL, '2', '1', UTC_TIMESTAMP());
INSERT INTO `eh_var_field_groups` (`id`, `module_name`, `parent_id`, `path`, `title`, `name`, `mandatory_flag`, `default_order`, `status`, `creator_uid`, `create_time`) 
    VALUES ('9', 'enterprise_customer', '0', '/9', '经济指标', 'economicIndicator', '0', NULL, '2', '1', UTC_TIMESTAMP());
INSERT INTO `eh_var_field_groups` (`id`, `module_name`, `parent_id`, `path`, `title`, `name`, `mandatory_flag`, `default_order`, `status`, `creator_uid`, `create_time`) 
    VALUES ('10', 'enterprise_customer', '1', '/1/10', '基本信息', 'basic', '0', NULL, '2', '1', UTC_TIMESTAMP());
INSERT INTO `eh_var_field_groups` (`id`, `module_name`, `parent_id`, `path`, `title`, `name`, `mandatory_flag`, `default_order`, `status`, `creator_uid`, `create_time`) 
    VALUES ('11', 'enterprise_customer', '1', '/1/11', '企业情况', 'enterpriseInfo', '0', NULL, '2', '1', UTC_TIMESTAMP());
INSERT INTO `eh_var_field_groups` (`id`, `module_name`, `parent_id`, `path`, `title`, `name`, `mandatory_flag`, `default_order`, `status`, `creator_uid`, `create_time`) 
    VALUES ('12', 'enterprise_customer', '1', '/1/12', '员工情况', 'memberInfo', '0', NULL, '2', '1', UTC_TIMESTAMP());
    
INSERT INTO `eh_var_field_group_scopes` (`id`, `namespace_id`, `module_name`, `group_id`, `group_display_name`, `default_order`, `status`, `creator_uid`, `create_time`) VALUES ('1', '999992', 'enterprise_customer', '1', '基本信息', '1', '2', '1', UTC_TIMESTAMP());
INSERT INTO `eh_var_field_group_scopes` (`id`, `namespace_id`, `module_name`, `group_id`, `group_display_name`, `default_order`, `status`, `creator_uid`, `create_time`) VALUES ('2', '999992', 'enterprise_customer', '2', '税务信息', '2', '2', '1', UTC_TIMESTAMP());
INSERT INTO `eh_var_field_group_scopes` (`id`, `namespace_id`, `module_name`, `group_id`, `group_display_name`, `default_order`, `status`, `creator_uid`, `create_time`) VALUES ('3', '999992', 'enterprise_customer', '3', '银行账号', '3', '2', '1', UTC_TIMESTAMP());
INSERT INTO `eh_var_field_group_scopes` (`id`, `namespace_id`, `module_name`, `group_id`, `group_display_name`, `default_order`, `status`, `creator_uid`, `create_time`) VALUES ('4', '999992', 'enterprise_customer', '4', '人才团队信息', '4', '2', '1', UTC_TIMESTAMP());
INSERT INTO `eh_var_field_group_scopes` (`id`, `namespace_id`, `module_name`, `group_id`, `group_display_name`, `default_order`, `status`, `creator_uid`, `create_time`) VALUES ('5', '999992', 'enterprise_customer', '5', '知识产权信息', '5', '2', '1', UTC_TIMESTAMP());
INSERT INTO `eh_var_field_group_scopes` (`id`, `namespace_id`, `module_name`, `group_id`, `group_display_name`, `default_order`, `status`, `creator_uid`, `create_time`) VALUES ('6', '999992', 'enterprise_customer', '6', '申报项目', '6', '2', '1', UTC_TIMESTAMP());
INSERT INTO `eh_var_field_group_scopes` (`id`, `namespace_id`, `module_name`, `group_id`, `group_display_name`, `default_order`, `status`, `creator_uid`, `create_time`) VALUES ('7', '999992', 'enterprise_customer', '7', '工商信息', '7', '2', '1', UTC_TIMESTAMP());
INSERT INTO `eh_var_field_group_scopes` (`id`, `namespace_id`, `module_name`, `group_id`, `group_display_name`, `default_order`, `status`, `creator_uid`, `create_time`) VALUES ('8', '999992', 'enterprise_customer', '8', '投融情况', '8', '2', '1', UTC_TIMESTAMP());
INSERT INTO `eh_var_field_group_scopes` (`id`, `namespace_id`, `module_name`, `group_id`, `group_display_name`, `default_order`, `status`, `creator_uid`, `create_time`) VALUES ('9', '999992', 'enterprise_customer', '9', '经济指标', '9', '2', '1', UTC_TIMESTAMP());
INSERT INTO `eh_var_field_group_scopes` (`id`, `namespace_id`, `module_name`, `group_id`, `group_display_name`, `default_order`, `status`, `creator_uid`, `create_time`) VALUES ('10', '999992', 'enterprise_customer', '10', '基本信息', '1', '2', '1', UTC_TIMESTAMP());
INSERT INTO `eh_var_field_group_scopes` (`id`, `namespace_id`, `module_name`, `group_id`, `group_display_name`, `default_order`, `status`, `creator_uid`, `create_time`) VALUES ('11', '999992', 'enterprise_customer', '11', '企业情况', '2', '2', '1', UTC_TIMESTAMP());
INSERT INTO `eh_var_field_group_scopes` (`id`, `namespace_id`, `module_name`, `group_id`, `group_display_name`, `default_order`, `status`, `creator_uid`, `create_time`) VALUES ('12', '999992', 'enterprise_customer', '12', '员工情况', '3', '2', '1', UTC_TIMESTAMP());


    
INSERT INTO `eh_var_fields` (`id`, `module_name`, `name`, `display_name`, `field_type`, `group_id`, `group_path`, `mandatory_flag`, `default_order`, `status`, `creator_uid`, `create_time`) VALUES ('1', 'enterprise_customer', 'customerNumber', '客户信息', 'String', '10', '/1/10', '0', NULL, '2', '1', UTC_TIMESTAMP());
INSERT INTO `eh_var_fields` (`id`, `module_name`, `name`, `display_name`, `field_type`, `group_id`, `group_path`, `mandatory_flag`, `default_order`, `status`, `creator_uid`, `create_time`) VALUES ('2', 'enterprise_customer', 'name', '客户名称', 'String', '10', '/1/10', '0', NULL, '2', '1', UTC_TIMESTAMP());
INSERT INTO `eh_var_fields` (`id`, `module_name`, `name`, `display_name`, `field_type`, `group_id`, `group_path`, `mandatory_flag`, `default_order`, `status`, `creator_uid`, `create_time`) VALUES ('3', 'enterprise_customer', 'nickName', '简称', 'String', '10', '/1/10', '0', NULL, '2', '1', UTC_TIMESTAMP());
INSERT INTO `eh_var_fields` (`id`, `module_name`, `name`, `display_name`, `field_type`, `group_id`, `group_path`, `mandatory_flag`, `default_order`, `status`, `creator_uid`, `create_time`) VALUES ('4', 'enterprise_customer', 'categoryItemId', '客户类型', 'Long', '10', '/1/10', '0', NULL, '2', '1', UTC_TIMESTAMP());
INSERT INTO `eh_var_fields` (`id`, `module_name`, `name`, `display_name`, `field_type`, `group_id`, `group_path`, `mandatory_flag`, `default_order`, `status`, `creator_uid`, `create_time`) VALUES ('5', 'enterprise_customer', 'levelItemId', '客户级别', 'Long', '10', '/1/10', '0', NULL, '2', '1', UTC_TIMESTAMP());
INSERT INTO `eh_var_fields` (`id`, `module_name`, `name`, `display_name`, `field_type`, `group_id`, `group_path`, `mandatory_flag`, `default_order`, `status`, `creator_uid`, `create_time`) VALUES ('6', 'enterprise_customer', 'sourceItemId', '认知途径', 'Long', '10', '/1/10', '0', NULL, '2', '1', UTC_TIMESTAMP());
INSERT INTO `eh_var_fields` (`id`, `module_name`, `name`, `display_name`, `field_type`, `group_id`, `group_path`, `mandatory_flag`, `default_order`, `status`, `creator_uid`, `create_time`) VALUES ('7', 'enterprise_customer', 'contactName', '联系人', 'String', '10', '/1/10', '0', NULL, '2', '1', UTC_TIMESTAMP());
INSERT INTO `eh_var_fields` (`id`, `module_name`, `name`, `display_name`, `field_type`, `group_id`, `group_path`, `mandatory_flag`, `default_order`, `status`, `creator_uid`, `create_time`) VALUES ('8', 'enterprise_customer', 'contactGenderItemId', '联系人性别', 'Long', '10', '/1/10', '0', NULL, '2', '1', UTC_TIMESTAMP());
INSERT INTO `eh_var_fields` (`id`, `module_name`, `name`, `display_name`, `field_type`, `group_id`, `group_path`, `mandatory_flag`, `default_order`, `status`, `creator_uid`, `create_time`) VALUES ('9', 'enterprise_customer', 'contactMobile', '手机号码', 'String', '10', '/1/10', '0', NULL, '2', '1', UTC_TIMESTAMP());
INSERT INTO `eh_var_fields` (`id`, `module_name`, `name`, `display_name`, `field_type`, `group_id`, `group_path`, `mandatory_flag`, `default_order`, `status`, `creator_uid`, `create_time`) VALUES ('10', 'enterprise_customer', 'contactPhone', '座机号码', 'String', '10', '/1/10', '0', NULL, '2', '1', UTC_TIMESTAMP());
INSERT INTO `eh_var_fields` (`id`, `module_name`, `name`, `display_name`, `field_type`, `group_id`, `group_path`, `mandatory_flag`, `default_order`, `status`, `creator_uid`, `create_time`) VALUES ('11', 'enterprise_customer', 'contactOffficePhone', '办公电话', 'String', '10', '/1/10', '0', NULL, '2', '1', UTC_TIMESTAMP());
INSERT INTO `eh_var_fields` (`id`, `module_name`, `name`, `display_name`, `field_type`, `group_id`, `group_path`, `mandatory_flag`, `default_order`, `status`, `creator_uid`, `create_time`) VALUES ('12', 'enterprise_customer', 'contactFamilyPhone', '家庭电话', 'String', '10', '/1/10', '0', NULL, '2', '1', UTC_TIMESTAMP());
INSERT INTO `eh_var_fields` (`id`, `module_name`, `name`, `display_name`, `field_type`, `group_id`, `group_path`, `mandatory_flag`, `default_order`, `status`, `creator_uid`, `create_time`) VALUES ('13', 'enterprise_customer', 'contactEmail', '电子邮件', 'String', '10', '/1/10', '0', NULL, '2', '1', UTC_TIMESTAMP());
INSERT INTO `eh_var_fields` (`id`, `module_name`, `name`, `display_name`, `field_type`, `group_id`, `group_path`, `mandatory_flag`, `default_order`, `status`, `creator_uid`, `create_time`) VALUES ('14', 'enterprise_customer', 'contactFax', '传真', 'String', '10', '/1/10', '0', NULL, '2', '1', UTC_TIMESTAMP());
INSERT INTO `eh_var_fields` (`id`, `module_name`, `name`, `display_name`, `field_type`, `group_id`, `group_path`, `mandatory_flag`, `default_order`, `status`, `creator_uid`, `create_time`) VALUES ('15', 'enterprise_customer', 'contactAddress', '地址', 'String', '10', '/1/10', '0', NULL, '2', '1', UTC_TIMESTAMP());
INSERT INTO `eh_var_fields` (`id`, `module_name`, `name`, `display_name`, `field_type`, `group_id`, `group_path`, `mandatory_flag`, `default_order`, `status`, `creator_uid`, `create_time`) VALUES ('16', 'enterprise_customer', 'corpEmail', '企业邮箱', 'String', '11', '/1/11', '0', NULL, '2', '1', UTC_TIMESTAMP());
INSERT INTO `eh_var_fields` (`id`, `module_name`, `name`, `display_name`, `field_type`, `group_id`, `group_path`, `mandatory_flag`, `default_order`, `status`, `creator_uid`, `create_time`) VALUES ('17', 'enterprise_customer', 'corpWebsite', '企业网址', 'String', '11', '/1/11', '0', NULL, '2', '1', UTC_TIMESTAMP());
INSERT INTO `eh_var_fields` (`id`, `module_name`, `name`, `display_name`, `field_type`, `group_id`, `group_path`, `mandatory_flag`, `default_order`, `status`, `creator_uid`, `create_time`) VALUES ('18', 'enterprise_customer', 'corpRegAddress', '注册地址', 'String', '11', '/1/11', '0', NULL, '2', '1', UTC_TIMESTAMP());
INSERT INTO `eh_var_fields` (`id`, `module_name`, `name`, `display_name`, `field_type`, `group_id`, `group_path`, `mandatory_flag`, `default_order`, `status`, `creator_uid`, `create_time`) VALUES ('19', 'enterprise_customer', 'corpOpAddress', '经营地址', 'String', '11', '/1/11', '0', NULL, '2', '1', UTC_TIMESTAMP());
INSERT INTO `eh_var_fields` (`id`, `module_name`, `name`, `display_name`, `field_type`, `group_id`, `group_path`, `mandatory_flag`, `default_order`, `status`, `creator_uid`, `create_time`) VALUES ('20', 'enterprise_customer', 'corpLegalPerson', '法人代表', 'String', '11', '/1/11', '0', NULL, '2', '1', UTC_TIMESTAMP());
INSERT INTO `eh_var_fields` (`id`, `module_name`, `name`, `display_name`, `field_type`, `group_id`, `group_path`, `mandatory_flag`, `default_order`, `status`, `creator_uid`, `create_time`) VALUES ('21', 'enterprise_customer', 'corpRegCapital', '注册资金(万元）', 'BigDecimal', '11', '/1/11', '0', NULL, '2', '1', UTC_TIMESTAMP());
INSERT INTO `eh_var_fields` (`id`, `module_name`, `name`, `display_name`, `field_type`, `group_id`, `group_path`, `mandatory_flag`, `default_order`, `status`, `creator_uid`, `create_time`) VALUES ('22', 'enterprise_customer', 'corpNatureItemId', '企业性质', 'Long', '11', '/1/11', '0', NULL, '2', '1', UTC_TIMESTAMP());
INSERT INTO `eh_var_fields` (`id`, `module_name`, `name`, `display_name`, `field_type`, `group_id`, `group_path`, `mandatory_flag`, `default_order`, `status`, `creator_uid`, `create_time`) VALUES ('23', 'enterprise_customer', 'corpScale', '企业规模', 'BigDecimal', '11', '/1/11', '0', NULL, '2', '1', UTC_TIMESTAMP());
INSERT INTO `eh_var_fields` (`id`, `module_name`, `name`, `display_name`, `field_type`, `group_id`, `group_path`, `mandatory_flag`, `default_order`, `status`, `creator_uid`, `create_time`) VALUES ('24', 'enterprise_customer', 'corpIndustryItemId', '行业类型', 'Long', '11', '/1/11', '0', NULL, '2', '1', UTC_TIMESTAMP());
INSERT INTO `eh_var_fields` (`id`, `module_name`, `name`, `display_name`, `field_type`, `group_id`, `group_path`, `mandatory_flag`, `default_order`, `status`, `creator_uid`, `create_time`) VALUES ('25', 'enterprise_customer', 'corpPurposeItemId', '企业定位', 'Long', '11', '/1/11', '0', NULL, '2', '1', UTC_TIMESTAMP());
INSERT INTO `eh_var_fields` (`id`, `module_name`, `name`, `display_name`, `field_type`, `group_id`, `group_path`, `mandatory_flag`, `default_order`, `status`, `creator_uid`, `create_time`) VALUES ('26', 'enterprise_customer', 'corpAnnualTurnover', '年营业额(万元)', 'BigDecimal', '11', '/1/11', '0', NULL, '2', '1', UTC_TIMESTAMP());
INSERT INTO `eh_var_fields` (`id`, `module_name`, `name`, `display_name`, `field_type`, `group_id`, `group_path`, `mandatory_flag`, `default_order`, `status`, `creator_uid`, `create_time`) VALUES ('27', 'enterprise_customer', 'corpBusinessScope', '营业范围', 'String', '11', '/1/11', '0', NULL, '2', '1', UTC_TIMESTAMP());
INSERT INTO `eh_var_fields` (`id`, `module_name`, `name`, `display_name`, `field_type`, `group_id`, `group_path`, `mandatory_flag`, `default_order`, `status`, `creator_uid`, `create_time`) VALUES ('28', 'enterprise_customer', 'corpBusinessLicense', '营业执照号', 'String', '11', '/1/11', '0', NULL, '2', '1', UTC_TIMESTAMP());
INSERT INTO `eh_var_fields` (`id`, `module_name`, `name`, `display_name`, `field_type`, `group_id`, `group_path`, `mandatory_flag`, `default_order`, `status`, `creator_uid`, `create_time`) VALUES ('30', 'enterprise_customer', 'contactAddressId', '门牌号', 'Long', '11', '/1/11', '0', NULL, '2', '1', UTC_TIMESTAMP());
INSERT INTO `eh_var_fields` (`id`, `module_name`, `name`, `display_name`, `field_type`, `group_id`, `group_path`, `mandatory_flag`, `default_order`, `status`, `creator_uid`, `create_time`) VALUES ('31', 'enterprise_customer', 'corpSiteArea', '场地面积', 'BigDecimal', '11', '/1/11', '0', NULL, '2', '1', UTC_TIMESTAMP());
INSERT INTO `eh_var_fields` (`id`, `module_name`, `name`, `display_name`, `field_type`, `group_id`, `group_path`, `mandatory_flag`, `default_order`, `status`, `creator_uid`, `create_time`) VALUES ('32', 'enterprise_customer', 'corpEntryDate', '入住园区日期', 'Date', '11', '/1/11', '0', NULL, '2', '1', UTC_TIMESTAMP());
INSERT INTO `eh_var_fields` (`id`, `module_name`, `name`, `display_name`, `field_type`, `group_id`, `group_path`, `mandatory_flag`, `default_order`, `status`, `creator_uid`, `create_time`) VALUES ('33', 'enterprise_customer', 'corpProductCategoryItemId', '产品类型', 'Long', '11', '/1/11', '0', NULL, '2', '1', UTC_TIMESTAMP());
INSERT INTO `eh_var_fields` (`id`, `module_name`, `name`, `display_name`, `field_type`, `group_id`, `group_path`, `mandatory_flag`, `default_order`, `status`, `creator_uid`, `create_time`) VALUES ('34', 'enterprise_customer', 'corpProductDesc', '主要技术及产品', 'String', '11', '/1/11', '0', NULL, '2', '1', UTC_TIMESTAMP());
INSERT INTO `eh_var_fields` (`id`, `module_name`, `name`, `display_name`, `field_type`, `group_id`, `group_path`, `mandatory_flag`, `default_order`, `status`, `creator_uid`, `create_time`) VALUES ('35', 'enterprise_customer', 'corpQualificationItemId', '企业资质认证', 'Long', '11', '/1/11', '0', NULL, '2', '1', UTC_TIMESTAMP());
INSERT INTO `eh_var_fields` (`id`, `module_name`, `name`, `display_name`, `field_type`, `group_id`, `group_path`, `mandatory_flag`, `default_order`, `status`, `creator_uid`, `create_time`) VALUES ('36', 'enterprise_customer', 'corpLogoUri', '企业LOGO', 'String', '11', '/1/11', '0', NULL, '2', '1', UTC_TIMESTAMP());
INSERT INTO `eh_var_fields` (`id`, `module_name`, `name`, `display_name`, `field_type`, `group_id`, `group_path`, `mandatory_flag`, `default_order`, `status`, `creator_uid`, `create_time`) VALUES ('37', 'enterprise_customer', 'corpDescription', '企业简介', 'String', '11', '/1/11', '0', NULL, '2', '1', UTC_TIMESTAMP());
INSERT INTO `eh_var_fields` (`id`, `module_name`, `name`, `display_name`, `field_type`, `group_id`, `group_path`, `mandatory_flag`, `default_order`, `status`, `creator_uid`, `create_time`) VALUES ('38', 'enterprise_customer', 'corpEmployeeAmount', '员工总数', 'Integer', '12', '/1/12', '0', NULL, '2', '1', UTC_TIMESTAMP());
INSERT INTO `eh_var_fields` (`id`, `module_name`, `name`, `display_name`, `field_type`, `group_id`, `group_path`, `mandatory_flag`, `default_order`, `status`, `creator_uid`, `create_time`) VALUES ('39', 'enterprise_customer', 'corpEmployeeAverageAge', '员工平均年龄', 'Integer', '12', '/1/12', '0', NULL, '2', '1', UTC_TIMESTAMP());
INSERT INTO `eh_var_fields` (`id`, `module_name`, `name`, `display_name`, `field_type`, `group_id`, `group_path`, `mandatory_flag`, `default_order`, `status`, `creator_uid`, `create_time`) VALUES ('40', 'enterprise_customer', 'corpManagerAverageAge', '高管平均年龄', 'Integer', '12', '/1/12', '0', NULL, '2', '1', UTC_TIMESTAMP());
INSERT INTO `eh_var_fields` (`id`, `module_name`, `name`, `display_name`, `field_type`, `group_id`, `group_path`, `mandatory_flag`, `default_order`, `status`, `creator_uid`, `create_time`) VALUES ('41', 'enterprise_customer', 'corpEmployeeAmountFemale', '女性员工总数', 'Integer', '12', '/1/12', '0', NULL, '2', '1', UTC_TIMESTAMP());
INSERT INTO `eh_var_fields` (`id`, `module_name`, `name`, `display_name`, `field_type`, `group_id`, `group_path`, `mandatory_flag`, `default_order`, `status`, `creator_uid`, `create_time`) VALUES ('42', 'enterprise_customer', 'corpEmployeeAmountMale', '男性员工总数', 'Integer', '12', '/1/12', '0', NULL, '2', '1', UTC_TIMESTAMP());
INSERT INTO `eh_var_fields` (`id`, `module_name`, `name`, `display_name`, `field_type`, `group_id`, `group_path`, `mandatory_flag`, `default_order`, `status`, `creator_uid`, `create_time`) VALUES ('43', 'enterprise_customer', 'corpEmployeeAmountRd', '研发员工总数', 'Integer', '12', '/1/12', '0', NULL, '2', '1', UTC_TIMESTAMP());
INSERT INTO `eh_var_fields` (`id`, `module_name`, `name`, `display_name`, `field_type`, `group_id`, `group_path`, `mandatory_flag`, `default_order`, `status`, `creator_uid`, `create_time`) VALUES ('44', 'enterprise_customer', 'corpEmployeeReturneeRate', '海归人数占比', 'Integer', '12', '/1/12', '0', NULL, '2', '1', UTC_TIMESTAMP());
INSERT INTO `eh_var_fields` (`id`, `module_name`, `name`, `display_name`, `field_type`, `group_id`, `group_path`, `mandatory_flag`, `default_order`, `status`, `creator_uid`, `create_time`) VALUES ('45', 'enterprise_customer', 'managerName', '总经理', 'String', '12', '/1/12', '0', NULL, '2', '1', UTC_TIMESTAMP());
INSERT INTO `eh_var_fields` (`id`, `module_name`, `name`, `display_name`, `field_type`, `group_id`, `group_path`, `mandatory_flag`, `default_order`, `status`, `creator_uid`, `create_time`) VALUES ('46', 'enterprise_customer', 'managerPhone', '总经理电话', 'String', '12', '/1/12', '0', NULL, '2', '1', UTC_TIMESTAMP());
INSERT INTO `eh_var_fields` (`id`, `module_name`, `name`, `display_name`, `field_type`, `group_id`, `group_path`, `mandatory_flag`, `default_order`, `status`, `creator_uid`, `create_time`) VALUES ('47', 'enterprise_customer', 'managerEmail', '总经理邮箱', 'String', '12', '/1/12', '0', NULL, '2', '1', UTC_TIMESTAMP());
INSERT INTO `eh_var_fields` (`id`, `module_name`, `name`, `display_name`, `field_type`, `group_id`, `group_path`, `mandatory_flag`, `default_order`, `status`, `creator_uid`, `create_time`) VALUES ('48', 'enterprise_customer', 'remark', '备注', 'String', '12', '/1/12', '0', NULL, '2', '1', UTC_TIMESTAMP());

INSERT INTO `eh_var_fields` (`id`, `module_name`, `name`, `display_name`, `field_type`, `group_id`, `group_path`, `mandatory_flag`, `default_order`, `status`, `creator_uid`, `create_time`) VALUES ('49', 'enterprise_customer', 'customerNumber', '客户编号', 'String', '2', '/2', '0', NULL, '2', '1', UTC_TIMESTAMP());
INSERT INTO `eh_var_fields` (`id`, `module_name`, `name`, `display_name`, `field_type`, `group_id`, `group_path`, `mandatory_flag`, `default_order`, `status`, `creator_uid`, `create_time`) VALUES ('50', 'enterprise_customer', 'customerName', '客户名称', 'String', '2', '/2', '0', NULL, '2', '1', UTC_TIMESTAMP());
INSERT INTO `eh_var_fields` (`id`, `module_name`, `name`, `display_name`, `field_type`, `group_id`, `group_path`, `mandatory_flag`, `default_order`, `status`, `creator_uid`, `create_time`) VALUES ('51', 'enterprise_customer', 'taxpayerTypeItemId', '报税人类型', 'Long', '2', '/2', '0', NULL, '2', '1', UTC_TIMESTAMP());
INSERT INTO `eh_var_fields` (`id`, `module_name`, `name`, `display_name`, `field_type`, `group_id`, `group_path`, `mandatory_flag`, `default_order`, `status`, `creator_uid`, `create_time`) VALUES ('52', 'enterprise_customer', 'taxpayerName', '报税人', 'String', '2', '/2', '0', NULL, '2', '1', UTC_TIMESTAMP());
INSERT INTO `eh_var_fields` (`id`, `module_name`, `name`, `display_name`, `field_type`, `group_id`, `group_path`, `mandatory_flag`, `default_order`, `status`, `creator_uid`, `create_time`) VALUES ('53', 'enterprise_customer', 'taxpayerIdentification', '报税人税号', 'String', '2', '/2', '0', NULL, '2', '1', UTC_TIMESTAMP());
INSERT INTO `eh_var_fields` (`id`, `module_name`, `name`, `display_name`, `field_type`, `group_id`, `group_path`, `mandatory_flag`, `default_order`, `status`, `creator_uid`, `create_time`) VALUES ('54', 'enterprise_customer', 'taxpayerAddress', '地址', 'String', '2', '/2', '0', NULL, '2', '1', UTC_TIMESTAMP());
INSERT INTO `eh_var_fields` (`id`, `module_name`, `name`, `display_name`, `field_type`, `group_id`, `group_path`, `mandatory_flag`, `default_order`, `status`, `creator_uid`, `create_time`) VALUES ('55', 'enterprise_customer', 'taxPhone', '联系电话', 'String', '2', '/2', '0', NULL, '2', '1', UTC_TIMESTAMP());
INSERT INTO `eh_var_fields` (`id`, `module_name`, `name`, `display_name`, `field_type`, `group_id`, `group_path`, `mandatory_flag`, `default_order`, `status`, `creator_uid`, `create_time`) VALUES ('56', 'enterprise_customer', 'taxBank', '开户行名称', 'String', '2', '/2', '0', NULL, '2', '1', UTC_TIMESTAMP());
INSERT INTO `eh_var_fields` (`id`, `module_name`, `name`, `display_name`, `field_type`, `group_id`, `group_path`, `mandatory_flag`, `default_order`, `status`, `creator_uid`, `create_time`) VALUES ('57', 'enterprise_customer', 'taxAccountNumber', '开户行账号', 'String', '2', '/2', '0', NULL, '2', '1', UTC_TIMESTAMP());
INSERT INTO `eh_var_fields` (`id`, `module_name`, `name`, `display_name`, `field_type`, `group_id`, `group_path`, `mandatory_flag`, `default_order`, `status`, `creator_uid`, `create_time`) VALUES ('58', 'enterprise_customer', 'customerType', '身份属性', 'Byte', '2', '/2', '0', NULL, '2', '1', UTC_TIMESTAMP());

INSERT INTO `eh_var_fields` (`id`, `module_name`, `name`, `display_name`, `field_type`, `group_id`, `group_path`, `mandatory_flag`, `default_order`, `status`, `creator_uid`, `create_time`) VALUES ('59', 'enterprise_customer', 'customerNumber', '客户编号', 'String', '3', '/3', '0', NULL, '2', '1', UTC_TIMESTAMP());
INSERT INTO `eh_var_fields` (`id`, `module_name`, `name`, `display_name`, `field_type`, `group_id`, `group_path`, `mandatory_flag`, `default_order`, `status`, `creator_uid`, `create_time`) VALUES ('60', 'enterprise_customer', 'customerName', '客户名称', 'String', '3', '/3', '0', NULL, '2', '1', UTC_TIMESTAMP());
INSERT INTO `eh_var_fields` (`id`, `module_name`, `name`, `display_name`, `field_type`, `group_id`, `group_path`, `mandatory_flag`, `default_order`, `status`, `creator_uid`, `create_time`) VALUES ('61', 'enterprise_customer', 'customerType', '身份属性', 'Byte', '3', '/3', '0', NULL, '2', '1', UTC_TIMESTAMP());
INSERT INTO `eh_var_fields` (`id`, `module_name`, `name`, `display_name`, `field_type`, `group_id`, `group_path`, `mandatory_flag`, `default_order`, `status`, `creator_uid`, `create_time`) VALUES ('62', 'enterprise_customer', 'bankName', '开户行名称', 'String', '3', '/3', '0', NULL, '2', '1', UTC_TIMESTAMP());
INSERT INTO `eh_var_fields` (`id`, `module_name`, `name`, `display_name`, `field_type`, `group_id`, `group_path`, `mandatory_flag`, `default_order`, `status`, `creator_uid`, `create_time`) VALUES ('63', 'enterprise_customer', 'accountBranch', '开户网点', 'String', '3', '/3', '0', NULL, '2', '1', UTC_TIMESTAMP());
INSERT INTO `eh_var_fields` (`id`, `module_name`, `name`, `display_name`, `field_type`, `group_id`, `group_path`, `mandatory_flag`, `default_order`, `status`, `creator_uid`, `create_time`) VALUES ('64', 'enterprise_customer', 'accountHolder', '开户人', 'String', '3', '/3', '0', NULL, '2', '1', UTC_TIMESTAMP());
INSERT INTO `eh_var_fields` (`id`, `module_name`, `name`, `display_name`, `field_type`, `group_id`, `group_path`, `mandatory_flag`, `default_order`, `status`, `creator_uid`, `create_time`) VALUES ('65', 'enterprise_customer', 'accountType', '账号类型', 'Byte', '3', '/3', '0', NULL, '2', '1', UTC_TIMESTAMP());
INSERT INTO `eh_var_fields` (`id`, `module_name`, `name`, `display_name`, `field_type`, `group_id`, `group_path`, `mandatory_flag`, `default_order`, `status`, `creator_uid`, `create_time`) VALUES ('66', 'enterprise_customer', 'accountNumber', '账号', 'String', '3', '/3', '0', NULL, '2', '1', UTC_TIMESTAMP());
INSERT INTO `eh_var_fields` (`id`, `module_name`, `name`, `display_name`, `field_type`, `group_id`, `group_path`, `mandatory_flag`, `default_order`, `status`, `creator_uid`, `create_time`) VALUES ('67', 'enterprise_customer', 'province', '开户行所在省', 'String', '3', '/3', '0', NULL, '2', '1', UTC_TIMESTAMP());
INSERT INTO `eh_var_fields` (`id`, `module_name`, `name`, `display_name`, `field_type`, `group_id`, `group_path`, `mandatory_flag`, `default_order`, `status`, `creator_uid`, `create_time`) VALUES ('68', 'enterprise_customer', 'city', '开户行所在市', 'String', '3', '/3', '0', NULL, '2', '1', UTC_TIMESTAMP());
INSERT INTO `eh_var_fields` (`id`, `module_name`, `name`, `display_name`, `field_type`, `group_id`, `group_path`, `mandatory_flag`, `default_order`, `status`, `creator_uid`, `create_time`) VALUES ('69', 'enterprise_customer', 'remark', '备注', 'String', '3', '/3', '0', NULL, '2', '1', UTC_TIMESTAMP());

INSERT INTO `eh_var_field_scopes` (`id`, `namespace_id`, `module_name`, `group_id`, `field_id`, `field_param`, `field_display_name`, `mandatory_flag`, `default_order`, `status`, `creator_uid`, `create_time`) VALUES ('1', '999992', 'enterprise_customer', '10', '1', '{fieldParamType: "text", length: 32}', '客户信息', '1', '1', '2', '1', UTC_TIMESTAMP());
INSERT INTO `eh_var_field_scopes` (`id`, `namespace_id`, `module_name`, `group_id`, `field_id`, `field_param`, `field_display_name`, `mandatory_flag`, `default_order`, `status`, `creator_uid`, `create_time`) VALUES ('2', '999992', 'enterprise_customer', '10', '2', '{fieldParamType: "text", length: 32}', '客户名称', '1', '2', '2', '1', UTC_TIMESTAMP());
INSERT INTO `eh_var_field_scopes` (`id`, `namespace_id`, `module_name`, `group_id`, `field_id`, `field_param`, `field_display_name`, `mandatory_flag`, `default_order`, `status`, `creator_uid`, `create_time`) VALUES ('3', '999992', 'enterprise_customer', '10', '3', '{fieldParamType: "text", length: 32}', '简称', '1', '3', '2', '1', UTC_TIMESTAMP());
INSERT INTO `eh_var_field_scopes` (`id`, `namespace_id`, `module_name`, `group_id`, `field_id`, `field_param`, `field_display_name`, `mandatory_flag`, `default_order`, `status`, `creator_uid`, `create_time`) VALUES ('4', '999992', 'enterprise_customer', '10', '4', '{fieldParamType: "select", length: 32}', '客户类型', '1', '4', '2', '1', UTC_TIMESTAMP());
INSERT INTO `eh_var_field_scopes` (`id`, `namespace_id`, `module_name`, `group_id`, `field_id`, `field_param`, `field_display_name`, `mandatory_flag`, `default_order`, `status`, `creator_uid`, `create_time`) VALUES ('5', '999992', 'enterprise_customer', '10', '5', '{fieldParamType: "select", length: 32}', '客户级别', '1', '5', '2', '1', UTC_TIMESTAMP());
INSERT INTO `eh_var_field_scopes` (`id`, `namespace_id`, `module_name`, `group_id`, `field_id`, `field_param`, `field_display_name`, `mandatory_flag`, `default_order`, `status`, `creator_uid`, `create_time`) VALUES ('6', '999992', 'enterprise_customer', '10', '6', '{fieldParamType: "select", length: 32}', '认知途径', '1', '6', '2', '1', UTC_TIMESTAMP());
INSERT INTO `eh_var_field_scopes` (`id`, `namespace_id`, `module_name`, `group_id`, `field_id`, `field_param`, `field_display_name`, `mandatory_flag`, `default_order`, `status`, `creator_uid`, `create_time`) VALUES ('7', '999992', 'enterprise_customer', '10', '7', '{fieldParamType: "text", length: 32}', '联系人', '1', '7', '2', '1', UTC_TIMESTAMP());
INSERT INTO `eh_var_field_scopes` (`id`, `namespace_id`, `module_name`, `group_id`, `field_id`, `field_param`, `field_display_name`, `mandatory_flag`, `default_order`, `status`, `creator_uid`, `create_time`) VALUES ('8', '999992', 'enterprise_customer', '10', '8', '{fieldParamType: "select", length: 32}', '联系人性别', '1', '8', '2', '1', UTC_TIMESTAMP());
INSERT INTO `eh_var_field_scopes` (`id`, `namespace_id`, `module_name`, `group_id`, `field_id`, `field_param`, `field_display_name`, `mandatory_flag`, `default_order`, `status`, `creator_uid`, `create_time`) VALUES ('9', '999992', 'enterprise_customer', '10', '9', '{fieldParamType: "text", length: 32}', '手机号码', '1', '9', '2', '1', UTC_TIMESTAMP());
INSERT INTO `eh_var_field_scopes` (`id`, `namespace_id`, `module_name`, `group_id`, `field_id`, `field_param`, `field_display_name`, `mandatory_flag`, `default_order`, `status`, `creator_uid`, `create_time`) VALUES ('10', '999992', 'enterprise_customer', '10', '10', '{fieldParamType: "text", length: 32}', '座机号码', '1', '10', '2', '1', UTC_TIMESTAMP());
INSERT INTO `eh_var_field_scopes` (`id`, `namespace_id`, `module_name`, `group_id`, `field_id`, `field_param`, `field_display_name`, `mandatory_flag`, `default_order`, `status`, `creator_uid`, `create_time`) VALUES ('11', '999992', 'enterprise_customer', '10', '11', '{fieldParamType: "text", length: 32}', '办公电话', '1', '11', '2', '1', UTC_TIMESTAMP());
INSERT INTO `eh_var_field_scopes` (`id`, `namespace_id`, `module_name`, `group_id`, `field_id`, `field_param`, `field_display_name`, `mandatory_flag`, `default_order`, `status`, `creator_uid`, `create_time`) VALUES ('12', '999992', 'enterprise_customer', '10', '12', '{fieldParamType: "text", length: 32}', '家庭电话', '1', '12', '2', '1', UTC_TIMESTAMP());
INSERT INTO `eh_var_field_scopes` (`id`, `namespace_id`, `module_name`, `group_id`, `field_id`, `field_param`, `field_display_name`, `mandatory_flag`, `default_order`, `status`, `creator_uid`, `create_time`) VALUES ('13', '999992', 'enterprise_customer', '10', '13', '{fieldParamType: "text", length: 32}', '电子邮件', '1', '13', '2', '1', UTC_TIMESTAMP());
INSERT INTO `eh_var_field_scopes` (`id`, `namespace_id`, `module_name`, `group_id`, `field_id`, `field_param`, `field_display_name`, `mandatory_flag`, `default_order`, `status`, `creator_uid`, `create_time`) VALUES ('14', '999992', 'enterprise_customer', '10', '14', '{fieldParamType: "text", length: 32}', '传真', '1', '14', '2', '1', UTC_TIMESTAMP());
INSERT INTO `eh_var_field_scopes` (`id`, `namespace_id`, `module_name`, `group_id`, `field_id`, `field_param`, `field_display_name`, `mandatory_flag`, `default_order`, `status`, `creator_uid`, `create_time`) VALUES ('15', '999992', 'enterprise_customer', '10', '15', '{fieldParamType: "text", length: 32}', '地址', '1', '15', '2', '1', UTC_TIMESTAMP());
INSERT INTO `eh_var_field_scopes` (`id`, `namespace_id`, `module_name`, `group_id`, `field_id`, `field_param`, `field_display_name`, `mandatory_flag`, `default_order`, `status`, `creator_uid`, `create_time`) VALUES ('16', '999992', 'enterprise_customer', '10', '16', '{fieldParamType: "text", length: 32}', '企业邮箱', '1', '16', '2', '1', UTC_TIMESTAMP());
INSERT INTO `eh_var_field_scopes` (`id`, `namespace_id`, `module_name`, `group_id`, `field_id`, `field_param`, `field_display_name`, `mandatory_flag`, `default_order`, `status`, `creator_uid`, `create_time`) VALUES ('17', '999992', 'enterprise_customer', '11', '17', '{fieldParamType: "text", length: 32}', '企业网址', '1', '17', '2', '1', UTC_TIMESTAMP());
INSERT INTO `eh_var_field_scopes` (`id`, `namespace_id`, `module_name`, `group_id`, `field_id`, `field_param`, `field_display_name`, `mandatory_flag`, `default_order`, `status`, `creator_uid`, `create_time`) VALUES ('18', '999992', 'enterprise_customer', '11', '18', '{fieldParamType: "text", length: 32}', '注册地址', '1', '18', '2', '1', UTC_TIMESTAMP());
INSERT INTO `eh_var_field_scopes` (`id`, `namespace_id`, `module_name`, `group_id`, `field_id`, `field_param`, `field_display_name`, `mandatory_flag`, `default_order`, `status`, `creator_uid`, `create_time`) VALUES ('19', '999992', 'enterprise_customer', '11', '19', '{fieldParamType: "text", length: 32}', '经营地址', '1', '19', '2', '1', UTC_TIMESTAMP());
INSERT INTO `eh_var_field_scopes` (`id`, `namespace_id`, `module_name`, `group_id`, `field_id`, `field_param`, `field_display_name`, `mandatory_flag`, `default_order`, `status`, `creator_uid`, `create_time`) VALUES ('20', '999992', 'enterprise_customer', '11', '20', '{fieldParamType: "text", length: 32}', '法人代表', '1', '20', '2', '1', UTC_TIMESTAMP());
INSERT INTO `eh_var_field_scopes` (`id`, `namespace_id`, `module_name`, `group_id`, `field_id`, `field_param`, `field_display_name`, `mandatory_flag`, `default_order`, `status`, `creator_uid`, `create_time`) VALUES ('21', '999992', 'enterprise_customer', '11', '21', '{fieldParamType: "text", length: 32}', '注册资金(万元)', '1', '21', '2', '1', UTC_TIMESTAMP());
INSERT INTO `eh_var_field_scopes` (`id`, `namespace_id`, `module_name`, `group_id`, `field_id`, `field_param`, `field_display_name`, `mandatory_flag`, `default_order`, `status`, `creator_uid`, `create_time`) VALUES ('22', '999992', 'enterprise_customer', '11', '22', '{fieldParamType: "select", length: 32}', '企业性质', '1', '22', '2', '1', UTC_TIMESTAMP());
INSERT INTO `eh_var_field_scopes` (`id`, `namespace_id`, `module_name`, `group_id`, `field_id`, `field_param`, `field_display_name`, `mandatory_flag`, `default_order`, `status`, `creator_uid`, `create_time`) VALUES ('23', '999992', 'enterprise_customer', '11', '23', '{fieldParamType: "text", length: 32}', '企业规模', '1', '23', '2', '1', UTC_TIMESTAMP());
INSERT INTO `eh_var_field_scopes` (`id`, `namespace_id`, `module_name`, `group_id`, `field_id`, `field_param`, `field_display_name`, `mandatory_flag`, `default_order`, `status`, `creator_uid`, `create_time`) VALUES ('24', '999992', 'enterprise_customer', '11', '24', '{fieldParamType: "select", length: 32}', '行业类型', '1', '24', '2', '1', UTC_TIMESTAMP());
INSERT INTO `eh_var_field_scopes` (`id`, `namespace_id`, `module_name`, `group_id`, `field_id`, `field_param`, `field_display_name`, `mandatory_flag`, `default_order`, `status`, `creator_uid`, `create_time`) VALUES ('25', '999992', 'enterprise_customer', '11', '25', '{fieldParamType: "select", length: 32}', '企业定位', '1', '25', '2', '1', UTC_TIMESTAMP());
INSERT INTO `eh_var_field_scopes` (`id`, `namespace_id`, `module_name`, `group_id`, `field_id`, `field_param`, `field_display_name`, `mandatory_flag`, `default_order`, `status`, `creator_uid`, `create_time`) VALUES ('26', '999992', 'enterprise_customer', '11', '26', '{fieldParamType: "text", length: 32}', '年营业额(万元)', '1', '26', '2', '1', UTC_TIMESTAMP());
INSERT INTO `eh_var_field_scopes` (`id`, `namespace_id`, `module_name`, `group_id`, `field_id`, `field_param`, `field_display_name`, `mandatory_flag`, `default_order`, `status`, `creator_uid`, `create_time`) VALUES ('27', '999992', 'enterprise_customer', '11', '27', '{fieldParamType: "text", length: 32}', '营业范围', '1', '27', '2', '1', UTC_TIMESTAMP());
INSERT INTO `eh_var_field_scopes` (`id`, `namespace_id`, `module_name`, `group_id`, `field_id`, `field_param`, `field_display_name`, `mandatory_flag`, `default_order`, `status`, `creator_uid`, `create_time`) VALUES ('28', '999992', 'enterprise_customer', '11', '28', '{fieldParamType: "text", length: 32}', '营业执照号', '1', '28', '2', '1', UTC_TIMESTAMP());
INSERT INTO `eh_var_field_scopes` (`id`, `namespace_id`, `module_name`, `group_id`, `field_id`, `field_param`, `field_display_name`, `mandatory_flag`, `default_order`, `status`, `creator_uid`, `create_time`) VALUES ('30', '999992', 'enterprise_customer', '11', '30', '{fieldParamType: "text", length: 32}', '门牌号', '1', '29', '2', '1', UTC_TIMESTAMP());
INSERT INTO `eh_var_field_scopes` (`id`, `namespace_id`, `module_name`, `group_id`, `field_id`, `field_param`, `field_display_name`, `mandatory_flag`, `default_order`, `status`, `creator_uid`, `create_time`) VALUES ('31', '999992', 'enterprise_customer', '11', '31', '{fieldParamType: "text", length: 32}', '场地面积', '1', '30', '2', '1', UTC_TIMESTAMP());
INSERT INTO `eh_var_field_scopes` (`id`, `namespace_id`, `module_name`, `group_id`, `field_id`, `field_param`, `field_display_name`, `mandatory_flag`, `default_order`, `status`, `creator_uid`, `create_time`) VALUES ('32', '999992', 'enterprise_customer', '11', '32', '{fieldParamType: "datetime", length: 32}', '入住园区日期', '1', '31', '2', '1', UTC_TIMESTAMP());
INSERT INTO `eh_var_field_scopes` (`id`, `namespace_id`, `module_name`, `group_id`, `field_id`, `field_param`, `field_display_name`, `mandatory_flag`, `default_order`, `status`, `creator_uid`, `create_time`) VALUES ('33', '999992', 'enterprise_customer', '11', '33', '{fieldParamType: "select", length: 32}', '产品类型', '1', '32', '2', '1', UTC_TIMESTAMP());
INSERT INTO `eh_var_field_scopes` (`id`, `namespace_id`, `module_name`, `group_id`, `field_id`, `field_param`, `field_display_name`, `mandatory_flag`, `default_order`, `status`, `creator_uid`, `create_time`) VALUES ('34', '999992', 'enterprise_customer', '11', '34', '{fieldParamType: "text", length: 32}', '主要技术及产品', '1', '33', '2', '1', UTC_TIMESTAMP());
INSERT INTO `eh_var_field_scopes` (`id`, `namespace_id`, `module_name`, `group_id`, `field_id`, `field_param`, `field_display_name`, `mandatory_flag`, `default_order`, `status`, `creator_uid`, `create_time`) VALUES ('35', '999992', 'enterprise_customer', '11', '35', '{fieldParamType: "select", length: 32}', '企业资质认证', '1', '34', '2', '1', UTC_TIMESTAMP());
INSERT INTO `eh_var_field_scopes` (`id`, `namespace_id`, `module_name`, `group_id`, `field_id`, `field_param`, `field_display_name`, `mandatory_flag`, `default_order`, `status`, `creator_uid`, `create_time`) VALUES ('36', '999992', 'enterprise_customer', '11', '36', '{fieldParamType: "image", length: 1}', '企业LOGO', '1', '35', '2', '1', UTC_TIMESTAMP());
INSERT INTO `eh_var_field_scopes` (`id`, `namespace_id`, `module_name`, `group_id`, `field_id`, `field_param`, `field_display_name`, `mandatory_flag`, `default_order`, `status`, `creator_uid`, `create_time`) VALUES ('37', '999992', 'enterprise_customer', '11', '37', '{fieldParamType: "text", length: 320}', '企业简介', '1', '36', '2', '1', UTC_TIMESTAMP());
INSERT INTO `eh_var_field_scopes` (`id`, `namespace_id`, `module_name`, `group_id`, `field_id`, `field_param`, `field_display_name`, `mandatory_flag`, `default_order`, `status`, `creator_uid`, `create_time`) VALUES ('38', '999992', 'enterprise_customer', '12', '38', '{fieldParamType: "text", length: 32}', '员工总数', '1', '37', '2', '1', UTC_TIMESTAMP());
INSERT INTO `eh_var_field_scopes` (`id`, `namespace_id`, `module_name`, `group_id`, `field_id`, `field_param`, `field_display_name`, `mandatory_flag`, `default_order`, `status`, `creator_uid`, `create_time`) VALUES ('39', '999992', 'enterprise_customer', '12', '39', '{fieldParamType: "text", length: 32}', '员工平均年龄', '1', '39', '2', '1', UTC_TIMESTAMP());
INSERT INTO `eh_var_field_scopes` (`id`, `namespace_id`, `module_name`, `group_id`, `field_id`, `field_param`, `field_display_name`, `mandatory_flag`, `default_order`, `status`, `creator_uid`, `create_time`) VALUES ('40', '999992', 'enterprise_customer', '12', '40', '{fieldParamType: "text", length: 32}', '高管平均年龄', '1', '40', '2', '1', UTC_TIMESTAMP());
INSERT INTO `eh_var_field_scopes` (`id`, `namespace_id`, `module_name`, `group_id`, `field_id`, `field_param`, `field_display_name`, `mandatory_flag`, `default_order`, `status`, `creator_uid`, `create_time`) VALUES ('41', '999992', 'enterprise_customer', '12', '41', '{fieldParamType: "text", length: 32}', '女性员工总数', '1', '41', '2', '1', UTC_TIMESTAMP());
INSERT INTO `eh_var_field_scopes` (`id`, `namespace_id`, `module_name`, `group_id`, `field_id`, `field_param`, `field_display_name`, `mandatory_flag`, `default_order`, `status`, `creator_uid`, `create_time`) VALUES ('42', '999992', 'enterprise_customer', '12', '42', '{fieldParamType: "text", length: 32}', '男性员工总数', '1', '42', '2', '1', UTC_TIMESTAMP());
INSERT INTO `eh_var_field_scopes` (`id`, `namespace_id`, `module_name`, `group_id`, `field_id`, `field_param`, `field_display_name`, `mandatory_flag`, `default_order`, `status`, `creator_uid`, `create_time`) VALUES ('43', '999992', 'enterprise_customer', '12', '43', '{fieldParamType: "text", length: 32}', '研发员工总数', '1', '43', '2', '1', UTC_TIMESTAMP());
INSERT INTO `eh_var_field_scopes` (`id`, `namespace_id`, `module_name`, `group_id`, `field_id`, `field_param`, `field_display_name`, `mandatory_flag`, `default_order`, `status`, `creator_uid`, `create_time`) VALUES ('44', '999992', 'enterprise_customer', '12', '44', '{fieldParamType: "text", length: 32}', '海归人数占比', '1', '44', '2', '1', UTC_TIMESTAMP());
INSERT INTO `eh_var_field_scopes` (`id`, `namespace_id`, `module_name`, `group_id`, `field_id`, `field_param`, `field_display_name`, `mandatory_flag`, `default_order`, `status`, `creator_uid`, `create_time`) VALUES ('45', '999992', 'enterprise_customer', '12', '45', '{fieldParamType: "text", length: 32}', '总经理', '1', '45', '2', '1', UTC_TIMESTAMP());
INSERT INTO `eh_var_field_scopes` (`id`, `namespace_id`, `module_name`, `group_id`, `field_id`, `field_param`, `field_display_name`, `mandatory_flag`, `default_order`, `status`, `creator_uid`, `create_time`) VALUES ('46', '999992', 'enterprise_customer', '12', '46', '{fieldParamType: "text", length: 32}', '总经理电话', '1', '46', '2', '1', UTC_TIMESTAMP());
INSERT INTO `eh_var_field_scopes` (`id`, `namespace_id`, `module_name`, `group_id`, `field_id`, `field_param`, `field_display_name`, `mandatory_flag`, `default_order`, `status`, `creator_uid`, `create_time`) VALUES ('47', '999992', 'enterprise_customer', '12', '47', '{fieldParamType: "text", length: 32}', '总经理邮箱', '1', '47', '2', '1', UTC_TIMESTAMP());
INSERT INTO `eh_var_field_scopes` (`id`, `namespace_id`, `module_name`, `group_id`, `field_id`, `field_param`, `field_display_name`, `mandatory_flag`, `default_order`, `status`, `creator_uid`, `create_time`) VALUES ('48', '999992', 'enterprise_customer', '12', '48', '{fieldParamType: "text", length: 32}', '备注', '1', '48', '2', '1', UTC_TIMESTAMP());
                                                  
INSERT INTO `eh_var_field_items` (`id`, `module_name`, `field_id`, `display_name`, `default_order`, `status`, `creator_uid`, `create_time`) VALUES ('1', 'enterprise_customer', '4', '业主', '1', '2', '1', UTC_TIMESTAMP());
INSERT INTO `eh_var_field_items` (`id`, `module_name`, `field_id`, `display_name`, `default_order`, `status`, `creator_uid`, `create_time`) VALUES ('2', 'enterprise_customer', '4', '租户', '2', '2', '1', UTC_TIMESTAMP());
INSERT INTO `eh_var_field_items` (`id`, `module_name`, `field_id`, `display_name`, `default_order`, `status`, `creator_uid`, `create_time`) VALUES ('3', 'enterprise_customer', '5', '普通客户', '3', '2', '1', UTC_TIMESTAMP());
INSERT INTO `eh_var_field_items` (`id`, `module_name`, `field_id`, `display_name`, `default_order`, `status`, `creator_uid`, `create_time`) VALUES ('4', 'enterprise_customer', '5', '重要客户', '4', '2', '1', UTC_TIMESTAMP());
INSERT INTO `eh_var_field_items` (`id`, `module_name`, `field_id`, `display_name`, `default_order`, `status`, `creator_uid`, `create_time`) VALUES ('5', 'enterprise_customer', '5', '意向客户', '5', '2', '1', UTC_TIMESTAMP());
INSERT INTO `eh_var_field_items` (`id`, `module_name`, `field_id`, `display_name`, `default_order`, `status`, `creator_uid`, `create_time`) VALUES ('6', 'enterprise_customer', '5', '已成交客户', '6', '2', '1', UTC_TIMESTAMP());
INSERT INTO `eh_var_field_items` (`id`, `module_name`, `field_id`, `display_name`, `default_order`, `status`, `creator_uid`, `create_time`) VALUES ('7', 'enterprise_customer', '5', '其他', '2', '7', '1', UTC_TIMESTAMP());
                                                  
INSERT INTO `eh_var_field_item_scopes` (`id`, `namespace_id`, `module_name`, `field_id`, `item_id`, `item_display_name`, `default_order`, `status`, `creator_uid`, `create_time`) VALUES ('1', '999992', 'enterprise_customer', '4', '1', '业主', '1', '2', '1', UTC_TIMESTAMP());
INSERT INTO `eh_var_field_item_scopes` (`id`, `namespace_id`, `module_name`, `field_id`, `item_id`, `item_display_name`, `default_order`, `status`, `creator_uid`, `create_time`) VALUES ('2', '999992', 'enterprise_customer', '4', '2', '租户', '2', '2', '1', UTC_TIMESTAMP());
INSERT INTO `eh_var_field_item_scopes` (`id`, `namespace_id`, `module_name`, `field_id`, `item_id`, `item_display_name`, `default_order`, `status`, `creator_uid`, `create_time`) VALUES ('3', '999992', 'enterprise_customer', '5', '3', '普通客户', '3', '2', '1', UTC_TIMESTAMP());
INSERT INTO `eh_var_field_item_scopes` (`id`, `namespace_id`, `module_name`, `field_id`, `item_id`, `item_display_name`, `default_order`, `status`, `creator_uid`, `create_time`) VALUES ('4', '999992', 'enterprise_customer', '5', '4', '重要客户', '4', '2', '1', UTC_TIMESTAMP());
INSERT INTO `eh_var_field_item_scopes` (`id`, `namespace_id`, `module_name`, `field_id`, `item_id`, `item_display_name`, `default_order`, `status`, `creator_uid`, `create_time`) VALUES ('5', '999992', 'enterprise_customer', '5', '5', '意向客户', '5', '2', '1', UTC_TIMESTAMP());
INSERT INTO `eh_var_field_item_scopes` (`id`, `namespace_id`, `module_name`, `field_id`, `item_id`, `item_display_name`, `default_order`, `status`, `creator_uid`, `create_time`) VALUES ('6', '999992', 'enterprise_customer', '5', '6', '已成交客户', '6', '2', '1', UTC_TIMESTAMP());
INSERT INTO `eh_var_field_item_scopes` (`id`, `namespace_id`, `module_name`, `field_id`, `item_id`, `item_display_name`, `default_order`, `status`, `creator_uid`, `create_time`) VALUES ('7', '999992', 'enterprise_customer', '5', '7', '其他', '7', '2', '1', UTC_TIMESTAMP());
