INSERT INTO `eh_service_modules` (`id`, `name`, `parent_id`, `path`, `type`, `level`, `status`, `default_order`, `create_time`) VALUES ('10000', '信息发布', '0', '/10000', '0', '1', '2', '0', UTC_TIMESTAMP());
INSERT INTO `eh_service_modules` (`id`, `name`, `parent_id`, `path`, `type`, `level`, `status`, `default_order`, `create_time`) VALUES ('10100', '论坛/公告', '10000', '/10000/10100', '0', '2', '2', '0', UTC_TIMESTAMP());
INSERT INTO `eh_service_modules` (`id`, `name`, `parent_id`, `path`, `type`, `level`, `status`, `default_order`, `create_time`) VALUES ('10400', '广告管理', '10000', '/10000/10400', '0', '2', '2', '0', UTC_TIMESTAMP());
INSERT INTO `eh_service_modules` (`id`, `name`, `parent_id`, `path`, `type`, `level`, `status`, `default_order`, `create_time`) VALUES ('10600', '活动管理', '10000', '/10000/10600', '0', '2', '2', '0', UTC_TIMESTAMP());
INSERT INTO `eh_service_modules` (`id`, `name`, `parent_id`, `path`, `type`, `level`, `status`, `default_order`, `create_time`) VALUES ('10700', '路演直播', '10000', '/10000/10700', '0', '2', '2', '0', UTC_TIMESTAMP());
INSERT INTO `eh_service_modules` (`id`, `name`, `parent_id`, `path`, `type`, `level`, `status`, `default_order`, `create_time`) VALUES ('10800', '新闻管理', '10000', '/10000/10800', '0', '2', '2', '0', UTC_TIMESTAMP());
INSERT INTO `eh_service_modules` (`id`, `name`, `parent_id`, `path`, `type`, `level`, `status`, `default_order`, `create_time`) VALUES ('10850', '园区报', '10000', '/10000/10850', '0', '2', '2', '0', UTC_TIMESTAMP());
INSERT INTO `eh_service_modules` (`id`, `name`, `parent_id`, `path`, `type`, `level`, `status`, `default_order`, `create_time`) VALUES ('10900', '行业动态', '10000', '/10000/10900', '0', '2', '2', '0', UTC_TIMESTAMP());
INSERT INTO `eh_service_modules` (`id`, `name`, `parent_id`, `path`, `type`, `level`, `status`, `default_order`, `create_time`) VALUES ('11000', '一键推送', '10000', '/10000/11000', '0', '2', '2', '0', UTC_TIMESTAMP());

INSERT INTO `eh_service_modules` (`id`, `name`, `parent_id`, `path`, `type`, `level`, `status`, `default_order`, `create_time`) VALUES ('20000', '物业服务', '0', '/20000', '0', '1', '2', '0', UTC_TIMESTAMP());
INSERT INTO `eh_service_modules` (`id`, `name`, `parent_id`, `path`, `type`, `level`, `status`, `default_order`, `create_time`) VALUES ('20100', '物业报修', '20000', '/20000/20100', '0', '2', '2', '0', UTC_TIMESTAMP());
INSERT INTO `eh_service_modules` (`id`, `name`, `parent_id`, `path`, `type`, `level`, `status`, `default_order`, `create_time`) VALUES ('20400', '物业缴费', '20000', '/20000/20400', '0', '2', '2', '0', UTC_TIMESTAMP());
INSERT INTO `eh_service_modules` (`id`, `name`, `parent_id`, `path`, `type`, `level`, `status`, `default_order`, `create_time`) VALUES ('20600', '品质核查', '20000', '/20000/20600', '0', '2', '2', '0', UTC_TIMESTAMP());
INSERT INTO `eh_service_modules` (`id`, `name`, `parent_id`, `path`, `type`, `level`, `status`, `default_order`, `create_time`) VALUES ('20800', '设备巡检', '20000', '/20000/20800', '0', '2', '2', '0', UTC_TIMESTAMP());

INSERT INTO `eh_service_modules` (`id`, `name`, `parent_id`, `path`, `type`, `level`, `status`, `default_order`, `create_time`) VALUES ('30000', '项目管理', '0', '/30000', '2', '1', '2', '0', UTC_TIMESTAMP());
INSERT INTO `eh_service_modules` (`id`, `name`, `parent_id`, `path`, `type`, `level`, `status`, `default_order`, `create_time`) VALUES ('30500', '项目信息', '30000', '/30000/30500', '2', '2', '2', '0', UTC_TIMESTAMP());
INSERT INTO `eh_service_modules` (`id`, `name`, `parent_id`, `path`, `type`, `level`, `status`, `default_order`, `create_time`) VALUES ('31000', '楼栋管理', '30000', '/30000/31000', '2', '2', '2', '0', UTC_TIMESTAMP());
INSERT INTO `eh_service_modules` (`id`, `name`, `parent_id`, `path`, `type`, `level`, `status`, `default_order`, `create_time`) VALUES ('32000', '门牌管理', '30000', '/30000/32000', '2', '2', '2', '0', UTC_TIMESTAMP());
INSERT INTO `eh_service_modules` (`id`, `name`, `parent_id`, `path`, `type`, `level`, `status`, `default_order`, `create_time`) VALUES ('33000', '企业管理', '30000', '/30000/33000', '2', '2', '2', '0', UTC_TIMESTAMP());
INSERT INTO `eh_service_modules` (`id`, `name`, `parent_id`, `path`, `type`, `level`, `status`, `default_order`, `create_time`) VALUES ('34000', '用户管理', '30000', '/30000/34000', '2', '2', '2', '0', UTC_TIMESTAMP());
INSERT INTO `eh_service_modules` (`id`, `name`, `parent_id`, `path`, `type`, `level`, `status`, `default_order`, `create_time`) VALUES ('35000', '用户认证', '30000', '/30000/35000', '2', '2', '2', '0', UTC_TIMESTAMP());
INSERT INTO `eh_service_modules` (`id`, `name`, `parent_id`, `path`, `type`, `level`, `status`, `default_order`, `create_time`) VALUES ('37000', '客户资料', '30000', '/30000/37000', '2', '2', '2', '0', UTC_TIMESTAMP());
INSERT INTO `eh_service_modules` (`id`, `name`, `parent_id`, `path`, `type`, `level`, `status`, `default_order`, `create_time`) VALUES ('38000', '业主管理', '30000', '/30000/38000', '2', '2', '2', '0', UTC_TIMESTAMP());

INSERT INTO `eh_service_modules` (`id`, `name`, `parent_id`, `path`, `type`, `level`, `status`, `default_order`, `create_time`) VALUES ('40000', '运营服务', '0', '/40000', '0', '1', '2', '0', UTC_TIMESTAMP());
INSERT INTO `eh_service_modules` (`id`, `name`, `parent_id`, `path`, `type`, `level`, `status`, `default_order`, `create_time`) VALUES ('40100', '招租管理', '40000', '/40000/40100', '0', '2', '2', '0', UTC_TIMESTAMP());
INSERT INTO `eh_service_modules` (`id`, `name`, `parent_id`, `path`, `type`, `level`, `status`, `default_order`, `create_time`) VALUES ('40200', '工位预订', '40000', '/40000/40200', '0', '2', '2', '0', UTC_TIMESTAMP());
INSERT INTO `eh_service_modules` (`id`, `name`, `parent_id`, `path`, `type`, `level`, `status`, `default_order`, `create_time`) VALUES ('40300', '服务热线', '40000', '/40000/40300', '0', '2', '2', '0', UTC_TIMESTAMP());
INSERT INTO `eh_service_modules` (`id`, `name`, `parent_id`, `path`, `type`, `level`, `status`, `default_order`, `create_time`) VALUES ('40400', '资源预订', '40000', '/40000/40400', '0', '2', '2', '0', UTC_TIMESTAMP());
INSERT INTO `eh_service_modules` (`id`, `name`, `parent_id`, `path`, `type`, `level`, `status`, `default_order`, `create_time`) VALUES ('40500', '服务联盟', '40000', '/40000/40500', '0', '2', '2', '0', UTC_TIMESTAMP());
INSERT INTO `eh_service_modules` (`id`, `name`, `parent_id`, `path`, `type`, `level`, `status`, `default_order`, `create_time`) VALUES ('40600', '创客空间', '40000', '/40000/40600', '0', '2', '2', '0', UTC_TIMESTAMP());
INSERT INTO `eh_service_modules` (`id`, `name`, `parent_id`, `path`, `type`, `level`, `status`, `default_order`, `create_time`) VALUES ('40700', '结算管理', '40000', '/40000/40700', '0', '2', '2', '0', UTC_TIMESTAMP());
INSERT INTO `eh_service_modules` (`id`, `name`, `parent_id`, `path`, `type`, `level`, `status`, `default_order`, `create_time`) VALUES ('40750', '运营统计', '40000', '/40000/40750', '0', '2', '2', '0', UTC_TIMESTAMP());
INSERT INTO `eh_service_modules` (`id`, `name`, `parent_id`, `path`, `type`, `level`, `status`, `default_order`, `create_time`) VALUES ('40800', '停车缴费', '40000', '/40000/40800', '0', '2', '2', '0', UTC_TIMESTAMP());
INSERT INTO `eh_service_modules` (`id`, `name`, `parent_id`, `path`, `type`, `level`, `status`, `default_order`, `create_time`) VALUES ('40900', '车辆管理', '40000', '/40000/40900', '0', '2', '2', '0', UTC_TIMESTAMP());
INSERT INTO `eh_service_modules` (`id`, `name`, `parent_id`, `path`, `type`, `level`, `status`, `default_order`, `create_time`) VALUES ('41000', '大堂门禁', '40000', '/40000/41000', '0', '2', '2', '0', UTC_TIMESTAMP());
INSERT INTO `eh_service_modules` (`id`, `name`, `parent_id`, `path`, `type`, `level`, `status`, `default_order`, `create_time`) VALUES ('41100', 'Wifi热点', '40000', '/40000/41100', '0', '2', '2', '0', UTC_TIMESTAMP());
INSERT INTO `eh_service_modules` (`id`, `name`, `parent_id`, `path`, `type`, `level`, `status`, `default_order`, `create_time`) VALUES ('41200', '一卡通', '40000', '/40000/43500', '0', '2', '2', '0', UTC_TIMESTAMP());

INSERT INTO `eh_service_modules` (`id`, `name`, `parent_id`, `path`, `type`, `level`, `status`, `default_order`, `create_time`) VALUES ('41300', '场所预订', '40000', '/40000/41300', '0', '2', '2', '0', UTC_TIMESTAMP());
INSERT INTO `eh_service_modules` (`id`, `name`, `parent_id`, `path`, `type`, `level`, `status`, `default_order`, `create_time`) VALUES ('41400', '服务预约', '40000', '/40000/41400', '0', '2', '2', '0', UTC_TIMESTAMP());
INSERT INTO `eh_service_modules` (`id`, `name`, `parent_id`, `path`, `type`, `level`, `status`, `default_order`, `create_time`) VALUES ('41600', '园区简介', '40000', '/40000/41600', '0', '2', '2', '0', UTC_TIMESTAMP());

INSERT INTO `eh_service_modules` (`id`, `name`, `parent_id`, `path`, `type`, `level`, `status`, `default_order`, `create_time`) VALUES ('50000', '内部管理', '0', '/50000', '1', '1', '2', '0', UTC_TIMESTAMP());
INSERT INTO `eh_service_modules` (`id`, `name`, `parent_id`, `path`, `type`, `level`, `status`, `default_order`, `create_time`) VALUES ('50100', '组织架构', '50000', '/50000/50100', '1', '2', '2', '0', UTC_TIMESTAMP());
INSERT INTO `eh_service_modules` (`id`, `name`, `parent_id`, `path`, `type`, `level`, `status`, `default_order`, `create_time`) VALUES ('50200', '岗位管理', '50000', '/50000/50200', '1', '2', '2', '0', UTC_TIMESTAMP());
INSERT INTO `eh_service_modules` (`id`, `name`, `parent_id`, `path`, `type`, `level`, `status`, `default_order`, `create_time`) VALUES ('50300', '职级管理', '50000', '/50000/50300', '1', '2', '2', '0', UTC_TIMESTAMP());
INSERT INTO `eh_service_modules` (`id`, `name`, `parent_id`, `path`, `type`, `level`, `status`, `default_order`, `create_time`) VALUES ('50400', '人员管理', '50000', '/50000/50400', '1', '2', '2', '0', UTC_TIMESTAMP());
INSERT INTO `eh_service_modules` (`id`, `name`, `parent_id`, `path`, `type`, `level`, `status`, `default_order`, `create_time`) VALUES ('50500', '认证管理', '50000', '/50000/50500', '1', '2', '2', '0', UTC_TIMESTAMP());
INSERT INTO `eh_service_modules` (`id`, `name`, `parent_id`, `path`, `type`, `level`, `status`, `default_order`, `create_time`) VALUES ('50600', '考勤管理', '50000', '/50000/50600', '1', '2', '2', '0', UTC_TIMESTAMP());
INSERT INTO `eh_service_modules` (`id`, `name`, `parent_id`, `path`, `type`, `level`, `status`, `default_order`, `create_time`) VALUES ('50700', '视频会议', '50000', '/50000/50700', '1', '2', '2', '0', UTC_TIMESTAMP());
INSERT INTO `eh_service_modules` (`id`, `name`, `parent_id`, `path`, `type`, `level`, `status`, `default_order`, `create_time`) VALUES ('50800', '公司门禁', '50000', '/50000/50800', '1', '2', '2', '0', UTC_TIMESTAMP());

INSERT INTO `eh_service_modules` (`id`, `name`, `parent_id`, `path`, `type`, `level`, `status`, `default_order`, `create_time`) VALUES ('60000', '系统管理', '0', '/60000', '2', '1', '2', '0', UTC_TIMESTAMP());
INSERT INTO `eh_service_modules` (`id`, `name`, `parent_id`, `path`, `type`, `level`, `status`, `default_order`, `create_time`) VALUES ('60100', '管理员管理', '60000', '/60000/60100', '2', '2', '2', '0', UTC_TIMESTAMP());
INSERT INTO `eh_service_modules` (`id`, `name`, `parent_id`, `path`, `type`, `level`, `status`, `default_order`, `create_time`) VALUES ('60200', '业务授权', '60000', '/60000/60200', '2', '2', '2', '0', UTC_TIMESTAMP());


INSERT INTO `eh_service_module_privileges` (`id`, `module_id`, `privilege_type`, `privilege_id`, `remark`, `default_order`, `create_time`) VALUES ('1', '10000', '1', '10001', NULL, '0', UTC_TIMESTAMP());
INSERT INTO `eh_service_module_privileges` (`id`, `module_id`, `privilege_type`, `privilege_id`, `remark`, `default_order`, `create_time`) VALUES ('2', '10100', '1', '10002', NULL, '0', UTC_TIMESTAMP());
INSERT INTO `eh_service_module_privileges` (`id`, `module_id`, `privilege_type`, `privilege_id`, `remark`, `default_order`, `create_time`) VALUES ('3', '10400', '1', '10003', NULL, '0', UTC_TIMESTAMP());
INSERT INTO `eh_service_module_privileges` (`id`, `module_id`, `privilege_type`, `privilege_id`, `remark`, `default_order`, `create_time`) VALUES ('4', '10600', '1', '10004', NULL, '0', UTC_TIMESTAMP());
INSERT INTO `eh_service_module_privileges` (`id`, `module_id`, `privilege_type`, `privilege_id`, `remark`, `default_order`, `create_time`) VALUES ('5', '10800', '1', '10005', NULL, '0', UTC_TIMESTAMP());
INSERT INTO `eh_service_module_privileges` (`id`, `module_id`, `privilege_type`, `privilege_id`, `remark`, `default_order`, `create_time`) VALUES ('6', '11000', '1', '10006', NULL, '0', UTC_TIMESTAMP());
INSERT INTO `eh_service_module_privileges` (`id`, `module_id`, `privilege_type`, `privilege_id`, `remark`, `default_order`, `create_time`) VALUES ('7', '20000', '1', '10007', NULL, '0', UTC_TIMESTAMP());
INSERT INTO `eh_service_module_privileges` (`id`, `module_id`, `privilege_type`, `privilege_id`, `remark`, `default_order`, `create_time`) VALUES ('8', '20100', '1', '10008', NULL, '0', UTC_TIMESTAMP());
INSERT INTO `eh_service_module_privileges` (`id`, `module_id`, `privilege_type`, `privilege_id`, `remark`, `default_order`, `create_time`) VALUES ('9', '20400', '1', '10009', NULL, '0', UTC_TIMESTAMP());
INSERT INTO `eh_service_module_privileges` (`id`, `module_id`, `privilege_type`, `privilege_id`, `remark`, `default_order`, `create_time`) VALUES ('10', '20600', '1', '10010', NULL, '0', UTC_TIMESTAMP());
INSERT INTO `eh_service_module_privileges` (`id`, `module_id`, `privilege_type`, `privilege_id`, `remark`, `default_order`, `create_time`) VALUES ('11', '20800', '1', '10011', NULL, '0', UTC_TIMESTAMP());
INSERT INTO `eh_service_module_privileges` (`id`, `module_id`, `privilege_type`, `privilege_id`, `remark`, `default_order`, `create_time`) VALUES ('12', '30000', '1', '10012', NULL, '0', UTC_TIMESTAMP());
INSERT INTO `eh_service_module_privileges` (`id`, `module_id`, `privilege_type`, `privilege_id`, `remark`, `default_order`, `create_time`) VALUES ('13', '30500', '1', '10013', NULL, '0', UTC_TIMESTAMP());
INSERT INTO `eh_service_module_privileges` (`id`, `module_id`, `privilege_type`, `privilege_id`, `remark`, `default_order`, `create_time`) VALUES ('14', '31000', '1', '10014', NULL, '0', UTC_TIMESTAMP());
INSERT INTO `eh_service_module_privileges` (`id`, `module_id`, `privilege_type`, `privilege_id`, `remark`, `default_order`, `create_time`) VALUES ('15', '32000', '1', '10015', NULL, '0', UTC_TIMESTAMP());
INSERT INTO `eh_service_module_privileges` (`id`, `module_id`, `privilege_type`, `privilege_id`, `remark`, `default_order`, `create_time`) VALUES ('16', '34000', '1', '10016', NULL, '0', UTC_TIMESTAMP());
INSERT INTO `eh_service_module_privileges` (`id`, `module_id`, `privilege_type`, `privilege_id`, `remark`, `default_order`, `create_time`) VALUES ('17', '35000', '1', '10017', NULL, '0', UTC_TIMESTAMP());
INSERT INTO `eh_service_module_privileges` (`id`, `module_id`, `privilege_type`, `privilege_id`, `remark`, `default_order`, `create_time`) VALUES ('18', '37000', '1', '10018', NULL, '0', UTC_TIMESTAMP());
INSERT INTO `eh_service_module_privileges` (`id`, `module_id`, `privilege_type`, `privilege_id`, `remark`, `default_order`, `create_time`) VALUES ('19', '40000', '1', '10019', NULL, '0', UTC_TIMESTAMP());
INSERT INTO `eh_service_module_privileges` (`id`, `module_id`, `privilege_type`, `privilege_id`, `remark`, `default_order`, `create_time`) VALUES ('20', '40100', '1', '10020', NULL, '0', UTC_TIMESTAMP());
INSERT INTO `eh_service_module_privileges` (`id`, `module_id`, `privilege_type`, `privilege_id`, `remark`, `default_order`, `create_time`) VALUES ('21', '40200', '1', '10021', NULL, '0', UTC_TIMESTAMP());
INSERT INTO `eh_service_module_privileges` (`id`, `module_id`, `privilege_type`, `privilege_id`, `remark`, `default_order`, `create_time`) VALUES ('22', '40300', '1', '10022', NULL, '0', UTC_TIMESTAMP());
INSERT INTO `eh_service_module_privileges` (`id`, `module_id`, `privilege_type`, `privilege_id`, `remark`, `default_order`, `create_time`) VALUES ('23', '40400', '1', '10023', NULL, '0', UTC_TIMESTAMP());
INSERT INTO `eh_service_module_privileges` (`id`, `module_id`, `privilege_type`, `privilege_id`, `remark`, `default_order`, `create_time`) VALUES ('24', '40500', '1', '10024', NULL, '0', UTC_TIMESTAMP());
INSERT INTO `eh_service_module_privileges` (`id`, `module_id`, `privilege_type`, `privilege_id`, `remark`, `default_order`, `create_time`) VALUES ('25', '40600', '1', '10025', NULL, '0', UTC_TIMESTAMP());
INSERT INTO `eh_service_module_privileges` (`id`, `module_id`, `privilege_type`, `privilege_id`, `remark`, `default_order`, `create_time`) VALUES ('26', '40700', '1', '10026', NULL, '0', UTC_TIMESTAMP());
INSERT INTO `eh_service_module_privileges` (`id`, `module_id`, `privilege_type`, `privilege_id`, `remark`, `default_order`, `create_time`) VALUES ('27', '40750', '1', '10027', NULL, '0', UTC_TIMESTAMP());
INSERT INTO `eh_service_module_privileges` (`id`, `module_id`, `privilege_type`, `privilege_id`, `remark`, `default_order`, `create_time`) VALUES ('28', '40800', '1', '10028', NULL, '0', UTC_TIMESTAMP());
INSERT INTO `eh_service_module_privileges` (`id`, `module_id`, `privilege_type`, `privilege_id`, `remark`, `default_order`, `create_time`) VALUES ('29', '40900', '1', '10029', NULL, '0', UTC_TIMESTAMP());
INSERT INTO `eh_service_module_privileges` (`id`, `module_id`, `privilege_type`, `privilege_id`, `remark`, `default_order`, `create_time`) VALUES ('30', '41000', '1', '10030', NULL, '0', UTC_TIMESTAMP());
INSERT INTO `eh_service_module_privileges` (`id`, `module_id`, `privilege_type`, `privilege_id`, `remark`, `default_order`, `create_time`) VALUES ('31', '41100', '1', '10031', NULL, '0', UTC_TIMESTAMP());
INSERT INTO `eh_service_module_privileges` (`id`, `module_id`, `privilege_type`, `privilege_id`, `remark`, `default_order`, `create_time`) VALUES ('32', '41200', '1', '10032', NULL, '0', UTC_TIMESTAMP());
INSERT INTO `eh_service_module_privileges` (`id`, `module_id`, `privilege_type`, `privilege_id`, `remark`, `default_order`, `create_time`) VALUES ('33', '50000', '1', '10033', NULL, '0', UTC_TIMESTAMP());
INSERT INTO `eh_service_module_privileges` (`id`, `module_id`, `privilege_type`, `privilege_id`, `remark`, `default_order`, `create_time`) VALUES ('34', '50100', '1', '10034', NULL, '0', UTC_TIMESTAMP());
INSERT INTO `eh_service_module_privileges` (`id`, `module_id`, `privilege_type`, `privilege_id`, `remark`, `default_order`, `create_time`) VALUES ('35', '50200', '1', '10035', NULL, '0', UTC_TIMESTAMP());
INSERT INTO `eh_service_module_privileges` (`id`, `module_id`, `privilege_type`, `privilege_id`, `remark`, `default_order`, `create_time`) VALUES ('36', '50300', '1', '10036', NULL, '0', UTC_TIMESTAMP());
INSERT INTO `eh_service_module_privileges` (`id`, `module_id`, `privilege_type`, `privilege_id`, `remark`, `default_order`, `create_time`) VALUES ('37', '50400', '1', '10037', NULL, '0', UTC_TIMESTAMP());
INSERT INTO `eh_service_module_privileges` (`id`, `module_id`, `privilege_type`, `privilege_id`, `remark`, `default_order`, `create_time`) VALUES ('38', '50500', '1', '10038', NULL, '0', UTC_TIMESTAMP());
INSERT INTO `eh_service_module_privileges` (`id`, `module_id`, `privilege_type`, `privilege_id`, `remark`, `default_order`, `create_time`) VALUES ('39', '50600', '1', '10039', NULL, '0', UTC_TIMESTAMP());
INSERT INTO `eh_service_module_privileges` (`id`, `module_id`, `privilege_type`, `privilege_id`, `remark`, `default_order`, `create_time`) VALUES ('40', '50700', '1', '10040', NULL, '0', UTC_TIMESTAMP());
INSERT INTO `eh_service_module_privileges` (`id`, `module_id`, `privilege_type`, `privilege_id`, `remark`, `default_order`, `create_time`) VALUES ('41', '50800', '1', '10041', NULL, '0', UTC_TIMESTAMP());
INSERT INTO `eh_service_module_privileges` (`id`, `module_id`, `privilege_type`, `privilege_id`, `remark`, `default_order`, `create_time`) VALUES ('42', '60000', '1', '10042', NULL, '0', UTC_TIMESTAMP());
INSERT INTO `eh_service_module_privileges` (`id`, `module_id`, `privilege_type`, `privilege_id`, `remark`, `default_order`, `create_time`) VALUES ('43', '60100', '1', '10043', NULL, '0', UTC_TIMESTAMP());
INSERT INTO `eh_service_module_privileges` (`id`, `module_id`, `privilege_type`, `privilege_id`, `remark`, `default_order`, `create_time`) VALUES ('44', '60200', '1', '10044', NULL, '0', UTC_TIMESTAMP());

INSERT INTO `eh_service_module_privileges` (`id`, `module_id`, `privilege_type`, `privilege_id`, `remark`, `default_order`, `create_time`) VALUES ('45', '10700', '1', '10045', NULL, '0', UTC_TIMESTAMP());
INSERT INTO `eh_service_module_privileges` (`id`, `module_id`, `privilege_type`, `privilege_id`, `remark`, `default_order`, `create_time`) VALUES ('46', '10900', '1', '10046', NULL, '0', UTC_TIMESTAMP());
INSERT INTO `eh_service_module_privileges` (`id`, `module_id`, `privilege_type`, `privilege_id`, `remark`, `default_order`, `create_time`) VALUES ('47', '33000', '1', '10047', NULL, '0', UTC_TIMESTAMP());
INSERT INTO `eh_service_module_privileges` (`id`, `module_id`, `privilege_type`, `privilege_id`, `remark`, `default_order`, `create_time`) VALUES ('48', '38000', '1', '10048', NULL, '0', UTC_TIMESTAMP());

INSERT INTO `eh_service_module_privileges` (`id`, `module_id`, `privilege_type`, `privilege_id`, `remark`, `default_order`, `create_time`) VALUES ('49', '10850', '1', '10049', NULL, '0', UTC_TIMESTAMP());
INSERT INTO `eh_service_module_privileges` (`id`, `module_id`, `privilege_type`, `privilege_id`, `remark`, `default_order`, `create_time`) VALUES ('50', '41300', '1', '10050', NULL, '0', UTC_TIMESTAMP());
INSERT INTO `eh_service_module_privileges` (`id`, `module_id`, `privilege_type`, `privilege_id`, `remark`, `default_order`, `create_time`) VALUES ('51', '41400', '1', '10051', NULL, '0', UTC_TIMESTAMP());
INSERT INTO `eh_service_module_privileges` (`id`, `module_id`, `privilege_type`, `privilege_id`, `remark`, `default_order`, `create_time`) VALUES ('52', '41600', '1', '10052', NULL, '0', UTC_TIMESTAMP());




-- INSERT INTO `eh_web_menu_privileges` VALUES ('999', '10001', '10000', '信息发布', '1', '1', '信息发布 全部权限', '710');
INSERT INTO `eh_web_menu_privileges` VALUES ('1000', '10002', '10000', '论坛/公告', '1', '1', '论坛/公告 全部权限', '710');
INSERT INTO `eh_web_menu_privileges` VALUES ('1001', '10003', '10000', '广告管理', '1', '1', '广告管理 全部权限', '710');
INSERT INTO `eh_web_menu_privileges` VALUES ('1002', '10004', '10000', '活动管理', '1', '1', '活动管理 全部权限', '710');
INSERT INTO `eh_web_menu_privileges` VALUES ('1003', '10005', '10000', '新闻管理', '1', '1', '新闻管理 全部权限', '710');
INSERT INTO `eh_web_menu_privileges` VALUES ('1004', '10006', '10000', '一键推送', '1', '1', '一键推送 全部权限', '710');
INSERT INTO `eh_web_menu_privileges` VALUES ('1005', '10045', '10000', '路演直播', '1', '1', '路演直播 全部权限', '710');
INSERT INTO `eh_web_menu_privileges` VALUES ('1006', '10046', '10000', '行业动态', '1', '1', '行业动态 全部权限', '710');
INSERT INTO `eh_web_menu_privileges` VALUES ('1007', '10049', '10000', '园区报', '1', '1', '园区报 全部权限', '710');

INSERT INTO `eh_web_menu_privileges` VALUES ('1008', '10002', '10100', '论坛/公告', '1', '1', '论坛/公告 全部权限', '710');
INSERT INTO `eh_web_menu_privileges` VALUES ('1009', '10003', '10400', '广告管理', '1', '1', '广告管理 全部权限', '710');
INSERT INTO `eh_web_menu_privileges` VALUES ('1010', '10004', '10600', '活动管理', '1', '1', '活动管理 全部权限', '710');
INSERT INTO `eh_web_menu_privileges` VALUES ('1011', '10005', '10800', '新闻管理', '1', '1', '新闻管理 全部权限', '710');
INSERT INTO `eh_web_menu_privileges` VALUES ('1012', '10006', '11000', '一键推送', '1', '1', '一键推送 全部权限', '710');
INSERT INTO `eh_web_menu_privileges` VALUES ('1013', '10045', '10700', '路演直播', '1', '1', '路演直播 全部权限', '710');
INSERT INTO `eh_web_menu_privileges` VALUES ('1014', '10046', '10900', '行业动态', '1', '1', '行业动态 全部权限', '710');
INSERT INTO `eh_web_menu_privileges` VALUES ('1015', '10049', '10850', '园区报', '1', '1', '园区报 全部权限', '710');

-- INSERT INTO `eh_web_menu_privileges` VALUES ('1016', '10007', '20000', '物业服务', '1', '1', '物业服务 全部权限', '710');
INSERT INTO `eh_web_menu_privileges` VALUES ('1017', '10008', '20000', '物业报修', '1', '1', '物业报修 全部权限', '710');
INSERT INTO `eh_web_menu_privileges` VALUES ('1018', '10009', '20000', '物业缴费', '1', '1', '物业缴费 全部权限', '710');
INSERT INTO `eh_web_menu_privileges` VALUES ('1019', '10010', '20000', '品质核查', '1', '1', '品质核查 全部权限', '710');
INSERT INTO `eh_web_menu_privileges` VALUES ('1020', '10011', '20000', '设备巡检', '1', '1', '设备巡检 全部权限', '710');

INSERT INTO `eh_web_menu_privileges` VALUES ('1021', '10008', '20100', '物业报修', '1', '1', '物业报修 全部权限', '710');
INSERT INTO `eh_web_menu_privileges` VALUES ('1022', '10009', '20400', '物业缴费', '1', '1', '物业缴费 全部权限', '710');
INSERT INTO `eh_web_menu_privileges` VALUES ('1023', '10010', '20600', '品质核查', '1', '1', '品质核查 全部权限', '710');
INSERT INTO `eh_web_menu_privileges` VALUES ('1024', '10011', '20800', '设备巡检', '1', '1', '设备巡检 全部权限', '710');

-- INSERT INTO `eh_web_menu_privileges` VALUES ('1025', '10012', '30000', '项目管理', '1', '1', '项目管理 全部权限', '710');
INSERT INTO `eh_web_menu_privileges` VALUES ('1026', '10013', '30000', '项目信息', '1', '1', '项目信息 全部权限', '710');
INSERT INTO `eh_web_menu_privileges` VALUES ('1027', '10014', '30000', '楼栋管理', '1', '1', '楼栋管理 全部权限', '710');
INSERT INTO `eh_web_menu_privileges` VALUES ('1028', '10015', '30000', '门牌管理', '1', '1', '门牌管理 全部权限', '710');
INSERT INTO `eh_web_menu_privileges` VALUES ('1029', '10016', '30000', '用户管理', '1', '1', '用户管理 全部权限', '710');
INSERT INTO `eh_web_menu_privileges` VALUES ('1030', '10017', '30000', '用户认证', '1', '1', '用户认证 全部权限', '710');
INSERT INTO `eh_web_menu_privileges` VALUES ('1031', '10018', '30000', '客户资料', '1', '1', '客户资料 全部权限', '710');
INSERT INTO `eh_web_menu_privileges` VALUES ('1032', '10047', '30000', '企业管理', '1', '1', '企业管理 全部权限', '710');
INSERT INTO `eh_web_menu_privileges` VALUES ('1033', '10048', '30000', '业主管理', '1', '1', '业主管理 全部权限', '710');

INSERT INTO `eh_web_menu_privileges` VALUES ('1034', '10013', '30500', '项目信息', '1', '1', '项目信息 全部权限', '710');
INSERT INTO `eh_web_menu_privileges` VALUES ('1035', '10014', '31000', '楼栋管理', '1', '1', '楼栋管理 全部权限', '710');
INSERT INTO `eh_web_menu_privileges` VALUES ('1036', '10015', '32000', '门牌管理', '1', '1', '门牌管理 全部权限', '710');
INSERT INTO `eh_web_menu_privileges` VALUES ('1037', '10016', '34000', '用户管理', '1', '1', '用户管理 全部权限', '710');
INSERT INTO `eh_web_menu_privileges` VALUES ('1038', '10017', '35000', '用户认证', '1', '1', '用户认证 全部权限', '710');
INSERT INTO `eh_web_menu_privileges` VALUES ('1039', '10018', '37000', '客户资料', '1', '1', '客户资料 全部权限', '710');
INSERT INTO `eh_web_menu_privileges` VALUES ('1040', '10047', '33000', '企业管理', '1', '1', '企业管理 全部权限', '710');
INSERT INTO `eh_web_menu_privileges` VALUES ('1041', '10048', '38000', '业主管理', '1', '1', '业主管理 全部权限', '710');

-- INSERT INTO `eh_web_menu_privileges` VALUES ('1042', '10019', '40000', '运营服务', '1', '1', '运营服务 全部权限', '710');
INSERT INTO `eh_web_menu_privileges` VALUES ('1043', '10020', '40000', '招租管理', '1', '1', '招租管理 全部权限', '710');
INSERT INTO `eh_web_menu_privileges` VALUES ('1044', '10021', '40000', '工位预订', '1', '1', '工位预订 全部权限', '710');
INSERT INTO `eh_web_menu_privileges` VALUES ('1045', '10022', '40000', '服务热线', '1', '1', '服务热线 全部权限', '710');
INSERT INTO `eh_web_menu_privileges` VALUES ('1046', '10023', '40000', '资源预订', '1', '1', '资源预订 全部权限', '710');
INSERT INTO `eh_web_menu_privileges` VALUES ('1047', '10024', '40000', '服务联盟', '1', '1', '服务联盟 全部权限', '710');
INSERT INTO `eh_web_menu_privileges` VALUES ('1048', '10025', '40000', '创客空间', '1', '1', '创客空间 全部权限', '710');
INSERT INTO `eh_web_menu_privileges` VALUES ('1049', '10026', '40000', '结算管理', '1', '1', '结算管理 全部权限', '710');
INSERT INTO `eh_web_menu_privileges` VALUES ('1050', '10027', '40000', '运营统计', '1', '1', '运营统计 全部权限', '710');
INSERT INTO `eh_web_menu_privileges` VALUES ('1051', '10028', '40000', '停车缴费', '1', '1', '停车缴费 全部权限', '710');
INSERT INTO `eh_web_menu_privileges` VALUES ('1052', '10029', '40000', '车辆管理', '1', '1', '车辆管理 全部权限', '710');
INSERT INTO `eh_web_menu_privileges` VALUES ('1053', '10030', '40000', '大堂门禁', '1', '1', '大堂门禁 全部权限', '710');
INSERT INTO `eh_web_menu_privileges` VALUES ('1054', '10031', '40000', 'Wifi热点', '1', '1', 'Wifi热点 全部权限', '710');
INSERT INTO `eh_web_menu_privileges` VALUES ('1055', '10032', '40000', '一卡通', '1', '1', '一卡通 全部权限', '710');
INSERT INTO `eh_web_menu_privileges` VALUES ('1056', '10050', '40000', '场所预订', '1', '1', '场所预订 全部权限', '710');
INSERT INTO `eh_web_menu_privileges` VALUES ('1057', '10051', '40000', '服务预约', '1', '1', '服务预约 全部权限', '710');
INSERT INTO `eh_web_menu_privileges` VALUES ('1058', '10052', '40000', '园区简介', '1', '1', '园区简介 全部权限', '710');

INSERT INTO `eh_web_menu_privileges` VALUES ('1059', '10020', '40100', '招租管理', '1', '1', '招租管理 全部权限', '710');
INSERT INTO `eh_web_menu_privileges` VALUES ('1060', '10021', '40200', '工位预订', '1', '1', '工位预订 全部权限', '710');
INSERT INTO `eh_web_menu_privileges` VALUES ('1061', '10022', '40300', '服务热线', '1', '1', '服务热线 全部权限', '710');
INSERT INTO `eh_web_menu_privileges` VALUES ('1062', '10023', '40400', '资源预订', '1', '1', '资源预订 全部权限', '710');
INSERT INTO `eh_web_menu_privileges` VALUES ('1063', '10024', '40500', '服务联盟', '1', '1', '服务联盟 全部权限', '710');
INSERT INTO `eh_web_menu_privileges` VALUES ('1064', '10025', '40600', '创客空间', '1', '1', '创客空间 全部权限', '710');
INSERT INTO `eh_web_menu_privileges` VALUES ('1065', '10026', '40700', '结算管理', '1', '1', '结算管理 全部权限', '710');
INSERT INTO `eh_web_menu_privileges` VALUES ('1066', '10027', '40750', '运营统计', '1', '1', '运营统计 全部权限', '710');
INSERT INTO `eh_web_menu_privileges` VALUES ('1067', '10028', '40800', '停车缴费', '1', '1', '停车缴费 全部权限', '710');
INSERT INTO `eh_web_menu_privileges` VALUES ('1068', '10029', '40900', '车辆管理', '1', '1', '车辆管理 全部权限', '710');
INSERT INTO `eh_web_menu_privileges` VALUES ('1069', '10030', '41000', '大堂门禁', '1', '1', '大堂门禁 全部权限', '710');
INSERT INTO `eh_web_menu_privileges` VALUES ('1070', '10031', '41100', 'Wifi热点', '1', '1', 'Wifi热点 全部权限', '710');
INSERT INTO `eh_web_menu_privileges` VALUES ('1071', '10032', '41200', '一卡通', '1', '1', '一卡通 全部权限', '710');
INSERT INTO `eh_web_menu_privileges` VALUES ('1072', '10050', '41300', '场所预订', '1', '1', '场所预订 全部权限', '710');
INSERT INTO `eh_web_menu_privileges` VALUES ('1073', '10051', '41400', '服务预约', '1', '1', '服务预约 全部权限', '710');
INSERT INTO `eh_web_menu_privileges` VALUES ('1074', '10052', '41600', '园区简介', '1', '1', '园区简介 全部权限', '710');

-- INSERT INTO `eh_web_menu_privileges` VALUES ('1075', '10033', '50000', '内部管理', '1', '1', '内部管理 全部权限', '710');
INSERT INTO `eh_web_menu_privileges` VALUES ('1076', '10034', '50000', '组织架构', '1', '1', '组织架构 全部权限', '710');
INSERT INTO `eh_web_menu_privileges` VALUES ('1077', '10035', '50000', '岗位管理', '1', '1', '岗位管理 全部权限', '710');
INSERT INTO `eh_web_menu_privileges` VALUES ('1078', '10036', '50000', '职级管理', '1', '1', '职级管理 全部权限', '710');
INSERT INTO `eh_web_menu_privileges` VALUES ('1079', '10037', '50000', '人员管理', '1', '1', '人员管理 全部权限', '710');
INSERT INTO `eh_web_menu_privileges` VALUES ('1080', '10038', '50000', '认证管理', '1', '1', '认证管理 全部权限', '710');
INSERT INTO `eh_web_menu_privileges` VALUES ('1081', '10039', '50000', '考勤管理', '1', '1', '考勤管理 全部权限', '710');
INSERT INTO `eh_web_menu_privileges` VALUES ('1082', '10040', '50000', '视频会议', '1', '1', '视频会议 全部权限', '710');
INSERT INTO `eh_web_menu_privileges` VALUES ('1083', '10041', '50000', '公司门禁', '1', '1', '公司门禁 全部权限', '710');

INSERT INTO `eh_web_menu_privileges` VALUES ('1084', '10034', '50100', '组织架构', '1', '1', '组织架构 全部权限', '710');
INSERT INTO `eh_web_menu_privileges` VALUES ('1085', '10035', '50200', '岗位管理', '1', '1', '岗位管理 全部权限', '710');
INSERT INTO `eh_web_menu_privileges` VALUES ('1086', '10036', '50300', '职级管理', '1', '1', '职级管理 全部权限', '710');
INSERT INTO `eh_web_menu_privileges` VALUES ('1087', '10037', '50400', '人员管理', '1', '1', '人员管理 全部权限', '710');
INSERT INTO `eh_web_menu_privileges` VALUES ('1088', '10038', '50500', '认证管理', '1', '1', '认证管理 全部权限', '710');
INSERT INTO `eh_web_menu_privileges` VALUES ('1089', '10039', '50600', '考勤管理', '1', '1', '考勤管理 全部权限', '710');
INSERT INTO `eh_web_menu_privileges` VALUES ('1090', '10040', '50700', '视频会议', '1', '1', '视频会议 全部权限', '710');
INSERT INTO `eh_web_menu_privileges` VALUES ('1090', '10041', '50800', '公司门禁', '1', '1', '公司门禁 全部权限', '710');

-- INSERT INTO `eh_web_menu_privileges` VALUES ('1091', '10042', '60000', '系统管理', '1', '1', '系统管理 全部权限', '710');
INSERT INTO `eh_web_menu_privileges` VALUES ('1092', '10043', '60000', '管理员管理', '1', '1', '管理员管理 全部权限', '710');
INSERT INTO `eh_web_menu_privileges` VALUES ('1093', '10044', '60000', '业务授权', '1', '1', '业务授权 全部权限', '710');

INSERT INTO `eh_web_menu_privileges` VALUES ('1094', '10043', '60100', '管理员管理', '1', '1', '管理员管理 全部权限', '710');
INSERT INTO `eh_web_menu_privileges` VALUES ('1095', '10044', '60200', '业务授权', '1', '1', '业务授权 全部权限', '710');


INSERT INTO `eh_web_menus` VALUES ('10000', '信息发布', '0', 'fa fa-volume-up', null, '1', '2', '/10000', 'park', '100');
INSERT INTO `eh_web_menus` VALUES ('10100', '论坛/公告', '10000', null, 'forum_notice', '0', '2', '/10000/10100', 'park', '110');
INSERT INTO `eh_web_menus` VALUES ('10400', '广告管理', '10000', null, null, '0', '2', '/10000/10400', 'park', '140');
INSERT INTO `eh_web_menus` VALUES ('10600', '活动管理', '10000', null, 'forum_activity', '0', '2', '/10000/10600', 'park', '160');
INSERT INTO `eh_web_menus` VALUES ('10700', '路演直播', '10000', null, 'road_show', '0', '2', '/10000/10700', 'park', '170');
INSERT INTO `eh_web_menus` VALUES ('10800', '新闻管理', '10000', null, 'news_management', '0', '2', '/10000/10800', 'park', '180');

INSERT INTO `eh_web_menus` VALUES ('10850', '园区报', '10000', null, null, '1', '2', '/10000/10850', 'park', '181');
INSERT INTO `eh_web_menus` VALUES ('10851', '园区报管理', '10850', null, 'park_epaper_management', '0', '2', '/10000/10850/10851', 'park', '182');
INSERT INTO `eh_web_menus` VALUES ('10852', '约稿须知', '10850', null, 'manuscripts_notice', '0', '2', '/10000/10850/10852', 'park', '183');

INSERT INTO `eh_web_menus` VALUES ('10900', '行业动态', '10000', null, 'industry_dynamics', '0', '2', '/10000/10900', 'park', '185');
INSERT INTO `eh_web_menus` VALUES ('11000', '一键推送', '10000', null, 'messagepush', '0', '2', '/10000/11000', 'park', '190');

INSERT INTO `eh_web_menus` VALUES ('20000', '物业服务', '0', 'fa fa-coffee', null, '1', '2', '/20000', 'park', '200');
INSERT INTO `eh_web_menus` VALUES ('20100', '物业报修', '20000', null, null, '1', '2', '/20000/20100', 'park', '201');
INSERT INTO `eh_web_menus` VALUES ('20110', '全部任务', '20100', null, 'all_task', '0', '2', '/20000/20100/20110', 'park', '205');
INSERT INTO `eh_web_menus` VALUES ('20120', '我的任务', '20100', null, 'my_task', '0', '2', '/20000/20100/20120', 'park', '210');
INSERT INTO `eh_web_menus` VALUES ('20130', '统计', '20100', null, 'statistics', '0', '2', '/20000/20100/20130', 'park', '215');
INSERT INTO `eh_web_menus` VALUES ('20140', '任务列表', '20100', null, 'task_management_list', '0', '2', '/20000/20100/20140', 'park', '220');
INSERT INTO `eh_web_menus` VALUES ('20150', '服务录入', '20100', null, 'task_management_service_entry', '0', '2', '/20000/20100/20150', 'park', '225');
INSERT INTO `eh_web_menus` VALUES ('20160', '执行人员设置', '20100', null, 'executive_setting', '0', '2', '/20000/20100/20160', 'park', '230');
INSERT INTO `eh_web_menus` VALUES ('20170', '服务类型设置', '20100', null, 'service_type_setting', '0', '2', '/20000/20100/20170', 'park', '235');
INSERT INTO `eh_web_menus` VALUES ('20180', '分类设置', '20100', null, 'classify_setting', '0', '2', '/20000/20100/20180', 'park', '240');
INSERT INTO `eh_web_menus` VALUES ('20190', '统计', '20100', null, 'task_statistics', '0', '2', '/20000/20100/20190', 'park', '245');

INSERT INTO `eh_web_menus` VALUES ('20400', '物业缴费', '20000', null, null, '1', '2', '/20000/20400', 'park', '250');
INSERT INTO `eh_web_menus` VALUES ('20410', '缴费记录', '20400', null, 'property_fee_record', '0', '2', '/20000/20400/20410', 'park', '252');
INSERT INTO `eh_web_menus` VALUES ('20420', '设置', '43500', null, 'property_fee_config', '0', '2', '/20000/20400/20420', 'park', '255');


INSERT INTO `eh_web_menus` VALUES ('20600', '品质核查', '20000', null, null, '1', '2', '/20000/20600', 'park', '260');
INSERT INTO `eh_web_menus` VALUES ('20610', '手动核查', '20600', null, null, '1', '2', '/20000/20600/20610', 'park', '261');
INSERT INTO `eh_web_menus` VALUES ('20611', '行为规范', '20610', null, 'behavior_standard', '0', '2', '/20000/20600/20610/20611', 'park', '262');
INSERT INTO `eh_web_menus` VALUES ('20612', '绩效统计', '20610', null, 'performance_statistics', '0', '2', '/20000/20600/20610/20612', 'park', '263');

INSERT INTO `eh_web_menus` VALUES ('20620', '作业标准', '20600', null, null, '1', '2', '/20000/20600/20620', 'park', '265');
INSERT INTO `eh_web_menus` VALUES ('20621', '参考标准', '20620', null, 'reference_standard', '0', '2', '/20000/20600/20620/20621', 'park', '266');
INSERT INTO `eh_web_menus` VALUES ('20622', '类型管理', '20620', null, 'type_management', '0', '2', '/20000/20600/20620/20622', 'park', '267');

INSERT INTO `eh_web_menus` VALUES ('20630', '任务列表', '20600', null, null, '1', '2', '/20000/20600/20630', 'park', '269');
INSERT INTO `eh_web_menus` VALUES ('20631', '任务列表', '20630', null, 'task_list', '0', '2', '/20000/20600/20630/20631', 'park', '270');
INSERT INTO `eh_web_menus` VALUES ('20632', '任务审阅', '20630', null, 'task_review', '0', '2', '/20000/20600/20630/20632', 'park', '271');

INSERT INTO `eh_web_menus` VALUES ('20640', '修改记录', '20600', null, 'edit_record', '0', '2', '/20000/20600/20640', 'park', '272');

INSERT INTO `eh_web_menus` VALUES ('20800', '设备巡检', '20000', null, null, '1', '2', '/20000/20800', 'park', '280');
INSERT INTO `eh_web_menus` VALUES ('20810', '参考标准', '20800', null, null, '1', '2', '/20000/20800/20810', 'park', '281');
INSERT INTO `eh_web_menus` VALUES ('20811', '标准列表', '20810', null, 'equipment_inspection_standard_list', '0', '2', '/20000/20800/20810/20811', 'park', '282');
INSERT INTO `eh_web_menus` VALUES ('20812', '设备关联审批', '20810', null, 'equipment_inspection_check_attachment', '0', '2', '/20000/20800/20810/20812', 'park', '283');
INSERT INTO `eh_web_menus` VALUES ('20820', '设备台帐', '20800', null, null, '1', '2', '/20000/20800/20820', 'park', '284');
INSERT INTO `eh_web_menus` VALUES ('20821', '设备列表', '20820', null, 'equipment_inspection_equipment_list', '0', '2', '/20000/20800/20820/20821', 'park', '285');
INSERT INTO `eh_web_menus` VALUES ('20822', '备品备件', '20820', null, 'equipment_inspection_sparepart_list', '0', '2', '/20000/20800/20820/20822', 'park', '286');
INSERT INTO `eh_web_menus` VALUES ('20830', '任务列表', '20800', null, null, '1', '2', '/20000/20800/20830', 'park', '287');
INSERT INTO `eh_web_menus` VALUES ('20831', '任务列表', '20830', null, 'equipment_inspection_task_list', '0', '2', '/20000/20800/20830/20831', 'park', '288');
INSERT INTO `eh_web_menus` VALUES ('20840', '巡检项资料库管理', '20800', null, null, '1', '2', '/20000/20800/20840', 'park', '289');
INSERT INTO `eh_web_menus` VALUES ('20841', '巡检项设置', '20840', null, 'equipment_inspection_inspection_item_list', '0', '2', '/20000/20800/20840/20841', 'park', '290');


INSERT INTO `eh_web_menus` VALUES ('30000', '项目管理', '0', 'fa fa-building', null, '1', '2', '/30000', 'park', '300');
INSERT INTO `eh_web_menus` VALUES ('30500', '项目信息', '30000', null, 'community_list', '0', '2', '/30000/30500', 'park', '305');
INSERT INTO `eh_web_menus` VALUES ('31000', '楼栋管理', '30000', null, 'building_management', '0', '2', '/30000/31000', 'park', '310');
INSERT INTO `eh_web_menus` VALUES ('32000', '门牌管理', '30000', null, 'apartment_statistics', '0', '2', '/30000/32000', 'park', '320');
INSERT INTO `eh_web_menus` VALUES ('33000', '企业管理', '30000', null, 'enterprise_management', '0', '2', '/30000/33000', 'park', '330');
INSERT INTO `eh_web_menus` VALUES ('34000', '用户管理', '30000', null, 'user_management', '0', '2', '/30000/34000', 'park', '340');
INSERT INTO `eh_web_menus` VALUES ('35000', '用户认证', '30000', null, 'user_identify', '0', '2', '/30000/35000', 'park', '350');
INSERT INTO `eh_web_menus` VALUES ('37000', '客户资料', '30000', null, 'customer_management', '0', '2', '/30000/37000', 'park', '370');
INSERT INTO `eh_web_menus` VALUES ('38000', '业主管理', '30000', null, 'apartment_info', '0', '2', '/30000/38000', 'park', '360');


INSERT INTO `eh_web_menus` VALUES ('40000', '运营服务', '0', 'fa fa-comment', null, '1', '2', '/40000', 'park', '400');

INSERT INTO `eh_web_menus` VALUES ('40100', '招租管理', '40000', null, null, '1', '2', '/40000/40100', 'park', '410');
INSERT INTO `eh_web_menus` VALUES ('40110', '招租管理', '40100', null, 'rent_manage', '0', '2', '/40000/40100/40110', 'park', '412');
INSERT INTO `eh_web_menus` VALUES ('40120', '入住申请', '40100', null, 'enter_apply', '0', '2', '/40000/40100/40120', 'park', '414');

INSERT INTO `eh_web_menus` VALUES ('40200', '工位预订', '40000', null, null, '1', '2', '/40000/40200', 'park', '420');
INSERT INTO `eh_web_menus` VALUES ('40210', '空间管理', '40200', null, 'station_booking_rent_manage', '0', '2', '/40000/40200/40210', 'park', '424');
INSERT INTO `eh_web_menus` VALUES ('40220', '预订详情', '40200', null, 'station_booking_enter_apply', '0', '2', '/40000/40200/40220', 'park', '426');

INSERT INTO `eh_web_menus` VALUES ('40300', '服务热线', '40000', null, 'service_hotline', '0', '2', '/40000/40300', 'park', '430');

INSERT INTO `eh_web_menus` VALUES ('40400', '资源预订', '40000', null, null, '1', '2', '/40000/40400', 'park', '440');
INSERT INTO `eh_web_menus` VALUES ('40410', '默认参数', '40400', null, 'rental_setting', '0', '2', '/40000/40400/40410', 'park', '441');
INSERT INTO `eh_web_menus` VALUES ('40420', '资源发布', '40400', null, 'rental_publish', '0', '2', '/40000/40400/40420', 'park', '444');
INSERT INTO `eh_web_menus` VALUES ('40430', '预订详情', '40400', null, 'rental_info', '0', '2', '/40000/40400/40430', 'park', '446');
INSERT INTO `eh_web_menus` VALUES ('40440', '退款处理', '40400', null, 'refund_management', '0', '2', '/40000/40400/40440', 'park', '448');

INSERT INTO `eh_web_menus` VALUES ('40500', '服务联盟', '40000', null, null, '1', '2', '/40000/40500', 'park', '450');
INSERT INTO `eh_web_menus` VALUES ('40510', '类型管理', '40500', null, 'service_type_management', '0', '2', '/40000/40500/40510', 'park', '451');
INSERT INTO `eh_web_menus` VALUES ('40520', '机构管理', '40500', null, 'service_alliance', '0', '2', '/40000/40500/40520', 'park', '453');
INSERT INTO `eh_web_menus` VALUES ('40530', '消息推送设置', '40500', null, 'message_push_setting', '0', '2', '/40500/40530', 'park', '455');
INSERT INTO `eh_web_menus` VALUES ('40540', '申请记录', '40500', null, 'apply_record', '0', '2', '/40500/40540', 'park', '457');

INSERT INTO `eh_web_menus` VALUES ('40600', '创客空间', '40000', null, 'market_zone', '0', '2', '/40000/40600', 'park', '460');

INSERT INTO `eh_web_menus` VALUES ('40700', '结算管理', '40000', null, 'settlement_management', '1', '2', '/40000/40700', 'park', '462');

INSERT INTO `eh_web_menus` VALUES ('40750', '运营统计', '40000', null, 'dailyActive--dailyActive', '0', '2', '/40000/40750', 'park', '464');

INSERT INTO `eh_web_menus` VALUES ('40800', '停车缴费', '40000', null, null, '1', '2', '/40000/40800', 'park', '470');
INSERT INTO `eh_web_menus` VALUES ('40810', '充值项管理', '40800', null, 'park_setting', '0', '2', '/40000/40800/40810', 'park', '471');
INSERT INTO `eh_web_menus` VALUES ('40820', '活动规则', '40800', null, 'park_rules', '0', '2', '/40000/40800/40820', 'park', '472');
INSERT INTO `eh_web_menus` VALUES ('40830', '月卡申请', '40800', null, 'park_card', '0', '2', '/40000/40800/40830', 'park', '473');
INSERT INTO `eh_web_menus` VALUES ('40840', '缴费记录', '40800', null, 'park_recharge', '0', '2', '/40000/40800/40840', 'park', '474');

INSERT INTO `eh_web_menus` VALUES ('40900', '车辆管理', '40000', null, 'car_management', '0', '2', '/40000/40900', 'park', '476');

INSERT INTO `eh_web_menus` VALUES ('41000', '大堂门禁', '40000', null, null, '1', '2', '/40000/41000', 'park', '478');
INSERT INTO `eh_web_menus` VALUES ('41010', '门禁管理', '41000', null, 'access_manage', '0', '2', '/40000/41000/41010', 'park', '479');
INSERT INTO `eh_web_menus` VALUES ('41020', '版本管理', '41000', null, 'version_manage', '0', '2', '/40000/41000/41020', 'park', '480');
INSERT INTO `eh_web_menus` VALUES ('41030', '门禁分组', '41000', null, 'access_group', '0', '2', '/40000/41000/41030', 'park', '481');
INSERT INTO `eh_web_menus` VALUES ('41040', '用户授权', '41000', null, 'user_auth', '0', '2', '/40000/41000/41040', 'park', '482');
INSERT INTO `eh_web_menus` VALUES ('41050', '访客授权', '41000', null, 'visitor_auth', '0', '2', '/40000/41000/41050', 'park', '483');
INSERT INTO `eh_web_menus` VALUES ('41060', '门禁日志', '41000', null, 'access_log', '0', '2', '/40000/41000/41060', 'park', '484');

INSERT INTO `eh_web_menus` VALUES ('41100', 'Wifi热点', '40000', null, 'wifi_hotspot', '0', '2', '/40000/41100', 'park', '485');

INSERT INTO `eh_web_menus` VALUES ('41200', '一卡通', '40000', null, null, '1', '2', '/40000/43500', 'park', '486');
INSERT INTO `eh_web_menus` VALUES ('41210', '开卡用户', '41200', null, 'card_user', '0', '2', '/40000/41200/41210', 'park', '487');
INSERT INTO `eh_web_menus` VALUES ('41220', '充值记录', '41200', null, 'card_recharge_record', '0', '2', '/40000/41200/41220', 'park', '488');
INSERT INTO `eh_web_menus` VALUES ('41230', '消费记录', '41200', null, 'card_purchase_record', '0', '2', '/40000/41200/41230', 'park', '489');

INSERT INTO `eh_web_menus` VALUES ('41300', '场所预订', '40000', null, null, '1', '2', '/40000/41300', 'park', '490');
INSERT INTO `eh_web_menus` VALUES ('41310', '通用设置', '41300', null, 'rental_setting', '0', '2', '/40000/41300/41310', 'park', '491');
INSERT INTO `eh_web_menus` VALUES ('41320', '场所发布', '41300', null, 'rental_publish', '0', '2', '/40000/41300/41320', 'park', '492');
INSERT INTO `eh_web_menus` VALUES ('41330', '预订详情', '41300', null, 'rental_detail', '0', '2', '/40000/41300/41330', 'park', '493');

INSERT INTO `eh_web_menus` VALUES ('41400', '服务预约', '40000', null, null, '1', '2', '/40000/41400', 'park', '494');
INSERT INTO `eh_web_menus` VALUES ('41410', '通用设置', '41400', null, 'service_setting', '0', '2', '/40000/41400/41410', 'park', '495');
INSERT INTO `eh_web_menus` VALUES ('41420', '服务类型', '41400', null, 'service_type', '0', '2', '/40000/41400/41420', 'park', '496');
INSERT INTO `eh_web_menus` VALUES ('41430', '预约详情', '41400', null, 'service_detail', '0', '2', '/40000/41400/41430', 'park', '497');
INSERT INTO `eh_web_menus` VALUES ('41440', '数据统计', '41400', null, 'service_statistics', '0', '2', '/40000/41400/41440', 'park', '498');

INSERT INTO `eh_web_menus` VALUES ('41600', '园区简介', '40000', null, 'settlement_management', '0', '2', '/40000/41600', 'park', '502');


INSERT INTO `eh_web_menus` VALUES ('50000', '内部管理', '0', 'fa fa-group', null, '1', '2', '/50000', 'park', '505');

INSERT INTO `eh_web_menus` VALUES ('50100', '组织架构', '50000', null, null, '1', '2', '/50000/50100', 'park', '510');
INSERT INTO `eh_web_menus` VALUES ('50110', '组织架构', '50100', null, 'architecture_management', '0', '2', '/50000/50100/50110', 'park', '511');

INSERT INTO `eh_web_menus` VALUES ('50200', '岗位管理', '50000', null, '#', '0', '2', '/50000/50200', 'park', '521');
INSERT INTO `eh_web_menus` VALUES ('50300', '职级管理', '50000', null, '#', '0', '2', '/50000/50300', 'park', '530');

INSERT INTO `eh_web_menus` VALUES ('50400', '人员管理', '50000', null, 'personal_management', '0', '2', '/50000/50400', 'park', '540');

INSERT INTO `eh_web_menus` VALUES ('50500', '认证管理', '50000', null, '#', '0', '2', '/50000/50500', 'park', '541');

INSERT INTO `eh_web_menus` VALUES ('50600', '考勤管理', '50000', null, null, '1', '2', '/50000/50600', 'park', '543');
INSERT INTO `eh_web_menus` VALUES ('50610', '考勤规则设置', '50600', null, null, '1', '2', '/50000/50600/50610', 'park', '544');
INSERT INTO `eh_web_menus` VALUES ('50611', '规则管理', '50610', null, 'punch_rule', '0', '2', '/50000/50600/50610/50611', 'park', '545');
INSERT INTO `eh_web_menus` VALUES ('50612', '时间管理', '50610', null, 'punch_time', '0', '2', '/50000/50600/50610/50612', 'park', '546');
INSERT INTO `eh_web_menus` VALUES ('50613', '地点管理', '50610', null, 'punch_location', '0', '2', '/50000/50600/50610/50613', 'park', '547');
INSERT INTO `eh_web_menus` VALUES ('50614', 'wifi管理', '50610', null, 'punch_wifi', '0', '2', '/50000/50600/50610/50614', 'park', '548');
INSERT INTO `eh_web_menus` VALUES ('50615', '排班管理', '50610', null, 'punch_scheduling', '0', '2', '/50000/50600/50610/50615', 'park', '550');

INSERT INTO `eh_web_menus` VALUES ('50620', '审批规则设置', '50600', null, null, '1', '2', '/50000/50600/50620', 'park', '551');
INSERT INTO `eh_web_menus` VALUES ('50621', '审批规则', '50620', null, 'approval_rule', '0', '2', '/50000/50600/50620/50621', 'park', '552');
INSERT INTO `eh_web_menus` VALUES ('50622', '审批人设置', '50620', null, 'approval_personal', '0', '2', '/50000/50600/50620/50622', 'park', '553');

INSERT INTO `eh_web_menus` VALUES ('50630', '考勤规则配置', '50600', null, null, '1', '2', '/50000/50600/50630', 'park', '554');
INSERT INTO `eh_web_menus` VALUES ('50631', '通用设置', '50630', null, 'punch_setting', '0', '2', '/50000/50600/50630/50631', 'park', '555');
INSERT INTO `eh_web_menus` VALUES ('50632', '个人设置', '50630', null, 'punch_personal_setting', '0', '2', '/50000/50600/50630/50632', 'park', '556');

INSERT INTO `eh_web_menus` VALUES ('50640', '打卡详情', '50600', null, null, '1', '2', '/50000/50600/50640', 'park', '557');
INSERT INTO `eh_web_menus` VALUES ('50641', '打卡详情', '50640', null, 'punch_detail', '0', '2', '/50000/50600/50640/50641', 'park', '558');

INSERT INTO `eh_web_menus` VALUES ('50650', '异常处理', '50600', null, null, '1', '2', '/50000/50600/50650', 'park', '559');
INSERT INTO `eh_web_menus` VALUES ('50651', '异常申请', '50650', null, 'abnormal_apply', '0', '2', '/50000/50600/50650/50651', 'park', '560');
INSERT INTO `eh_web_menus` VALUES ('50652', '请假申请', '50650', null, 'leave_apply', '0', '2', '/50000/50600/50650/50652', 'park', '561');

INSERT INTO `eh_web_menus` VALUES ('50660', '考勤统计', '50600', null, null, '1', '2', '/50000/50600/50660', 'park', '562');
INSERT INTO `eh_web_menus` VALUES ('50661', '考勤统计', '50660', null, 'punch_statistics', '0', '2', '/50000/50600/50660/50661', 'park', '563');

INSERT INTO `eh_web_menus` VALUES ('50670', '请假类型设置', '50600', null, null, '1', '2', '/50000/50600/50670', 'park', '564');
INSERT INTO `eh_web_menus` VALUES ('50671', '类型设置', '50670', null, 'leave_setting', '0', '2', '/50000/50600/50670/50671', 'park', '565');

INSERT INTO `eh_web_menus` VALUES ('50700', '视频会议', '50000', null, null, '1', '2', '/50000/50700', 'park', '570');
INSERT INTO `eh_web_menus` VALUES ('50710', '账号管理', '50700', null, '#', '0', '2', '/50000/50700/50710', 'park', '571');
INSERT INTO `eh_web_menus` VALUES ('50720', '我的订单', '50700', null, '#', '0', '2', '/50000/50700/50720', 'park', '572');
INSERT INTO `eh_web_menus` VALUES ('50730', '会议官网', '50700', null, 'zlMeeting', '0', '2', '/50000/50700/50730', 'park', '573');

INSERT INTO `eh_web_menus` VALUES ('50800', '公司门禁', '50000', null, null, '1', '2', '/50000/50800', 'park', '580');
INSERT INTO `eh_web_menus` VALUES ('50810', '门禁管理', '50800', null, 'access_manage_inside', '0', '2', '/50000/50800/50810', 'park', '581');
INSERT INTO `eh_web_menus` VALUES ('50820', '版本管理', '50800', null, 'version_manage_inside', '0', '2', '/50000/50800/50820', 'park', '582');
INSERT INTO `eh_web_menus` VALUES ('50830', '门禁分组', '50800', null, 'access_group_inside', '0', '2', '/50000/50800/50830', 'park', '583');
INSERT INTO `eh_web_menus` VALUES ('50840', '用户授权', '50800', null, 'user_auth_inside', '0', '2', '/50000/50800/50840', 'park', '584');
INSERT INTO `eh_web_menus` VALUES ('50850', '访客授权', '50800', null, 'visitor_auth_inside', '0', '2', '/50000/50800/50850', 'park', '585');
INSERT INTO `eh_web_menus` VALUES ('50860', '门禁日志', '50800', null, 'access_log_inside', '0', '2', '/50000/50800/50860', 'park', '586');

INSERT INTO `eh_web_menus` VALUES ('60000', '系统管理', '0', 'fa fa-group', null, '1', '2', '/60000', 'park', '600');

INSERT INTO `eh_web_menus` VALUES ('60100', '管理员管理', '60000', null, 'admin_management', '0', '2', '/60000/60100', 'park', '610');
INSERT INTO `eh_web_menus` VALUES ('60200', '业务授权', '60000', null, '#', '0', '2', '/60000/60200', 'park', '620');


INSERT INTO `eh_acl_privileges` (`id`, `app_id`, `name`, `description`, `tag`) VALUES (10001, '0', '信息发布', '信息发布 业务模块权限', NULL);
INSERT INTO `eh_acl_privileges` (`id`, `app_id`, `name`, `description`, `tag`) VALUES (10002, '0', '论坛/公告', '论坛/公告 业务模块权限', NULL);
INSERT INTO `eh_acl_privileges` (`id`, `app_id`, `name`, `description`, `tag`) VALUES (10003, '0', '广告管理', '广告管理 业务模块权限', NULL);

INSERT INTO `eh_acl_privileges` (`id`, `app_id`, `name`, `description`, `tag`) VALUES (10004, '0', '活动管理', '活动管理 业务模块权限', NULL);
INSERT INTO `eh_acl_privileges` (`id`, `app_id`, `name`, `description`, `tag`) VALUES (10005, '0', '新闻管理', '新闻管理 业务模块权限', NULL);
INSERT INTO `eh_acl_privileges` (`id`, `app_id`, `name`, `description`, `tag`) VALUES (10006, '0', '一键推送', '一键推送 业务模块权限', NULL);

INSERT INTO `eh_acl_privileges` (`id`, `app_id`, `name`, `description`, `tag`) VALUES (10007, '0', '物业服务', '物业服务 业务模块权限', NULL);
INSERT INTO `eh_acl_privileges` (`id`, `app_id`, `name`, `description`, `tag`) VALUES (10008, '0', '物业报修', '物业报修 业务模块权限', NULL);
INSERT INTO `eh_acl_privileges` (`id`, `app_id`, `name`, `description`, `tag`) VALUES (10009, '0', '物业缴费', '物业缴费 业务模块权限', NULL);
INSERT INTO `eh_acl_privileges` (`id`, `app_id`, `name`, `description`, `tag`) VALUES (10010, '0', '品质核查', '品质核查 业务模块权限', NULL);
INSERT INTO `eh_acl_privileges` (`id`, `app_id`, `name`, `description`, `tag`) VALUES (10011, '0', '设备巡检', '设备巡检 业务模块权限', NULL);
INSERT INTO `eh_acl_privileges` (`id`, `app_id`, `name`, `description`, `tag`) VALUES (10012, '0', '项目管理', '项目管理 业务模块权限', NULL);
INSERT INTO `eh_acl_privileges` (`id`, `app_id`, `name`, `description`, `tag`) VALUES (10013, '0', '项目信息', '项目信息 业务模块权限', NULL);
INSERT INTO `eh_acl_privileges` (`id`, `app_id`, `name`, `description`, `tag`) VALUES (10014, '0', '楼栋管理', '楼栋管理 业务模块权限', NULL);
INSERT INTO `eh_acl_privileges` (`id`, `app_id`, `name`, `description`, `tag`) VALUES (10015, '0', '门牌管理', '门牌管理 业务模块权限', NULL);
INSERT INTO `eh_acl_privileges` (`id`, `app_id`, `name`, `description`, `tag`) VALUES (10016, '0', '用户管理', '用户管理 业务模块权限', NULL);
INSERT INTO `eh_acl_privileges` (`id`, `app_id`, `name`, `description`, `tag`) VALUES (10017, '0', '用户认证', '用户认证 业务模块权限', NULL);
INSERT INTO `eh_acl_privileges` (`id`, `app_id`, `name`, `description`, `tag`) VALUES (10018, '0', '客户资料', '客户资料 业务模块权限', NULL);
INSERT INTO `eh_acl_privileges` (`id`, `app_id`, `name`, `description`, `tag`) VALUES (10019, '0', '运营服务', '运营服务 业务模块权限', NULL);
INSERT INTO `eh_acl_privileges` (`id`, `app_id`, `name`, `description`, `tag`) VALUES (10020, '0', '招租管理', '招租管理 业务模块权限', NULL);
INSERT INTO `eh_acl_privileges` (`id`, `app_id`, `name`, `description`, `tag`) VALUES (10021, '0', '工位预订', '工位预订 业务模块权限', NULL);
INSERT INTO `eh_acl_privileges` (`id`, `app_id`, `name`, `description`, `tag`) VALUES (10022, '0', '服务热线', '服务热线 业务模块权限', NULL);
INSERT INTO `eh_acl_privileges` (`id`, `app_id`, `name`, `description`, `tag`) VALUES (10023, '0', '资源预订', '资源预订 业务模块权限', NULL);
INSERT INTO `eh_acl_privileges` (`id`, `app_id`, `name`, `description`, `tag`) VALUES (10024, '0', '服务联盟', '服务联盟 业务模块权限', NULL);
INSERT INTO `eh_acl_privileges` (`id`, `app_id`, `name`, `description`, `tag`) VALUES (10025, '0', '创客空间', '创客空间 业务模块权限', NULL);
INSERT INTO `eh_acl_privileges` (`id`, `app_id`, `name`, `description`, `tag`) VALUES (10026, '0', '结算管理', '结算管理 业务模块权限', NULL);
INSERT INTO `eh_acl_privileges` (`id`, `app_id`, `name`, `description`, `tag`) VALUES (10027, '0', '运营统计', '运营统计 业务模块权限', NULL);
INSERT INTO `eh_acl_privileges` (`id`, `app_id`, `name`, `description`, `tag`) VALUES (10028, '0', '停车缴费', '停车缴费 业务模块权限', NULL);
INSERT INTO `eh_acl_privileges` (`id`, `app_id`, `name`, `description`, `tag`) VALUES (10029, '0', '车辆管理', '车辆管理 业务模块权限', NULL);
INSERT INTO `eh_acl_privileges` (`id`, `app_id`, `name`, `description`, `tag`) VALUES (10030, '0', '大堂门禁', '大堂门禁 业务模块权限', NULL);
INSERT INTO `eh_acl_privileges` (`id`, `app_id`, `name`, `description`, `tag`) VALUES (10031, '0', 'Wifi热点', 'Wifi热点 业务模块权限', NULL);
INSERT INTO `eh_acl_privileges` (`id`, `app_id`, `name`, `description`, `tag`) VALUES (10032, '0', '一卡通', '一卡通 业务模块权限', NULL);
INSERT INTO `eh_acl_privileges` (`id`, `app_id`, `name`, `description`, `tag`) VALUES (10033, '0', '内部管理', '内部管理 业务模块权限', NULL);
INSERT INTO `eh_acl_privileges` (`id`, `app_id`, `name`, `description`, `tag`) VALUES (10034, '0', '组织架构', '组织架构 业务模块权限', NULL);
INSERT INTO `eh_acl_privileges` (`id`, `app_id`, `name`, `description`, `tag`) VALUES (10035, '0', '岗位管理', '岗位管理 业务模块权限', NULL);
INSERT INTO `eh_acl_privileges` (`id`, `app_id`, `name`, `description`, `tag`) VALUES (10036, '0', '职级管理', '职级管理 业务模块权限', NULL);
INSERT INTO `eh_acl_privileges` (`id`, `app_id`, `name`, `description`, `tag`) VALUES (10037, '0', '人员管理', '人员管理 业务模块权限', NULL);
INSERT INTO `eh_acl_privileges` (`id`, `app_id`, `name`, `description`, `tag`) VALUES (10038, '0', '认证管理', '认证管理 业务模块权限', NULL);
INSERT INTO `eh_acl_privileges` (`id`, `app_id`, `name`, `description`, `tag`) VALUES (10039, '0', '考勤管理', '考勤管理 业务模块权限', NULL);
INSERT INTO `eh_acl_privileges` (`id`, `app_id`, `name`, `description`, `tag`) VALUES (10040, '0', '视频会议', '视频会议 业务模块权限', NULL);
INSERT INTO `eh_acl_privileges` (`id`, `app_id`, `name`, `description`, `tag`) VALUES (10041, '0', '公司门禁', '公司门禁 业务模块权限', NULL);
INSERT INTO `eh_acl_privileges` (`id`, `app_id`, `name`, `description`, `tag`) VALUES (10042, '0', '系统管理', '系统管理 业务模块权限', NULL);
INSERT INTO `eh_acl_privileges` (`id`, `app_id`, `name`, `description`, `tag`) VALUES (10043, '0', '管理员管理', '管理员管理 业务模块权限', NULL);
INSERT INTO `eh_acl_privileges` (`id`, `app_id`, `name`, `description`, `tag`) VALUES (10044, '0', '业务授权', '业务授权 业务模块权限', NULL);

INSERT INTO `eh_acl_privileges` (`id`, `app_id`, `name`, `description`, `tag`) VALUES (10045, '0', '路演直播', '路演直播 业务模块权限', NULL);
INSERT INTO `eh_acl_privileges` (`id`, `app_id`, `name`, `description`, `tag`) VALUES (10046, '0', '行业动态', '行业动态 业务模块权限', NULL);
INSERT INTO `eh_acl_privileges` (`id`, `app_id`, `name`, `description`, `tag`) VALUES (10047, '0', '企业管理', '企业管理 业务模块权限', NULL);
INSERT INTO `eh_acl_privileges` (`id`, `app_id`, `name`, `description`, `tag`) VALUES (10048, '0', '业主管理', '业主管理 业务模块权限', NULL);

INSERT INTO `eh_acl_privileges` (`id`, `app_id`, `name`, `description`, `tag`) VALUES (10049, '0', '园区报', '园区报 业务模块权限', NULL);
INSERT INTO `eh_acl_privileges` (`id`, `app_id`, `name`, `description`, `tag`) VALUES (10050, '0', '场所预订', '场所预订 业务模块权限', NULL);
INSERT INTO `eh_acl_privileges` (`id`, `app_id`, `name`, `description`, `tag`) VALUES (10051, '0', '服务预约', '服务预约 业务模块权限', NULL);
INSERT INTO `eh_acl_privileges` (`id`, `app_id`, `name`, `description`, `tag`) VALUES (10052, '0', '园区简介', '园区简介 业务模块权限', NULL);


select * from eh_acl_privileges where id >= 10001 and id <= 10048;
SET @acl_id = (SELECT MAX(id) FROM `eh_acls`);
INSERT INTO `eh_acls` (`id`,`owner_type`,`grant_type`,`privilege_id`,`role_id`,`order_seq`,`creator_uid`,`create_time`)
SELECT (@acl_id := @acl_id + 1), 'EhOrganizations', 1, `privilege_id`, 1001,0,1,now() FROM `eh_web_menu_privileges` WHERE id >= 10001 and id <= 10048;

