INSERT INTO `eh_namespaces`(`id`, `name`) VALUES(999989, 'ibase');
INSERT INTO `eh_namespace_details` (`id`, `namespace_id`, `resource_type`, `create_time`) 
	VALUES(1021, 999989, 'community_commercial', '2016-05-12 18:07:50');

INSERT INTO `eh_users` (`id`,  `uuid`,  `account_name`,  `nick_name`, `avatar`, `status`, `points`, `level`, `gender`, `locale`, `salt`, `password_hash`, `create_time`, `namespace_id`)
	VALUES (218247, UUID(), '19033772015', '朱睿', 'cs://1/image/aW1hZ2UvTVRvMlkySmhNbVZqTm1SaU1UQXdPREkxWkRjME5HVmxNVFU1TXpBNE5UUTBZdw', 1, 45, '1', '1',  'zh_CN',  '3023538e14053565b98fdfb2050c7709', '3f2d9e5202de37dab7deea632f915a6adc206583b3f228ad7e101e5cb9c4b199', UTC_TIMESTAMP(), 999989);
INSERT INTO `eh_user_identifiers` (`id`,  `owner_uid`,  `identifier_type`,  `identifier_token`,  `verification_code`,  `claim_status`, `create_time`, `namespace_id`)
	VALUES (220770, 218247,  '0',  '13685626475',  '221616',  3, UTC_TIMESTAMP(), 999989);
INSERT INTO `eh_users` (`id`,  `uuid`,  `account_name`,  `nick_name`, `avatar`, `status`, `points`, `level`, `gender`, `locale`, `salt`, `password_hash`, `create_time`, `namespace_id`)
	VALUES (218249, UUID(), '19033772017', '涂远诚', 'cs://1/image/aW1hZ2UvTVRvMlkySmhNbVZqTm1SaU1UQXdPREkxWkRjME5HVmxNVFU1TXpBNE5UUTBZdw', 1, 45, '1', '1',  'zh_CN',  '3023538e14053565b98fdfb2050c7709', '3f2d9e5202de37dab7deea632f915a6adc206583b3f228ad7e101e5cb9c4b199', UTC_TIMESTAMP(), 999989);
INSERT INTO `eh_user_identifiers` (`id`,  `owner_uid`,  `identifier_type`,  `identifier_token`,  `verification_code`,  `claim_status`, `create_time`, `namespace_id`)
	VALUES (220772, 218249,  '0',  '13246721240',  '221616',  3, UTC_TIMESTAMP(), 999989);
INSERT INTO `eh_users` (`id`,  `uuid`,  `account_name`,  `nick_name`, `avatar`, `status`, `points`, `level`, `gender`, `locale`, `salt`, `password_hash`, `create_time`, `namespace_id`)
	VALUES (218250, UUID(), '19033772018', '方薇', 'cs://1/image/aW1hZ2UvTVRvMlkySmhNbVZqTm1SaU1UQXdPREkxWkRjME5HVmxNVFU1TXpBNE5UUTBZdw', 1, 45, '1', '2',  'zh_CN',  '3023538e14053565b98fdfb2050c7709', '3f2d9e5202de37dab7deea632f915a6adc206583b3f228ad7e101e5cb9c4b199', UTC_TIMESTAMP(), 999989);
INSERT INTO `eh_user_identifiers` (`id`,  `owner_uid`,  `identifier_type`,  `identifier_token`,  `verification_code`,  `claim_status`, `create_time`, `namespace_id`)
	VALUES (220773, 218250,  '0',  '13763358359',  '221616',  3, UTC_TIMESTAMP(), 999989);
    
    
INSERT INTO `eh_regions` (`id`, `parent_id`, `name`, `pinyin_name`, `pinyin_prefix`, `path`, `level`, `scope_code`, `iso_code`, `tel_code`, `status`, `hot_flag`, `namespace_id`) 
	VALUES ('14970', '0', '广东', 'GUANGDONG', 'GD', '/广东', '1', '1', '', '', '2', '2', '999989');
INSERT INTO `eh_regions` (`id`, `parent_id`, `name`, `pinyin_name`, `pinyin_prefix`, `path`, `level`, `scope_code`, `iso_code`, `tel_code`, `status`, `hot_flag`, `namespace_id`) 
	VALUES ('14971', '14970', '深圳市', 'SHENZHENSHI', 'SZS', '/广东/深圳市', '2', '2', NULL, '0755', '2', '1', '999989');
INSERT INTO `eh_regions` (`id`, `parent_id`, `name`, `pinyin_name`, `pinyin_prefix`, `path`, `level`, `scope_code`, `iso_code`, `tel_code`, `status`, `hot_flag`, `namespace_id`) 
	VALUES ('14972', '14971', '南山区', 'NANSHANQU', 'NSQ', '/广东/深圳市/南山区', '3', '3', NULL, '0755', '2', '0', '999989');
INSERT INTO `eh_regions` (`id`, `parent_id`, `name`, `pinyin_name`, `pinyin_prefix`, `path`, `level`, `scope_code`, `iso_code`, `tel_code`, `status`, `hot_flag`, `namespace_id`) 
	VALUES ('14973', '14971', '福田区', 'NANSHANQU', 'FTQ', '/广东/深圳市/福田区', '3', '3', NULL, '0755', '2', '0', '999989');
INSERT INTO `eh_regions` (`id`, `parent_id`, `name`, `pinyin_name`, `pinyin_prefix`, `path`, `level`, `scope_code`, `iso_code`, `tel_code`, `status`, `hot_flag`, `namespace_id`) 
    VALUES ('14974', '0', '北京', 'BEIJING', 'BJ', '/北京', '1', '1', NULL, NULL, '2', '0', '999989');
INSERT INTO `ehcore`.`eh_regions` (`id`, `parent_id`, `name`, `pinyin_name`, `pinyin_prefix`, `path`, `level`, `scope_code`, `iso_code`, `tel_code`, `status`, `hot_flag`, `namespace_id`) 
    VALUES ('14975', '14974', '北京市', 'BEIJINGSHI', 'BJS', '/北京/北京市', '2', '2', NULL, '010', '2', '1', '999989');
INSERT INTO `ehcore`.`eh_regions` (`id`, `parent_id`, `name`, `pinyin_name`, `pinyin_prefix`, `path`, `level`, `scope_code`, `iso_code`, `tel_code`, `status`, `hot_flag`, `namespace_id`) 
    VALUES ('14976', '14975', '朝阳区', 'ZHAOYANGQU', 'ZYQ', '/北京/北京市/朝阳区', '3', '3', NULL, '010', '2', '0', '999989');
   
INSERT INTO `eh_communities` (`id`, `uuid`, `city_id`, `city_name`, `area_id`, `area_name`, `name`, `alias_name`, `address`, `zipcode`, `description`, `detail_description`, `apt_segment1`, `apt_segment2`, `apt_segment3`, `apt_seg1_sample`, `apt_seg2_sample`, `apt_seg3_sample`, `apt_count`, `creator_uid`, `operator_uid`, `status`, `create_time`, `delete_time`, `integral_tag1`, `integral_tag2`, `integral_tag3`, `integral_tag4`, `integral_tag5`, `string_tag1`, `string_tag2`, `string_tag3`, `string_tag4`, `string_tag5`, `community_type`, `default_forum_id`, `feedback_forum_id`, `update_time`, `namespace_id`)
	VALUES( 240111044331052505, UUID(), 14975, '北京市',  14976, '朝阳区', 'ibase-金地商置Ibase原点', '金地商置Ibase原点', '北京市朝阳区建国路91号金地中心B座18层', NULL, '北京金地中心位于大望路与国贸的CBD商圈，毗邻华贸中心和万达广场，属于北京甲A级写字楼。ibase商务中心是金地集团自营联合办公场所，位于金地中心B座18层。大气低调的装修风格以及完善的办公配套设施，专业的服务人员使您的办公简易化。67间办公室，224个工位可以满足不同需求的客户。', NULL, NULL, NULL, NULL, NULL, NULL,NULL, 1, 1,NULL,'2',UTC_TIMESTAMP(), NULL, NULL, NULL, NULL, NULL, NULL, NULL, NULL, NULL, NULL,NULL,'1', 1, 2, UTC_TIMESTAMP(), 999989);
INSERT INTO `eh_community_geopoints`(`id`, `community_id`, `description`, `longitude`, `latitude`, `geohash`) 
	VALUES(240111044331049105, 240111044331052505, '', 113.94470215, 22.53833867, 'ws100yup24b5');
INSERT INTO `eh_organization_communities`(organization_id, community_id) 
	VALUES(1001600, 240111044331052505);

INSERT INTO `eh_communities` (`id`, `uuid`, `city_id`, `city_name`, `area_id`, `area_name`, `name`, `alias_name`, `address`, `zipcode`, `description`, `detail_description`, `apt_segment1`, `apt_segment2`, `apt_segment3`, `apt_seg1_sample`, `apt_seg2_sample`, `apt_seg3_sample`, `apt_count`, `creator_uid`, `operator_uid`, `status`, `create_time`, `delete_time`, `integral_tag1`, `integral_tag2`, `integral_tag3`, `integral_tag4`, `integral_tag5`, `string_tag1`, `string_tag2`, `string_tag3`, `string_tag4`, `string_tag5`, `community_type`, `default_forum_id`, `feedback_forum_id`, `update_time`, `namespace_id`)
	VALUES( 240111044331052506, UUID(), 14971, '深圳市',  14972, '南山区', 'ibase-金谷创业园B栋', '金谷创业园B栋', '南山区西丽龙珠四路金谷创业园B栋5层', NULL, '项目位于金谷创业园内，是大沙河创新走廊重点项目已获得政府政策补贴，为“一街道一园区”重点项目，南侧紧邻北环大道及广深高速，北侧为龙珠大道，东侧为高发科技园，西侧隔龙珠四路与西丽车管所毗邻，150米近距龙井地铁站，可直达科技园、车公庙、大学城、华强北等区域。园区配套酒店、餐饮、长租公寓、咖啡厅等，绿化覆盖率高达38%。', NULL, NULL, NULL, NULL, NULL, NULL,NULL, 44, 1,NULL,'2',UTC_TIMESTAMP(), NULL, NULL, NULL, NULL, NULL, NULL, NULL, NULL, NULL, NULL,NULL,'1', 1, 2, UTC_TIMESTAMP(), 999989);
INSERT INTO `eh_community_geopoints`(`id`, `community_id`, `description`, `longitude`, `latitude`, `geohash`) 
	VALUES(240111044331049106, 240111044331052506, '', 113.94470215, 22.53833867, 'ws100yup24b5');
INSERT INTO `eh_organization_communities`(organization_id, community_id) 
	VALUES(1001600, 240111044331052506);

INSERT INTO `eh_communities` (`id`, `uuid`, `city_id`, `city_name`, `area_id`, `area_name`, `name`, `alias_name`, `address`, `zipcode`, `description`, `detail_description`, `apt_segment1`, `apt_segment2`, `apt_segment3`, `apt_seg1_sample`, `apt_seg2_sample`, `apt_seg3_sample`, `apt_count`, `creator_uid`, `operator_uid`, `status`, `create_time`, `delete_time`, `integral_tag1`, `integral_tag2`, `integral_tag3`, `integral_tag4`, `integral_tag5`, `string_tag1`, `string_tag2`, `string_tag3`, `string_tag4`, `string_tag5`, `community_type`, `default_forum_id`, `feedback_forum_id`, `update_time`, `namespace_id`)
	VALUES( 240111044331052507, UUID(), 14971, '深圳市',  14972, '南山区', 'ibase-威新软件园7号楼', '威新软件园7号楼', '广东省深圳市南山区高新南九道威新软件园7号楼1-2层', NULL, '位于国家重点支持的五大科技园区之一的深圳科技园南区，与英特尔、阿里巴巴、蚂蚁金服、伟创力、招商证券等知名企业为邻。威新中心提供1-200人团队的办公室，可根据企业需求定制空间与设施，拎包进驻，即租即用，中心内高速网络全面覆盖，配备全方位办公服务、视频会议室等。', NULL, NULL, NULL, NULL, NULL, NULL,NULL, 77, 1,NULL,'2',UTC_TIMESTAMP(), NULL, NULL, NULL, NULL, NULL, NULL, NULL, NULL, NULL, NULL,NULL,'1', 1, 2, UTC_TIMESTAMP(), 999989);
INSERT INTO `eh_community_geopoints`(`id`, `community_id`, `description`, `longitude`, `latitude`, `geohash`) 
	VALUES(240111044331049107, 240111044331052507, '', 113.94470215, 22.53833867, 'ws100yup24b5');
INSERT INTO `eh_organization_communities`(organization_id, community_id) 
	VALUES(1001600, 240111044331052507);

INSERT INTO `eh_communities` (`id`, `uuid`, `city_id`, `city_name`, `area_id`, `area_name`, `name`, `alias_name`, `address`, `zipcode`, `description`, `detail_description`, `apt_segment1`, `apt_segment2`, `apt_segment3`, `apt_seg1_sample`, `apt_seg2_sample`, `apt_seg3_sample`, `apt_count`, `creator_uid`, `operator_uid`, `status`, `create_time`, `delete_time`, `integral_tag1`, `integral_tag2`, `integral_tag3`, `integral_tag4`, `integral_tag5`, `string_tag1`, `string_tag2`, `string_tag3`, `string_tag4`, `string_tag5`, `community_type`, `default_forum_id`, `feedback_forum_id`, `update_time`, `namespace_id`)
	VALUES( 240111044331052508, UUID(), 14971, '深圳市',  14973, '福田区', 'ibase-竹盛花园三期裙楼', '竹盛花园三期裙楼', '广东省深圳市福田区竹子林三路竹盛花园三期裙楼201室', NULL, '项目位属大华侨城片区，园博园、华侨城loft工业园、锦绣中华、世界之窗、欢乐谷等自然人文资源相当丰富。成熟住宅片区，商业配套丰富，学校、银行、医院、餐饮、商业一应俱全，更有美食一条街。深南大道沿线，“深圳人才园”公交站无缝接驳，距竹子林地铁站仅1.4公里。', NULL, NULL, NULL, NULL, NULL, NULL,NULL, 39, 1,NULL,'2',UTC_TIMESTAMP(), NULL, NULL, NULL, NULL, NULL, NULL, NULL, NULL, NULL, NULL,NULL,'1', 1, 2, UTC_TIMESTAMP(), 999989);
INSERT INTO `eh_community_geopoints`(`id`, `community_id`, `description`, `longitude`, `latitude`, `geohash`) 
	VALUES(240111044331049108, 240111044331052508, '', 113.94470215, 22.53833867, 'ws100yup24b5');
INSERT INTO `eh_organization_communities`(organization_id, community_id) 
	VALUES(1001600, 240111044331052508);
    
INSERT INTO `eh_groups` (`id`, `uuid`, `name`, `display_name`, `status`, `visible_region_type`, `visible_region_id`,`discriminator`, `private_flag`, `join_policy`, `update_time`, `create_time`, `integral_tag4`, `creator_uid`, `namespace_id`)
	VALUES(1001900, UUID(), 'ibase', '金地ibase', 1, 1, 1001600, 'enterprise',  1, 1, UTC_TIMESTAMP(), UTC_TIMESTAMP(), 180600, 1, 999989); 
INSERT INTO `eh_forums` (`id`, `uuid`, `namespace_id`, `app_id`, `owner_type`, `owner_id`, `name`, `description`, `post_count`, `modify_seq`, `update_time`, `create_time`) 
	VALUES(180600, UUID(), 999989, 2, 'EhGroups', 1001900,'金地ibase','','0','0', UTC_TIMESTAMP(), UTC_TIMESTAMP());       

INSERT INTO `eh_organizations` (`id`, `parent_id`, `organization_type`, `name`, `description`, `path`, `level`, `status`, `group_type`, `namespace_id`, `group_id`) 
	VALUES(1001600, 0, 'PM', 'ibase', '', '/1001600', 1, 2, 'ENTERPRISE', 999989, 1001900);
INSERT INTO `eh_organization_community_requests` (id, community_id, member_type, member_id, member_status, creator_uid, create_time) 
	VALUES(1109990, 240111044331052507, 'organization', 1001600, 3, 0, UTC_TIMESTAMP());    
  
INSERT INTO `eh_organization_members`(id, organization_id, target_type, target_id, member_group, contact_name, contact_type, contact_token, status)
	VALUES(2102949, 1001600, 'USER', 218247, 'manager', '朱睿', 0, '13685626475', 3);	
INSERT INTO `eh_organization_members`(id, organization_id, target_type, target_id, member_group, contact_name, contact_type, contact_token, status)
	VALUES(2102948, 1001600, 'USER', 218249, 'manager', '涂远诚', 0, '13246721240', 3);	
INSERT INTO `eh_organization_members`(id, organization_id, target_type, target_id, member_group, contact_name, contact_type, contact_token, status)
	VALUES(2102947, 1001600, 'USER', 218250, 'manager', '方薇', 0, '13763358359', 3);	

INSERT INTO `eh_acl_role_assignments`(id, owner_type, owner_id, target_type, target_id, role_id, creator_uid, create_time)
	VALUES(10639, 'EhOrganizations', 1001600, 'EhUsers', 218247, 1001, 1, UTC_TIMESTAMP());
INSERT INTO `eh_acl_role_assignments`(id, owner_type, owner_id, target_type, target_id, role_id, creator_uid, create_time)
	VALUES(10638, 'EhOrganizations', 1001600, 'EhUsers', 218249, 1001, 1, UTC_TIMESTAMP());
INSERT INTO `eh_acl_role_assignments`(id, owner_type, owner_id, target_type, target_id, role_id, creator_uid, create_time)
	VALUES(10637, 'EhOrganizations', 1001600, 'EhUsers', 218250, 1001, 1, UTC_TIMESTAMP());
  
INSERT INTO `eh_namespace_resources`(`id`, `namespace_id`, `resource_type`, `resource_id`, `create_time`) 
	VALUES(1220, 999989, 'COMMUNITY', 240111044331052505, UTC_TIMESTAMP());	
INSERT INTO `eh_namespace_resources`(`id`, `namespace_id`, `resource_type`, `resource_id`, `create_time`) 
	VALUES(1221, 999989, 'COMMUNITY', 240111044331052506, UTC_TIMESTAMP());
INSERT INTO `eh_namespace_resources`(`id`, `namespace_id`, `resource_type`, `resource_id`, `create_time`) 
	VALUES(1222, 999989, 'COMMUNITY', 240111044331052507, UTC_TIMESTAMP());
INSERT INTO `eh_namespace_resources`(`id`, `namespace_id`, `resource_type`, `resource_id`, `create_time`) 
	VALUES(1223, 999989, 'COMMUNITY', 240111044331052508, UTC_TIMESTAMP());

    
    
INSERT INTO `eh_configurations` (`id`, `name`, `value`, `description`, `namespace_id`, `display_name`) 
	VALUES ('73', 'app.agreements.url', 'https://core.zuolin.com/mobile/static/app_agreements/ibase_agreements.html', 'the relative path for chuneng app agreements', '999989', NULL);	
	
INSERT INTO `eh_version_realm` VALUES ('38', 'Android_Ibase', null, UTC_TIMESTAMP(), '999989');
INSERT INTO `eh_version_realm` VALUES ('39', 'iOS_Ibase', null, UTC_TIMESTAMP(), '999989');

insert into `eh_version_upgrade_rules` (`id`, `realm_id`, `matching_lower_bound`, `matching_upper_bound`, `order`, `target_version`, `force_upgrade`, `create_time`) values(38,38,'-0.1','1048576','0','1.0.0','0',UTC_TIMESTAMP());
insert into `eh_version_upgrade_rules` (`id`, `realm_id`, `matching_lower_bound`, `matching_upper_bound`, `order`, `target_version`, `force_upgrade`, `create_time`) values(39,39,'-0.1','1048576','0','1.0.0','0',UTC_TIMESTAMP());


INSERT INTO `eh_locale_templates`(`namespace_id`, `scope`, `code`,`locale`, `description`, `text`) VALUES(999989, 'sms.default.yzx', 1, 'zh_CN', '验证码-Ibase', '25889');
INSERT INTO `eh_locale_templates`(`namespace_id`, `scope`, `code`,`locale`, `description`, `text`) VALUES(999989, 'sms.default.yzx', 4, 'zh_CN', '派单-Ibase', '25890');
INSERT INTO `eh_locale_templates`(`namespace_id`, `scope`, `code`,`locale`, `description`, `text`) VALUES(999989, 'sms.default.yzx', 6, 'zh_CN', '任务2-Ibase', '25892');    
    
    
INSERT INTO `eh_categories`(`id`, `parent_id`, `link_id`, `name`, `path`, `default_order`, `status`, `create_time`, `namespace_id`)
    VALUES(200852, 1, 0, '普通', '帖子/普通', 1, 2, UTC_TIMESTAMP(), 999989);
INSERT INTO `eh_categories`(`id`, `parent_id`, `link_id`, `name`, `path`, `default_order`, `status`, `create_time`, `namespace_id`)
    VALUES(200853, 1, 0, '二手和租售', '帖子/二手和租售', 1, 2, UTC_TIMESTAMP(), 999989);
INSERT INTO `eh_categories`(`id`, `parent_id`, `link_id`, `name`, `path`, `default_order`, `status`, `create_time`, `namespace_id`)
    VALUES(200854, 1, 0, '免费物品', '帖子/免费物品', 1, 2, UTC_TIMESTAMP(), 999989);
INSERT INTO `eh_categories`(`id`, `parent_id`, `link_id`, `name`, `path`, `default_order`, `status`, `create_time`, `namespace_id`)
    VALUES(200855, 1, 0, '失物招领', '帖子/失物招领', 1, 2, UTC_TIMESTAMP(), 999989);
INSERT INTO `eh_categories`(`id`, `parent_id`, `link_id`, `name`, `path`, `default_order`, `status`, `create_time`, `namespace_id`)
    VALUES(200856, 1, 0, '紧急通知', '帖子/紧急通知', 1, 2, UTC_TIMESTAMP(), 999989);
    
INSERT INTO `eh_yellow_pages` (`id`, `parent_id`, `owner_type`, `owner_id`, `name`, `nick_name`, `type`, `address`, `contact`, `description`, `poster_uri`, `status`, `default_order`, `longitude`, `latitude`, `geohash`, `integral_tag1`, `integral_tag2`, `integral_tag3`, `integral_tag4`, `integral_tag5`, `string_tag1`, `string_tag2`, `string_tag3`, `string_tag4`, `string_tag5`, `creator_uid`, `create_time`) 
VALUES(200100,'0','community', '240111044331052505','服务联盟','服务联盟首页','2','','13601351172','公共服务联盟旨在集聚社会优质服务资源，为园区广大企业提供专业、高效、有保障的服务，以帮助广大企业畅通信息渠道，提升企业管理，降低经营成本，增强市场竞争能力。服务类型包括项目融资对接、人才招聘和培训、信息化建设、管理咨询、知识产权管理、质量管理、外贸事务、法律事务、 物流服务、场地装修等。','cs://1/image/aW1hZ2UvTVRvMU56TXpOV0l3T1RKaFlqQTRNVFJpWmpSaVlUazFNall5WldRNVlUZ3dZUQ','2',NULL,NULL,NULL,'',NULL,NULL,NULL,NULL,NULL,'','','',NULL,NULL,NULL,NULL); 
INSERT INTO `eh_yellow_pages` (`id`, `parent_id`, `owner_type`, `owner_id`, `name`, `nick_name`, `type`, `address`, `contact`, `description`, `poster_uri`, `status`, `default_order`, `longitude`, `latitude`, `geohash`, `integral_tag1`, `integral_tag2`, `integral_tag3`, `integral_tag4`, `integral_tag5`, `string_tag1`, `string_tag2`, `string_tag3`, `string_tag4`, `string_tag5`, `creator_uid`, `create_time`) 
VALUES(200101,'0','community', '240111044331052506','服务联盟','服务联盟首页','2','','13763358359','公共服务联盟旨在集聚社会优质服务资源，为园区广大企业提供专业、高效、有保障的服务，以帮助广大企业畅通信息渠道，提升企业管理，降低经营成本，增强市场竞争能力。服务类型包括项目融资对接、人才招聘和培训、信息化建设、管理咨询、知识产权管理、质量管理、外贸事务、法律事务、 物流服务、场地装修等。','cs://1/image/aW1hZ2UvTVRvMU56TXpOV0l3T1RKaFlqQTRNVFJpWmpSaVlUazFNall5WldRNVlUZ3dZUQ','2',NULL,NULL,NULL,'',NULL,NULL,NULL,NULL,NULL,'','','',NULL,NULL,NULL,NULL); 
INSERT INTO `eh_yellow_pages` (`id`, `parent_id`, `owner_type`, `owner_id`, `name`, `nick_name`, `type`, `address`, `contact`, `description`, `poster_uri`, `status`, `default_order`, `longitude`, `latitude`, `geohash`, `integral_tag1`, `integral_tag2`, `integral_tag3`, `integral_tag4`, `integral_tag5`, `string_tag1`, `string_tag2`, `string_tag3`, `string_tag4`, `string_tag5`, `creator_uid`, `create_time`) 
VALUES(200102,'0','community', '240111044331052507','服务联盟','服务联盟首页','2','','0755-23180904（8904）','公共服务联盟旨在集聚社会优质服务资源，为园区广大企业提供专业、高效、有保障的服务，以帮助广大企业畅通信息渠道，提升企业管理，降低经营成本，增强市场竞争能力。服务类型包括项目融资对接、人才招聘和培训、信息化建设、管理咨询、知识产权管理、质量管理、外贸事务、法律事务、 物流服务、场地装修等。','cs://1/image/aW1hZ2UvTVRvMU56TXpOV0l3T1RKaFlqQTRNVFJpWmpSaVlUazFNall5WldRNVlUZ3dZUQ','2',NULL,NULL,NULL,'',NULL,NULL,NULL,NULL,NULL,'','','',NULL,NULL,NULL,NULL); 
INSERT INTO `eh_yellow_pages` (`id`, `parent_id`, `owner_type`, `owner_id`, `name`, `nick_name`, `type`, `address`, `contact`, `description`, `poster_uri`, `status`, `default_order`, `longitude`, `latitude`, `geohash`, `integral_tag1`, `integral_tag2`, `integral_tag3`, `integral_tag4`, `integral_tag5`, `string_tag1`, `string_tag2`, `string_tag3`, `string_tag4`, `string_tag5`, `creator_uid`, `create_time`) 
VALUES(200103,'0','community', '240111044331052508','服务联盟','服务联盟首页','2','','13685626475','公共服务联盟旨在集聚社会优质服务资源，为园区广大企业提供专业、高效、有保障的服务，以帮助广大企业畅通信息渠道，提升企业管理，降低经营成本，增强市场竞争能力。服务类型包括项目融资对接、人才招聘和培训、信息化建设、管理咨询、知识产权管理、质量管理、外贸事务、法律事务、 物流服务、场地装修等。','cs://1/image/aW1hZ2UvTVRvMU56TXpOV0l3T1RKaFlqQTRNVFJpWmpSaVlUazFNall5WldRNVlUZ3dZUQ','2',NULL,NULL,NULL,'',NULL,NULL,NULL,NULL,NULL,'','','',NULL,NULL,NULL,NULL); 

INSERT INTO `eh_categories` (`id`, `parent_id`, `link_id`, `name`, `path`, `default_order`, `status`, `create_time`, `delete_time`, `logo_uri`, `description`, `namespace_id`) 
VALUES('200857','100001','0','知识产权','服务联盟类型/知识产权','0','2',UTC_TIMESTAMP(),NULL,NULL,NULL,'999989');
INSERT INTO `eh_categories` (`id`, `parent_id`, `link_id`, `name`, `path`, `default_order`, `status`, `create_time`, `delete_time`, `logo_uri`, `description`, `namespace_id`) 
VALUES('200858','100001','0','法律事务','服务联盟类型/法律事务','0','2',UTC_TIMESTAMP(),NULL,NULL,NULL,'999989');
INSERT INTO `eh_categories` (`id`, `parent_id`, `link_id`, `name`, `path`, `default_order`, `status`, `create_time`, `delete_time`, `logo_uri`, `description`, `namespace_id`) 
VALUES('200859','100001','0','项目申报','服务联盟类型/项目申报','0','2',UTC_TIMESTAMP(),NULL,NULL,NULL,'999989');
INSERT INTO `eh_categories` (`id`, `parent_id`, `link_id`, `name`, `path`, `default_order`, `status`, `create_time`, `delete_time`, `logo_uri`, `description`, `namespace_id`) 
VALUES('200860','100001','0','人力资源','服务联盟类型/人力资源','0','2',UTC_TIMESTAMP(),NULL,NULL,NULL,'999989');
INSERT INTO `eh_categories` (`id`, `parent_id`, `link_id`, `name`, `path`, `default_order`, `status`, `create_time`, `delete_time`, `logo_uri`, `description`, `namespace_id`) 
VALUES('200861','100001','0','管理咨询','服务联盟类型/管理咨询','0','2',UTC_TIMESTAMP(),NULL,NULL,NULL,'999989');
INSERT INTO `eh_categories` (`id`, `parent_id`, `link_id`, `name`, `path`, `default_order`, `status`, `create_time`, `delete_time`, `logo_uri`, `description`, `namespace_id`) 
VALUES('200862','100001','0','信息化建设','服务联盟类型/信息化建设','0','2',UTC_TIMESTAMP(),NULL,NULL,NULL,'999989');
INSERT INTO `eh_categories` (`id`, `parent_id`, `link_id`, `name`, `path`, `default_order`, `status`, `create_time`, `delete_time`, `logo_uri`, `description`, `namespace_id`) 
VALUES('200863','100001','0','财税服务','服务联盟类型/财税服务','0','2',UTC_TIMESTAMP(),NULL,NULL,NULL,'999989');
INSERT INTO `eh_categories` (`id`, `parent_id`, `link_id`, `name`, `path`, `default_order`, `status`, `create_time`, `delete_time`, `logo_uri`, `description`, `namespace_id`) 
VALUES('200864','100001','0','办公服务','服务联盟类型/办公服务','0','2',UTC_TIMESTAMP(),NULL,NULL,NULL,'999989');
INSERT INTO `eh_categories` (`id`, `parent_id`, `link_id`, `name`, `path`, `default_order`, `status`, `create_time`, `delete_time`, `logo_uri`, `description`, `namespace_id`) 
VALUES('200865','100001','0','员工关怀','服务联盟类型/员工关怀','0','2',UTC_TIMESTAMP(),NULL,NULL,NULL,'999989');
INSERT INTO `eh_categories` (`id`, `parent_id`, `link_id`, `name`, `path`, `default_order`, `status`, `create_time`, `delete_time`, `logo_uri`, `description`, `namespace_id`) 
VALUES('200866','100001','0','外贸实务','服务联盟类型/外贸实务','0','2',UTC_TIMESTAMP(),NULL,NULL,NULL,'999989');
INSERT INTO `eh_categories` (`id`, `parent_id`, `link_id`, `name`, `path`, `default_order`, `status`, `create_time`, `delete_time`, `logo_uri`, `description`, `namespace_id`) 
VALUES('200867','100001','0','其他','服务联盟类型/其他','0','2',UTC_TIMESTAMP(),NULL,NULL,NULL,'999989');
    
INSERT INTO `eh_banners` (`id`, `namespace_id`, `appId`, `banner_location`, `banner_group`, `scope_code`, `scope_id`, `name`, `vendor_tag`, `poster_path`, `action_type`, `action_data`, `start_time`, `end_time`, `status`, `order`, `creator_uid`, `create_time`, `delete_time`, `scene_type`) 
    VALUES (10450, 999989, 0, '/home', 'Default', '0', '0', 'ibase', 'ibase', 'cs://1/image/aW1hZ2UvTVRwbU5EbG1ZbVJpTVRBeU4yTmpZakk0Wm1aa05UWmtNRGczWXprME4ySTNNZw', '0', '', NULL, NULL, '2', '10', '0', UTC_TIMESTAMP(), NULL, 'park_tourist');
INSERT INTO `eh_banners` (`id`, `namespace_id`, `appId`, `banner_location`, `banner_group`, `scope_code`, `scope_id`, `name`, `vendor_tag`, `poster_path`, `action_type`, `action_data`, `start_time`, `end_time`, `status`, `order`, `creator_uid`, `create_time`, `delete_time`, `scene_type`) 
    VALUES (10451, 999989, 0, '/home', 'Default', '0', '0', 'ibase', 'ibase', 'cs://1/image/aW1hZ2UvTVRwaFptUTBPVEU1TkdFM05HUTRNakUzTlRJeE4yRTROV1UxT1RaaFpEVmhOUQ', '0', '', NULL, NULL, '2', '10', '0', UTC_TIMESTAMP(), NULL, 'park_tourist');
INSERT INTO `eh_banners` (`id`, `namespace_id`, `appId`, `banner_location`, `banner_group`, `scope_code`, `scope_id`, `name`, `vendor_tag`, `poster_path`, `action_type`, `action_data`, `start_time`, `end_time`, `status`, `order`, `creator_uid`, `create_time`, `delete_time`, `scene_type`) 
    VALUES (10452, 999989, 0, '/home', 'Default', '0', '0', 'ibase', 'ibase', 'cs://1/image/aW1hZ2UvTVRvMllqYzNOemMwTjJVeVpUUmlNVGhtTnpWaVpUYzBaR0U0TVdGaE9EVTNOZw', '0', '', NULL, NULL, '2', '10', '0', UTC_TIMESTAMP(), NULL, 'park_tourist');
INSERT INTO `eh_banners` (`id`, `namespace_id`, `appId`, `banner_location`, `banner_group`, `scope_code`, `scope_id`, `name`, `vendor_tag`, `poster_path`, `action_type`, `action_data`, `start_time`, `end_time`, `status`, `order`, `creator_uid`, `create_time`, `delete_time`, `scene_type`) 
    VALUES (10453, 999989, 0, '/home', 'Default', '0', '0', 'ibase', 'ibase', 'cs://1/image/aW1hZ2UvTVRwbU5EbG1ZbVJpTVRBeU4yTmpZakk0Wm1aa05UWmtNRGczWXprME4ySTNNZw', '0', '', NULL, NULL, '2', '10', '0', UTC_TIMESTAMP(), NULL, 'pm_admin');
INSERT INTO `eh_banners` (`id`, `namespace_id`, `appId`, `banner_location`, `banner_group`, `scope_code`, `scope_id`, `name`, `vendor_tag`, `poster_path`, `action_type`, `action_data`, `start_time`, `end_time`, `status`, `order`, `creator_uid`, `create_time`, `delete_time`, `scene_type`) 
    VALUES (10454, 999989, 0, '/home', 'Default', '0', '0', 'ibase', 'ibase', 'cs://1/image/aW1hZ2UvTVRwaFptUTBPVEU1TkdFM05HUTRNakUzTlRJeE4yRTROV1UxT1RaaFpEVmhOUQ', '0', '', NULL, NULL, '2', '10', '0', UTC_TIMESTAMP(), NULL, 'pm_admin');
INSERT INTO `eh_banners` (`id`, `namespace_id`, `appId`, `banner_location`, `banner_group`, `scope_code`, `scope_id`, `name`, `vendor_tag`, `poster_path`, `action_type`, `action_data`, `start_time`, `end_time`, `status`, `order`, `creator_uid`, `create_time`, `delete_time`, `scene_type`) 
    VALUES (10455, 999989, 0, '/home', 'Default', '0', '0', 'ibase', 'ibase', 'cs://1/image/aW1hZ2UvTVRvMllqYzNOemMwTjJVeVpUUmlNVGhtTnpWaVpUYzBaR0U0TVdGaE9EVTNOZw', '0', '', NULL, NULL, '2', '10', '0', UTC_TIMESTAMP(), NULL, 'pm_admin');
    
-- 园区管理员场景
INSERT INTO `eh_launch_pad_layouts`(id, namespace_id, name, layout_json, version_code, min_version_code, status, create_time, scene_type) 
	VALUES (224, 999989, 'ServiceMarketLayout', '{"versionCode":"2015120406","versionName":"3.0.0","layoutName":"ServiceMarketLayout","displayName":"服务市场","groups":[{"groupName":"","widget":"Banners","instanceConfig":{"itemGroup":"Default"},"style":"Default","defaultOrder":1,"separatorFlag":1,"separatorHeight":21},{"groupName":"商家服务","widget":"Navigator","instanceConfig":{"itemGroup":"Bizs"},"style":"Default","defaultOrder":5,"separatorFlag":1,"separatorHeight":21},{"groupName":"","widget":"Bulletins","instanceConfig":{"itemGroup":"Default"},"style":"Default","defaultOrder":1,"separatorFlag":1,"separatorHeight":21},{"groupName":"","widget":"News","instanceConfig":{"itemGroup":"Default"},"style":"Default","defaultOrder":1,"separatorFlag":1,"separatorHeight":21}]}', '2015120406', '0', '2', '2016-07-12 17:02:30', 'pm_admin');
INSERT INTO `eh_launch_pad_layouts`(id, namespace_id, name, layout_json, version_code, min_version_code, status, create_time, scene_type) 
	VALUES (225, 999989, 'PmLayout', '{"versionCode":"2015120406","versionName":"3.0.0","displayName":"物业服务","layoutName":"PmLayout","groups":[{"groupName":"","widget":"Navigator","instanceConfig":{"itemGroup":"GaActions"},"style":"Default","defaultOrder":2,"separatorFlag":1,"separatorHeight":21,"columnCount":4},{"groupName":"","widget":"Posts","instanceConfig":{"itemGroup":"GaPosts"},"style":"Default","defaultOrder":3,"separatorFlag":0,"separatorHeight":0},{"groupName":"CallPhone","widget":"CallPhones","instanceConfig":{"itemGroup":"CallPhones","position":"bottom"},"style":"Default","defaultOrder":3,"separatorFlag":0,"separatorHeight":0}]}', '2015120406', '0', '2', '2015-06-27 14:04:57', 'pm_admin');

INSERT INTO `eh_launch_pad_items` (`id`, `namespace_id`, `app_id`, `scope_code`, `scope_id`, `item_location`, `item_group`, `item_name`, `item_label`, `icon_uri`, `item_width`, `item_height`, `action_type`, `action_data`, `default_order`, `apply_policy`, `min_version`, `display_flag`, `display_layout`, `bgcolor`, `tag`, `target_type`, `target_id`, `delete_flag`, `scene_type`) 
    VALUES (10955, 999989, '0', '0', '0', '/home', 'Bizs', '工位预订', '工位预订', 'cs://1/image/aW1hZ2UvTVRvell6RXlNVEE0TjJNelpEVTFPREZsWTJKaVptVXdNRFZtWm1FNVlUWTRZZw', '1', '1', 28,'{"rentType":"office_cubicle"}', '0', '0', '1', '1', '', '0', NULL, NULL, NULL, '1', 'pm_admin');        
INSERT INTO `eh_launch_pad_items` (`id`, `namespace_id`, `app_id`, `scope_code`, `scope_id`, `item_location`, `item_group`, `item_name`, `item_label`, `icon_uri`, `item_width`, `item_height`, `action_type`, `action_data`, `default_order`, `apply_policy`, `min_version`, `display_flag`, `display_layout`, `bgcolor`, `tag`, `target_type`, `target_id`, `delete_flag`, `scene_type`) 
    VALUES (10956, 999989, '0', '0', '0', '/home', 'Bizs', 'MEETINGROOM', '会议室预约', 'cs://1/image/aW1hZ2UvTVRwallXRm1NVEkwTlRNM09HTmtOMlU0TmpJNFpHSXhNREExT0RkbE56TTVNQQ', '1', '1', '24', '', '0', '0', '1', '1', '', '0', NULL, NULL, NULL, '1', 'pm_admin');    
INSERT INTO `eh_launch_pad_items`(`id`, `namespace_id`, `app_id`, `scope_code`, `scope_id`, `item_location`, `item_group`, `item_name`, `item_label`, `icon_uri`, `item_width`, `item_height`, `action_type`, `action_data`, `default_order`, `apply_policy`, `min_version`, `display_flag`, `display_layout`, `bgcolor`, `tag`, `target_type`, `target_id`, `delete_flag`, `scene_type`) 
	VALUES (10957, 999989, 0, 0, 0, '/home', 'Bizs', 'DoorManagement', '门禁', 'cs://1/image/aW1hZ2UvTVRvME5qazBPV00yTVRKa1pXVTVZV1ZpWlROa1lqTmpZek0yTWpjMU5EWmxZZw', 1, 1, 40, '', 0, 0, 1, 1, '', 0, NULL, NULL, NULL, '1', 'pm_admin');

INSERT INTO `eh_launch_pad_items` (`id`, `namespace_id`, `app_id`, `scope_code`, `scope_id`, `item_location`, `item_group`, `item_name`, `item_label`, `icon_uri`, `item_width`, `item_height`, `action_type`, `action_data`, `default_order`, `apply_policy`, `min_version`, `display_flag`, `display_layout`, `bgcolor`, `tag`, `target_type`, `target_id`, `delete_flag`, `scene_type`) 
	VALUES (10958, 999989, 0, 0, 0, '/home','Bizs','PM','物业服务','cs://1/image/aW1hZ2UvTVRvMFlqbGxNR014TkdZd1pUQTNOV0V3TURBNU5URm1OakF5T0dWak1tTXhaZw',1,1,2, '{"itemLocation":"/home/Pm","layoutName":"PmLayout","title":"物业服务","entityTag":"PM"}', '0','0','1','0','','0',NULL,NULL,NULL, '1', 'pm_admin');    
INSERT INTO `eh_launch_pad_items`(id,namespace_id,app_id,scope_code,scope_id,item_location,item_group,item_name,item_label,icon_uri,item_width,item_height,action_type,action_data,default_order,apply_policy,min_version,display_flag,display_layout,bgcolor,tag, `target_type`, `target_id`, `delete_flag`, `scene_type`) 
	VALUES (10959, 999989, 0, 0, 0, '/home/Pm', 'GaActions', 'ADVISE', '投诉建议', 'cs://1/image/aW1hZ2UvTVRvNE56STROekpsTldNMFpXVmhNalpqTkdReU0yWTBNRGd3WVRrME5HUTVaQQ', 1, 1, 19, '{"contentCategory":1006,"actionCategory":0,"forumId":176520,"targetEntityTag":"PM","embedAppId":27,"visibleRegionType":0}', 0, 0, 1, 1, '', 0,NULL,NULL,NULL, '0', 'pm_admin');
INSERT INTO `eh_launch_pad_items`(id,namespace_id,app_id,scope_code,scope_id,item_location,item_group,item_name,item_label,icon_uri,item_width,item_height,action_type,action_data,default_order,apply_policy,min_version,display_flag,display_layout,bgcolor,tag, `target_type`, `target_id`, `delete_flag`, `scene_type`) 
	VALUES (10960, 999989, 0, 0, 0, '/home/Pm', 'GaActions', 'HELP', '咨询求助', 'cs://1/image/aW1hZ2UvTVRvMVlqY3hOV0V6TldJd1lqa3pZV0U1TmpReU4yTmxObVU1TXpVeFlXRTNaUQ', 1, 1, 19, '{"contentCategory":1005,"actionCategory":0,"forumId":176520,"targetEntityTag":"PM","embedAppId":27,"visibleRegionType":0}', 0, 0, 1, 1, '', 0,NULL,NULL,NULL, '0', 'pm_admin');
INSERT INTO `eh_launch_pad_items`(id,namespace_id,app_id,scope_code,scope_id,item_location,item_group,item_name,item_label,icon_uri,item_width,item_height,action_type,action_data,default_order,apply_policy,min_version,display_flag,display_layout,bgcolor,tag, `target_type`, `target_id`, `delete_flag`, `scene_type`) 
	VALUES (10961, 999989, 0, 0, 0, '/home/Pm', 'GaActions', 'REPAIR', '报修', 'cs://1/image/aW1hZ2UvTVRvME5ESTJaVFZsTlRVd1ptSXhNVEUyTW1FMk0yUm1ZamcyWVdZNU5qUmxOdw', 1, 1, 19, '{"contentCategory":1004,"actionCategory":0,"forumId":176520,"targetEntityTag":"PM","embedAppId":27,"visibleRegionType":0}', 0, 0, 1, 1, '', 0,NULL,NULL,NULL, '0', 'pm_admin');
INSERT INTO `eh_launch_pad_items`(id,namespace_id,app_id,scope_code,scope_id,item_location,item_group,item_name,item_label,icon_uri,item_width,item_height,action_type,action_data,default_order,apply_policy,min_version,display_flag,display_layout,bgcolor,tag, `target_type`, `target_id`, `delete_flag`, `scene_type`) 
	VALUES (10962, 999989, 0, 0, 0, '/home/Pm', 'GaActions', 'PAYMENT', '缴费', 'cs://1/image/aW1hZ2UvTVRveU9USXpaV1UzWldJd01XWmlObVl5WkRsaU1XRmtaREF3WW1VM09XVXlOUQ', 1, 1, 2, '{"itemLocation":"/home/Pm/Payment","layoutName":"PaymentLayout","title":"缴费"}', 0, 0, 1, 1, '', 0,NULL,NULL,NULL, '0', 'pm_admin');
INSERT INTO `eh_launch_pad_items`(id,namespace_id,app_id,scope_code,scope_id,item_location,item_group,item_name,item_label,icon_uri,item_width,item_height,action_type,action_data,default_order,apply_policy,min_version,display_flag,display_layout,bgcolor,tag, `target_type`, `target_id`, `delete_flag`, `scene_type`) 
	VALUES (10963, 999989, 0, 0, 0, '/home/Pm', 'GaPosts', 'ADVISE', '投诉建议', NULL, 1, 1, 15, '{"contentCategory":1006,"actionCategory":0,"forumId":176520,"embedAppId":27}', 0, 0, 1, 1, '', 0,NULL,NULL,NULL, '0', 'pm_admin');
INSERT INTO `eh_launch_pad_items`(id,namespace_id,app_id,scope_code,scope_id,item_location,item_group,item_name,item_label,icon_uri,item_width,item_height,action_type,action_data,default_order,apply_policy,min_version,display_flag,display_layout,bgcolor,tag, `target_type`, `target_id`, `delete_flag`, `scene_type`) 
	VALUES (10964, 999989, 0, 0, 0, '/home/Pm', 'GaPosts', 'HELP', '咨询求助', NULL, 1, 1, 15, '{"contentCategory":1005,"actionCategory":0,"forumId":176520,"embedAppId":27}', 0, 0, 1, 1, '', 0,NULL,NULL,NULL, '0', 'pm_admin');
INSERT INTO `eh_launch_pad_items`(id,namespace_id,app_id,scope_code,scope_id,item_location,item_group,item_name,item_label,icon_uri,item_width,item_height,action_type,action_data,default_order,apply_policy,min_version,display_flag,display_layout,bgcolor,tag, `target_type`, `target_id`, `delete_flag`, `scene_type`) 
	VALUES (10965, 999989, 0, 0, 0, '/home/Pm', 'GaPosts', 'REPAIR', '报修', NULL, 1, 1, 15, '{"contentCategory":1004,"actionCategory":0,"forumId":176520,"embedAppId":27}', 0, 0, 1, 1, '', 0,NULL,NULL,NULL, '0', 'pm_admin');
INSERT INTO `eh_launch_pad_items` (`id`, `namespace_id`, `app_id`, `scope_code`, `scope_id`, `item_location`, `item_group`, `item_name`, `item_label`, `icon_uri`, `item_width`, `item_height`, `action_type`, `action_data`, `default_order`, `apply_policy`, `min_version`, `display_flag`, `display_layout`, `bgcolor`, `tag`, `target_type`, `target_id`, `delete_flag`, `scene_type`) 
    VALUES (10966, '999989', '0', '0', '0', '/home', 'Bizs', 'SERVICE_HOT_LINE', '咨询热线', 'cs://1/image/aW1hZ2UvTVRvek1tWmtNRFkxTVRVME9XVTVPV0kyTm1RM09UQTJPV00yWlRCaVkyRm1aUQ', '1', '1', '45', '', '0', '0', '1', '0', '', '0', NULL, NULL, NULL, '1', 'pm_admin');

INSERT INTO `eh_launch_pad_items` (`id`, `namespace_id`, `app_id`, `scope_code`, `scope_id`, `item_location`, `item_group`, `item_name`, `item_label`, `icon_uri`, `item_width`, `item_height`, `action_type`, `action_data`, `default_order`, `apply_policy`, `min_version`, `display_flag`, `display_layout`, `bgcolor`, `tag`, `target_type`, `target_id`, `delete_flag`, `scene_type`) 
    VALUES (10967, '999989', '0', '0', '0', '/home', 'Bizs', 'VIDEO_MEETING', '视频会议室', 'cs://1/image/aW1hZ2UvTVRveE5UVmxZV1JrWkRaa09ESmpZak13TVRJd09UQm1PR00wWlROaE16QmpOdw', '1', '1', '27', '', '0', '0', '1', '0', '', '0', NULL, NULL, NULL, '1', 'pm_admin');
INSERT INTO `eh_launch_pad_items` (`id`, `namespace_id`, `app_id`, `scope_code`, `scope_id`, `item_location`, `item_group`, `item_name`, `item_label`, `icon_uri`, `item_width`, `item_height`, `action_type`, `action_data`, `default_order`, `apply_policy`, `min_version`, `display_flag`, `display_layout`, `bgcolor`, `tag`, `target_type`, `target_id`, `delete_flag`, `scene_type`) 
    VALUES (10968, '999989', '0', '0', '0', '/home', 'Bizs', 'CONTACTS', '企业通讯录', 'cs://1/image/aW1hZ2UvTVRveU1USTNZMkk0WkdNME1EbGpaRFJoWkRFM01XWTVOelF3TTJSbU1tSm1aZw', '1', '1', '46', '', '0', '0', '1', '0', '', '0', NULL, NULL, NULL, '1', 'pm_admin');
INSERT INTO `eh_launch_pad_items`(`id`, `namespace_id`, `app_id`, `scope_code`, `scope_id`, `item_location`, `item_group`, `item_name`, `item_label`, `icon_uri`, `item_width`, `item_height`, `action_type`, `action_data`, `default_order`, `apply_policy`, `min_version`, `display_flag`, `display_layout`, `bgcolor`, `tag`, `target_type`, `target_id`, `delete_flag`, `scene_type`) 
	VALUES (10969, 999989, 0, 0, 0, '/home', 'Bizs', 'PUNCH', '打卡考勤', 'cs://1/image/aW1hZ2UvTVRwa056WmlPRGc1WVRsbE9EWTFaRFpoTkRVM1ptUXpPR0l5WmpSbFltSXdZdw', '1', '1', '23', '', 0, 0, 1, 0, '', '0', NULL, NULL, NULL, '1', 'pm_admin');
INSERT INTO `eh_launch_pad_items` (`id`, `namespace_id`, `app_id`, `scope_code`, `scope_id`, `item_location`, `item_group`, `item_name`, `item_label`, `icon_uri`, `item_width`, `item_height`, `action_type`, `action_data`, `default_order`, `apply_policy`, `min_version`, `display_flag`, `display_layout`, `bgcolor`, `tag`, `target_type`, `target_id`, `delete_flag`, `scene_type`) 
    VALUES (10970, 999989, '0', '0', '0', '/home', 'Bizs', '创智联盟', '创智联盟', 'cs://1/image/aW1hZ2UvTVRvME1qaGhaRFZqTVRReE5HRmlPR0k0TlRBeE1ESTFOR1EyTnpjM056QmlOQQ', '1', '1', '33', '{\"type\":2,\"parentId\":100001}', '0', '0', '1', '0', '', '0', NULL, NULL, NULL, '1', 'pm_admin');
INSERT INTO `eh_launch_pad_items` (`id`, `namespace_id`, `app_id`, `scope_code`, `scope_id`, `item_location`, `item_group`, `item_name`, `item_label`, `icon_uri`, `item_width`, `item_height`, `action_type`, `action_data`, `default_order`, `apply_policy`, `min_version`, `display_flag`, `display_layout`, `bgcolor`, `tag`, `target_type`, `target_id`, `delete_flag`, `scene_type`) 
    VALUES (10971, 999989, '0', '0', '0', '/home', 'Bizs', '更多服务', '更多服务', 'cs://1/image/aW1hZ2UvTVRwa00yVmlOVFl6TmpRM01EQTFabU5pT1dKbU5Ua3lZalZoTVdVeU5qWm1NZw', '1', '1', '1', '{\"itemLocation\":\"/home\", \"itemGroup\":\"Bizs\"}', '30', '0', '1', '1', '', '0', NULL, NULL, NULL, '1', 'pm_admin');

-- 园区游客场景    
INSERT INTO `eh_launch_pad_layouts`(id, namespace_id, name, layout_json, version_code, min_version_code, status, create_time, scene_type) 
	VALUES (226, 999989, 'ServiceMarketLayout', '{"versionCode":"2015120406","versionName":"3.0.0","layoutName":"ServiceMarketLayout","displayName":"服务市场","groups":[{"groupName":"","widget":"Banners","instanceConfig":{"itemGroup":"Default"},"style":"Default","defaultOrder":1,"separatorFlag":1,"separatorHeight":21},{"groupName":"商家服务","widget":"Navigator","instanceConfig":{"itemGroup":"Bizs"},"style":"Default","defaultOrder":5,"separatorFlag":1,"separatorHeight":21},{"groupName":"","widget":"Bulletins","instanceConfig":{"itemGroup":"Default"},"style":"Default","defaultOrder":1,"separatorFlag":1,"separatorHeight":21},{"groupName":"","widget":"News","instanceConfig":{"itemGroup":"Default"},"style":"Default","defaultOrder":1,"separatorFlag":1,"separatorHeight":21}]}', '2015120406', '0', '2', '2016-07-12 17:02:30', 'park_tourist');
INSERT INTO `eh_launch_pad_layouts`(id, namespace_id, name, layout_json, version_code, min_version_code, status, create_time, scene_type) 
	VALUES (227, 999989, 'PmLayout', '{"versionCode":"2015120406","versionName":"3.0.0","displayName":"物业","layoutName":"PmLayout","groups":[{"groupName":"","widget":"Navigator","instanceConfig":{"itemGroup":"GaActions"},"style":"Default","defaultOrder":2,"separatorFlag":1,"separatorHeight":21,"columnCount":4},{"groupName":"","widget":"Posts","instanceConfig":{"itemGroup":"GaPosts"},"style":"Default","defaultOrder":3,"separatorFlag":0,"separatorHeight":0},{"groupName":"CallPhone","widget":"CallPhones","instanceConfig":{"itemGroup":"CallPhones","position":"bottom"},"style":"Default","defaultOrder":3,"separatorFlag":0,"separatorHeight":0}]}', '2015120406', '0', '2', '2015-06-27 14:04:57', 'park_tourist');

INSERT INTO `eh_launch_pad_items` (`id`, `namespace_id`, `app_id`, `scope_code`, `scope_id`, `item_location`, `item_group`, `item_name`, `item_label`, `icon_uri`, `item_width`, `item_height`, `action_type`, `action_data`, `default_order`, `apply_policy`, `min_version`, `display_flag`, `display_layout`, `bgcolor`, `tag`, `target_type`, `target_id`, `delete_flag`, `scene_type`) 
    VALUES (10972, 999989, '0', '0', '0', '/home', 'Bizs', '工位预订', '工位预订', 'cs://1/image/aW1hZ2UvTVRvMU56ZGlOems0TW1Oak5XRXhaVFJpTm1Rek9UbGxaamd4TUdWbU5UazFNdw', '1', '1',  28, '{"rentType":"office_cubicle"}', '0', '0', '1', '1', '', '0', NULL, NULL, NULL, '1', 'park_tourist');    

INSERT INTO `eh_launch_pad_items` (`id`, `namespace_id`, `app_id`, `scope_code`, `scope_id`, `item_location`, `item_group`, `item_name`, `item_label`, `icon_uri`, `item_width`, `item_height`, `action_type`, `action_data`, `default_order`, `apply_policy`, `min_version`, `display_flag`, `display_layout`, `bgcolor`, `tag`, `target_type`, `target_id`, `delete_flag`, `scene_type`) 
    VALUES (10973, 999989, '0', '0', '0', '/home', 'Bizs', 'MEETINGROOM', '会议室预约', 'cs://1/image/aW1hZ2UvTVRwallXRm1NVEkwTlRNM09HTmtOMlU0TmpJNFpHSXhNREExT0RkbE56TTVNQQ', '1', '1', '24', '', '0', '0', '1', '1', '', '0', NULL, NULL, NULL, '1', 'park_tourist');    
INSERT INTO `eh_launch_pad_items`(`id`, `namespace_id`, `app_id`, `scope_code`, `scope_id`, `item_location`, `item_group`, `item_name`, `item_label`, `icon_uri`, `item_width`, `item_height`, `action_type`, `action_data`, `default_order`, `apply_policy`, `min_version`, `display_flag`, `display_layout`, `bgcolor`, `tag`, `target_type`, `target_id`, `delete_flag`, `scene_type`) 
	VALUES (10974, 999989, 0, 0, 0, '/home', 'Bizs', 'DoorManagement', '门禁', 'cs://1/image/aW1hZ2UvTVRvME5qazBPV00yTVRKa1pXVTVZV1ZpWlROa1lqTmpZek0yTWpjMU5EWmxZZw', 1, 1, 40, '', 0, 0, 1, 0, '', 0, NULL, NULL, NULL, '1', 'park_tourist');
    
INSERT INTO `eh_launch_pad_items` (`id`, `namespace_id`, `app_id`, `scope_code`, `scope_id`, `item_location`, `item_group`, `item_name`, `item_label`, `icon_uri`, `item_width`, `item_height`, `action_type`, `action_data`, `default_order`, `apply_policy`, `min_version`, `display_flag`, `display_layout`, `bgcolor`, `tag`, `target_type`, `target_id`, `delete_flag`, `scene_type`) 
	VALUES (10975, 999989, 0, 0, 0, '/home','Bizs','PM','物业服务','cs://1/image/aW1hZ2UvTVRvMFlqbGxNR014TkdZd1pUQTNOV0V3TURBNU5URm1OakF5T0dWak1tTXhaZw',1,1,2, '{"itemLocation":"/home/Pm","layoutName":"PmLayout","title":"物业服务","entityTag":"PM"}', '0','0','1','0','','0',NULL,NULL,NULL, '1', 'park_tourist');    
INSERT INTO `eh_launch_pad_items`(id,namespace_id,app_id,scope_code,scope_id,item_location,item_group,item_name,item_label,icon_uri,item_width,item_height,action_type,action_data,default_order,apply_policy,min_version,display_flag,display_layout,bgcolor,tag, `target_type`, `target_id`, `delete_flag`, `scene_type`) 
	VALUES (10976, 999989, 0, 0, 0, '/home/Pm', 'GaActions', 'ADVISE', '投诉建议', 'cs://1/image/aW1hZ2UvTVRvNE56STROekpsTldNMFpXVmhNalpqTkdReU0yWTBNRGd3WVRrME5HUTVaQQ', 1, 1, 19, '{"contentCategory":1006,"actionCategory":0,"forumId":176520,"targetEntityTag":"PM","embedAppId":27,"visibleRegionType":0}', 0, 0, 1, 1, '', 0,NULL,NULL,NULL, '0', 'park_tourist');
INSERT INTO `eh_launch_pad_items`(id,namespace_id,app_id,scope_code,scope_id,item_location,item_group,item_name,item_label,icon_uri,item_width,item_height,action_type,action_data,default_order,apply_policy,min_version,display_flag,display_layout,bgcolor,tag, `target_type`, `target_id`, `delete_flag`, `scene_type`) 
	VALUES (10977, 999989, 0, 0, 0, '/home/Pm', 'GaActions', 'HELP', '咨询求助', 'cs://1/image/aW1hZ2UvTVRvMVlqY3hOV0V6TldJd1lqa3pZV0U1TmpReU4yTmxObVU1TXpVeFlXRTNaUQ', 1, 1, 19, '{"contentCategory":1005,"actionCategory":0,"forumId":176520,"targetEntityTag":"PM","embedAppId":27,"visibleRegionType":0}', 0, 0, 1, 1, '', 0,NULL,NULL,NULL, '0', 'park_tourist');
INSERT INTO `eh_launch_pad_items`(id,namespace_id,app_id,scope_code,scope_id,item_location,item_group,item_name,item_label,icon_uri,item_width,item_height,action_type,action_data,default_order,apply_policy,min_version,display_flag,display_layout,bgcolor,tag, `target_type`, `target_id`, `delete_flag`, `scene_type`) 
	VALUES (10978, 999989, 0, 0, 0, '/home/Pm', 'GaActions', 'REPAIR', '报修', 'cs://1/image/aW1hZ2UvTVRvME5ESTJaVFZsTlRVd1ptSXhNVEUyTW1FMk0yUm1ZamcyWVdZNU5qUmxOdw', 1, 1, 19, '{"contentCategory":1004,"actionCategory":0,"forumId":176520,"targetEntityTag":"PM","embedAppId":27,"visibleRegionType":0}', 0, 0, 1, 1, '', 0,NULL,NULL,NULL, '0', 'park_tourist');
INSERT INTO `eh_launch_pad_items`(id,namespace_id,app_id,scope_code,scope_id,item_location,item_group,item_name,item_label,icon_uri,item_width,item_height,action_type,action_data,default_order,apply_policy,min_version,display_flag,display_layout,bgcolor,tag, `target_type`, `target_id`, `delete_flag`, `scene_type`) 
	VALUES (10979, 999989, 0, 0, 0, '/home/Pm', 'GaActions', 'PAYMENT', '缴费', 'cs://1/image/aW1hZ2UvTVRveU9USXpaV1UzWldJd01XWmlObVl5WkRsaU1XRmtaREF3WW1VM09XVXlOUQ', 1, 1, 2, '{"itemLocation":"/home/Pm/Payment","layoutName":"PaymentLayout","title":"缴费"}', 0, 0, 1, 1, '', 0,NULL,NULL,NULL, '0', 'park_tourist');
INSERT INTO `eh_launch_pad_items`(id,namespace_id,app_id,scope_code,scope_id,item_location,item_group,item_name,item_label,icon_uri,item_width,item_height,action_type,action_data,default_order,apply_policy,min_version,display_flag,display_layout,bgcolor,tag, `target_type`, `target_id`, `delete_flag`, `scene_type`) 
	VALUES (109780, 999989, 0, 0, 0, '/home/Pm', 'GaPosts', 'ADVISE', '投诉建议', NULL, 1, 1, 15, '{"contentCategory":1006,"actionCategory":0,"forumId":176520,"embedAppId":27}', 0, 0, 1, 1, '', 0,NULL,NULL,NULL, '0', 'park_tourist');
INSERT INTO `eh_launch_pad_items`(id,namespace_id,app_id,scope_code,scope_id,item_location,item_group,item_name,item_label,icon_uri,item_width,item_height,action_type,action_data,default_order,apply_policy,min_version,display_flag,display_layout,bgcolor,tag, `target_type`, `target_id`, `delete_flag`, `scene_type`) 
	VALUES (109781, 999989, 0, 0, 0, '/home/Pm', 'GaPosts', 'HELP', '咨询求助', NULL, 1, 1, 15, '{"contentCategory":1005,"actionCategory":0,"forumId":176520,"embedAppId":27}', 0, 0, 1, 1, '', 0,NULL,NULL,NULL, '0', 'park_tourist');
INSERT INTO `eh_launch_pad_items`(id,namespace_id,app_id,scope_code,scope_id,item_location,item_group,item_name,item_label,icon_uri,item_width,item_height,action_type,action_data,default_order,apply_policy,min_version,display_flag,display_layout,bgcolor,tag, `target_type`, `target_id`, `delete_flag`, `scene_type`) 
	VALUES (109782, 999989, 0, 0, 0, '/home/Pm', 'GaPosts', 'REPAIR', '报修', NULL, 1, 1, 15, '{"contentCategory":1004,"actionCategory":0,"forumId":176520,"embedAppId":27}', 0, 0, 1, 1, '', 0,NULL,NULL,NULL, '0', 'park_tourist');
INSERT INTO `eh_launch_pad_items` (`id`, `namespace_id`, `app_id`, `scope_code`, `scope_id`, `item_location`, `item_group`, `item_name`, `item_label`, `icon_uri`, `item_width`, `item_height`, `action_type`, `action_data`, `default_order`, `apply_policy`, `min_version`, `display_flag`, `display_layout`, `bgcolor`, `tag`, `target_type`, `target_id`, `delete_flag`, `scene_type`) 
    VALUES (109783, '999989', '0', '0', '0', '/home', 'Bizs', 'SERVICE_HOT_LINE', '咨询热线', 'cs://1/image/aW1hZ2UvTVRvek1tWmtNRFkxTVRVME9XVTVPV0kyTm1RM09UQTJPV00yWlRCaVkyRm1aUQ', '1', '1', '45', '', '0', '0', '1', '0', '', '0', NULL, NULL, NULL, '1', 'park_tourist');

INSERT INTO `eh_launch_pad_items` (`id`, `namespace_id`, `app_id`, `scope_code`, `scope_id`, `item_location`, `item_group`, `item_name`, `item_label`, `icon_uri`, `item_width`, `item_height`, `action_type`, `action_data`, `default_order`, `apply_policy`, `min_version`, `display_flag`, `display_layout`, `bgcolor`, `tag`, `target_type`, `target_id`, `delete_flag`, `scene_type`) 
    VALUES (109784, '999989', '0', '0', '0', '/home', 'Bizs', 'VIDEO_MEETING', '视频会议室', 'cs://1/image/aW1hZ2UvTVRveE5UVmxZV1JrWkRaa09ESmpZak13TVRJd09UQm1PR00wWlROaE16QmpOdw', '1', '1', '27', '', '0', '0', '1', '0', '', '0', NULL, NULL, NULL, '1', 'park_tourist');
INSERT INTO `eh_launch_pad_items` (`id`, `namespace_id`, `app_id`, `scope_code`, `scope_id`, `item_location`, `item_group`, `item_name`, `item_label`, `icon_uri`, `item_width`, `item_height`, `action_type`, `action_data`, `default_order`, `apply_policy`, `min_version`, `display_flag`, `display_layout`, `bgcolor`, `tag`, `target_type`, `target_id`, `delete_flag`, `scene_type`) 
    VALUES (109785, '999989', '0', '0', '0', '/home', 'Bizs', 'CONTACTS', '企业通讯录', 'cs://1/image/aW1hZ2UvTVRveU1USTNZMkk0WkdNME1EbGpaRFJoWkRFM01XWTVOelF3TTJSbU1tSm1aZw', '1', '1', '46', '', '0', '0', '1', '0', '', '0', NULL, NULL, NULL, '1', 'park_tourist');
INSERT INTO `eh_launch_pad_items`(`id`, `namespace_id`, `app_id`, `scope_code`, `scope_id`, `item_location`, `item_group`, `item_name`, `item_label`, `icon_uri`, `item_width`, `item_height`, `action_type`, `action_data`, `default_order`, `apply_policy`, `min_version`, `display_flag`, `display_layout`, `bgcolor`, `tag`, `target_type`, `target_id`, `delete_flag`, `scene_type`) 
	VALUES (109786, 999989, 0, 0, 0, '/home', 'Bizs', 'PUNCH', '打卡考勤', 'cs://1/image/aW1hZ2UvTVRwa056WmlPRGc1WVRsbE9EWTFaRFpoTkRVM1ptUXpPR0l5WmpSbFltSXdZdw', '1', '1', '23', '', 0, 0, 1, 0, '', '0', NULL, NULL, NULL, '1', 'park_tourist');
INSERT INTO `eh_launch_pad_items` (`id`, `namespace_id`, `app_id`, `scope_code`, `scope_id`, `item_location`, `item_group`, `item_name`, `item_label`, `icon_uri`, `item_width`, `item_height`, `action_type`, `action_data`, `default_order`, `apply_policy`, `min_version`, `display_flag`, `display_layout`, `bgcolor`, `tag`, `target_type`, `target_id`, `delete_flag`, `scene_type`) 
    VALUES (109787, 999989, '0', '0', '0', '/home', 'Bizs', '创智联盟', '创智联盟', 'cs://1/image/aW1hZ2UvTVRvME1qaGhaRFZqTVRReE5HRmlPR0k0TlRBeE1ESTFOR1EyTnpjM056QmlOQQ', '1', '1', '33', '{\"type\":2,\"parentId\":100001}', '0', '0', '1', '0', '', '0', NULL, NULL, NULL, '1', 'park_tourist');

INSERT INTO `eh_launch_pad_items` (`id`, `namespace_id`, `app_id`, `scope_code`, `scope_id`, `item_location`, `item_group`, `item_name`, `item_label`, `icon_uri`, `item_width`, `item_height`, `action_type`, `action_data`, `default_order`, `apply_policy`, `min_version`, `display_flag`, `display_layout`, `bgcolor`, `tag`, `target_type`, `target_id`, `delete_flag`, `scene_type`) 
    VALUES (109788, 999989, '0', '0', '0', '/home', 'Bizs', '更多服务', '更多服务', 'cs://1/image/aW1hZ2UvTVRwa00yVmlOVFl6TmpRM01EQTFabU5pT1dKbU5Ua3lZalZoTVdVeU5qWm1NZw', '1', '1', '1', '{\"itemLocation\":\"/home\", \"itemGroup\":\"Bizs\"}', '30', '0', '1', '1', '', '0', NULL, NULL, NULL, '1', 'park_tourist');
    
    
    
    
    
INSERT INTO `eh_buildings` (`id`, `community_id`, `name`, `alias_name`, `manager_uid`, `contact`, `address`, `area_size`, `longitude`, `latitude`, `geohash`, `description`, `poster_uri`, `status`, `operator_uid`, `operate_time`, `creator_uid`, `create_time`, `delete_time`, `integral_tag1`, `integral_tag2`, `integral_tag3`, `integral_tag4`, `integral_tag5`, `string_tag1`, `string_tag2`, `string_tag3`, `string_tag4`, `string_tag5`, `namespace_id`) 
	VALUES(178035, 240111044331052505, '金地商置Ibase原点', '金地商置Ibase原点', manager_uid, '13601351172', '北京市朝阳区建国路91号金地中心B座18层', 1790, NULL, NULL, NULL, '北京金地中心位于大望路与国贸的CBD商圈，毗邻华贸中心和万达广场，属于北京甲A级写字楼。ibase商务中心是金地集团自营联合办公场所，位于金地中心B座18层。大气低调的装修风格以及完善的办公配套设施，专业的服务人员使您的办公简易', NULL, 2, 1, UTC_TIMESTAMP(), 1, UTC_TIMESTAMP(), NULL, NULL, NULL, NULL, NULL, NULL, NULL, NULL, NULL, NULL, NULL, 999989);
INSERT INTO `eh_buildings` (`id`, `community_id`, `name`, `alias_name`, `manager_uid`, `contact`, `address`, `area_size`, `longitude`, `latitude`, `geohash`, `description`, `poster_uri`, `status`, `operator_uid`, `operate_time`, `creator_uid`, `create_time`, `delete_time`, `integral_tag1`, `integral_tag2`, `integral_tag3`, `integral_tag4`, `integral_tag5`, `string_tag1`, `string_tag2`, `string_tag3`, `string_tag4`, `string_tag5`, `namespace_id`) 
	VALUES(178036, 240111044331052506, '金谷创业园B栋', '金谷创业园B栋', manager_uid, '13763358359', '南山区西丽龙珠四路金谷创业园B栋5层', 2500, NULL, NULL, NULL, '项目位于金谷创业园内，是大沙河创新走廊重点项目已获得政府政策补贴，为“一街道一园区”重点项目，南侧紧邻北环大道及广深高速，北侧为龙珠大道，东侧为高发科技园，西侧隔龙珠四路与西丽车管所毗邻，150米近距龙井地铁站，可直达科', NULL, 2, 1, UTC_TIMESTAMP(), 1, UTC_TIMESTAMP(), NULL, NULL, NULL, NULL, NULL, NULL, NULL, NULL, NULL, NULL, NULL, 999989);
INSERT INTO `eh_buildings` (`id`, `community_id`, `name`, `alias_name`, `manager_uid`, `contact`, `address`, `area_size`, `longitude`, `latitude`, `geohash`, `description`, `poster_uri`, `status`, `operator_uid`, `operate_time`, `creator_uid`, `create_time`, `delete_time`, `integral_tag1`, `integral_tag2`, `integral_tag3`, `integral_tag4`, `integral_tag5`, `string_tag1`, `string_tag2`, `string_tag3`, `string_tag4`, `string_tag5`, `namespace_id`) 
	VALUES(178037, 240111044331052507, '威新软件园7号楼', '7号楼', manager_uid, '0755-23180904（8904）', '广东省深圳市南山区高新南九道威新软件园7号楼1-2层', 3000, NULL, NULL, NULL, '位于国家重点支持的五大科技园区之一的深圳科技园南区，与英特尔、阿里巴巴、蚂蚁金服、伟创力、招商证券等知名企业为邻。威新中心提供1-200人团队的办公室，可根据企业需求定制空间与设施，拎包进驻，即租即用，中心内高速网络全面覆', NULL, 2, 1, UTC_TIMESTAMP(), 1, UTC_TIMESTAMP(), NULL, NULL, NULL, NULL, NULL, NULL, NULL, NULL, NULL, NULL, NULL, 999989);
INSERT INTO `eh_buildings` (`id`, `community_id`, `name`, `alias_name`, `manager_uid`, `contact`, `address`, `area_size`, `longitude`, `latitude`, `geohash`, `description`, `poster_uri`, `status`, `operator_uid`, `operate_time`, `creator_uid`, `create_time`, `delete_time`, `integral_tag1`, `integral_tag2`, `integral_tag3`, `integral_tag4`, `integral_tag5`, `string_tag1`, `string_tag2`, `string_tag3`, `string_tag4`, `string_tag5`, `namespace_id`) 
	VALUES(178038, 240111044331052508, '竹盛花园三期裙楼', '竹盛花园', manager_uid, '13685626475', '广东省深圳市福田区竹子林三路竹盛花园三期裙楼201室', 3250, NULL, NULL, NULL, '项目位属大华侨城片区，园博园、华侨城loft工业园、锦绣中华、世界之窗、欢乐谷等自然人文资源相当丰富。成熟住宅片区，商业配套丰富，学校、银行、医院、餐饮、商业一应俱全，更有美食一条街。深南大道沿线，“深圳人才园”公交站', NULL, 2, 1, UTC_TIMESTAMP(), 1, UTC_TIMESTAMP(), NULL, NULL, NULL, NULL, NULL, NULL, NULL, NULL, NULL, NULL, NULL, 999989);
    
INSERT INTO `eh_addresses` (`id`, `uuid`, `community_id`, `city_id`, `city_name`, `area_id`, `area_name`, `address`, `building_name`, `apartment_name`, `status`, `operator_uid`, `create_time`, `namespace_id`) 
    VALUES(239825274387100185,UUID(),240111044331052505, 14975, '北京市',  14976, '朝阳区' ,'金地商置Ibase原点-金地中心B座18F','金地商置Ibase原点','金地中心B座18F','2','0',UTC_TIMESTAMP(), 999989);    
    
INSERT INTO `eh_addresses` (`id`, `uuid`, `community_id`, `city_id`, `city_name`, `area_id`, `area_name`, `address`, `building_name`, `apartment_name`, `status`, `operator_uid`, `create_time`, `namespace_id`) VALUES(239825274387100186,UUID(),240111044331052506, 14971, '深圳市',  14972, '南山区' ,'金谷创业园B栋5层ibase原点-101房','金谷创业园B栋5层ibase原点','101房','2','0',UTC_TIMESTAMP(), 999989);	
INSERT INTO `eh_addresses` (`id`, `uuid`, `community_id`, `city_id`, `city_name`, `area_id`, `area_name`, `address`, `building_name`, `apartment_name`, `status`, `operator_uid`, `create_time`, `namespace_id`) VALUES(239825274387100187,UUID(),240111044331052506, 14971, '深圳市',  14972, '南山区' ,'金谷创业园B栋5层ibase原点-102房','金谷创业园B栋5层ibase原点','102房','2','0',UTC_TIMESTAMP(), 999989);	
INSERT INTO `eh_addresses` (`id`, `uuid`, `community_id`, `city_id`, `city_name`, `area_id`, `area_name`, `address`, `building_name`, `apartment_name`, `status`, `operator_uid`, `create_time`, `namespace_id`) VALUES(239825274387100188,UUID(),240111044331052506, 14971, '深圳市',  14972, '南山区' ,'金谷创业园B栋5层ibase原点-103房','金谷创业园B栋5层ibase原点','103房','2','0',UTC_TIMESTAMP(), 999989);	
INSERT INTO `eh_addresses` (`id`, `uuid`, `community_id`, `city_id`, `city_name`, `area_id`, `area_name`, `address`, `building_name`, `apartment_name`, `status`, `operator_uid`, `create_time`, `namespace_id`) VALUES(239825274387100189,UUID(),240111044331052506, 14971, '深圳市',  14972, '南山区' ,'金谷创业园B栋5层ibase原点-104房','金谷创业园B栋5层ibase原点','104房','2','0',UTC_TIMESTAMP(), 999989);	
INSERT INTO `eh_addresses` (`id`, `uuid`, `community_id`, `city_id`, `city_name`, `area_id`, `area_name`, `address`, `building_name`, `apartment_name`, `status`, `operator_uid`, `create_time`, `namespace_id`) VALUES(239825274387100190,UUID(),240111044331052506, 14971, '深圳市',  14972, '南山区' ,'金谷创业园B栋5层ibase原点-105房','金谷创业园B栋5层ibase原点','105房','2','0',UTC_TIMESTAMP(), 999989);	
INSERT INTO `eh_addresses` (`id`, `uuid`, `community_id`, `city_id`, `city_name`, `area_id`, `area_name`, `address`, `building_name`, `apartment_name`, `status`, `operator_uid`, `create_time`, `namespace_id`) VALUES(239825274387100191,UUID(),240111044331052506, 14971, '深圳市',  14972, '南山区' ,'金谷创业园B栋5层ibase原点-106房','金谷创业园B栋5层ibase原点','106房','2','0',UTC_TIMESTAMP(), 999989);	
INSERT INTO `eh_addresses` (`id`, `uuid`, `community_id`, `city_id`, `city_name`, `area_id`, `area_name`, `address`, `building_name`, `apartment_name`, `status`, `operator_uid`, `create_time`, `namespace_id`) VALUES(239825274387100192,UUID(),240111044331052506, 14971, '深圳市',  14972, '南山区' ,'金谷创业园B栋5层ibase原点-107房','金谷创业园B栋5层ibase原点','107房','2','0',UTC_TIMESTAMP(), 999989);	
INSERT INTO `eh_addresses` (`id`, `uuid`, `community_id`, `city_id`, `city_name`, `area_id`, `area_name`, `address`, `building_name`, `apartment_name`, `status`, `operator_uid`, `create_time`, `namespace_id`) VALUES(239825274387100193,UUID(),240111044331052506, 14971, '深圳市',  14972, '南山区' ,'金谷创业园B栋5层ibase原点-108房','金谷创业园B栋5层ibase原点','108房','2','0',UTC_TIMESTAMP(), 999989);	
INSERT INTO `eh_addresses` (`id`, `uuid`, `community_id`, `city_id`, `city_name`, `area_id`, `area_name`, `address`, `building_name`, `apartment_name`, `status`, `operator_uid`, `create_time`, `namespace_id`) VALUES(239825274387100194,UUID(),240111044331052506, 14971, '深圳市',  14972, '南山区' ,'金谷创业园B栋5层ibase原点-109房','金谷创业园B栋5层ibase原点','109房','2','0',UTC_TIMESTAMP(), 999989);	
INSERT INTO `eh_addresses` (`id`, `uuid`, `community_id`, `city_id`, `city_name`, `area_id`, `area_name`, `address`, `building_name`, `apartment_name`, `status`, `operator_uid`, `create_time`, `namespace_id`) VALUES(239825274387100195,UUID(),240111044331052506, 14971, '深圳市',  14972, '南山区' ,'金谷创业园B栋5层ibase原点-开放01','金谷创业园B栋5层ibase原点','开放01','2','0',UTC_TIMESTAMP(), 999989);	
INSERT INTO `eh_addresses` (`id`, `uuid`, `community_id`, `city_id`, `city_name`, `area_id`, `area_name`, `address`, `building_name`, `apartment_name`, `status`, `operator_uid`, `create_time`, `namespace_id`) VALUES(239825274387100196,UUID(),240111044331052506, 14971, '深圳市',  14972, '南山区' ,'金谷创业园B栋5层ibase原点-开放02','金谷创业园B栋5层ibase原点','开放02','2','0',UTC_TIMESTAMP(), 999989);	
INSERT INTO `eh_addresses` (`id`, `uuid`, `community_id`, `city_id`, `city_name`, `area_id`, `area_name`, `address`, `building_name`, `apartment_name`, `status`, `operator_uid`, `create_time`, `namespace_id`) VALUES(239825274387100197,UUID(),240111044331052506, 14971, '深圳市',  14972, '南山区' ,'金谷创业园B栋5层ibase原点-开放03','金谷创业园B栋5层ibase原点','开放03','2','0',UTC_TIMESTAMP(), 999989);	
INSERT INTO `eh_addresses` (`id`, `uuid`, `community_id`, `city_id`, `city_name`, `area_id`, `area_name`, `address`, `building_name`, `apartment_name`, `status`, `operator_uid`, `create_time`, `namespace_id`) VALUES(239825274387100198,UUID(),240111044331052506, 14971, '深圳市',  14972, '南山区' ,'金谷创业园B栋5层ibase原点-开放05','金谷创业园B栋5层ibase原点','开放05','2','0',UTC_TIMESTAMP(), 999989);	
INSERT INTO `eh_addresses` (`id`, `uuid`, `community_id`, `city_id`, `city_name`, `area_id`, `area_name`, `address`, `building_name`, `apartment_name`, `status`, `operator_uid`, `create_time`, `namespace_id`) VALUES(239825274387100199,UUID(),240111044331052506, 14971, '深圳市',  14972, '南山区' ,'金谷创业园B栋5层ibase原点-开放06','金谷创业园B栋5层ibase原点','开放06','2','0',UTC_TIMESTAMP(), 999989);	
INSERT INTO `eh_addresses` (`id`, `uuid`, `community_id`, `city_id`, `city_name`, `area_id`, `area_name`, `address`, `building_name`, `apartment_name`, `status`, `operator_uid`, `create_time`, `namespace_id`) VALUES(239825274387100200,UUID(),240111044331052506, 14971, '深圳市',  14972, '南山区' ,'金谷创业园B栋5层ibase原点-开放07','金谷创业园B栋5层ibase原点','开放07','2','0',UTC_TIMESTAMP(), 999989);	
INSERT INTO `eh_addresses` (`id`, `uuid`, `community_id`, `city_id`, `city_name`, `area_id`, `area_name`, `address`, `building_name`, `apartment_name`, `status`, `operator_uid`, `create_time`, `namespace_id`) VALUES(239825274387100201,UUID(),240111044331052506, 14971, '深圳市',  14972, '南山区' ,'金谷创业园B栋5层ibase原点-开放08','金谷创业园B栋5层ibase原点','开放08','2','0',UTC_TIMESTAMP(), 999989);	
INSERT INTO `eh_addresses` (`id`, `uuid`, `community_id`, `city_id`, `city_name`, `area_id`, `area_name`, `address`, `building_name`, `apartment_name`, `status`, `operator_uid`, `create_time`, `namespace_id`) VALUES(239825274387100202,UUID(),240111044331052506, 14971, '深圳市',  14972, '南山区' ,'金谷创业园B栋5层ibase原点-开放09','金谷创业园B栋5层ibase原点','开放09','2','0',UTC_TIMESTAMP(), 999989);	
INSERT INTO `eh_addresses` (`id`, `uuid`, `community_id`, `city_id`, `city_name`, `area_id`, `area_name`, `address`, `building_name`, `apartment_name`, `status`, `operator_uid`, `create_time`, `namespace_id`) VALUES(239825274387100203,UUID(),240111044331052506, 14971, '深圳市',  14972, '南山区' ,'金谷创业园B栋5层ibase原点-开放10','金谷创业园B栋5层ibase原点','开放10','2','0',UTC_TIMESTAMP(), 999989);	
INSERT INTO `eh_addresses` (`id`, `uuid`, `community_id`, `city_id`, `city_name`, `area_id`, `area_name`, `address`, `building_name`, `apartment_name`, `status`, `operator_uid`, `create_time`, `namespace_id`) VALUES(239825274387100204,UUID(),240111044331052506, 14971, '深圳市',  14972, '南山区' ,'金谷创业园B栋5层ibase原点-开放11','金谷创业园B栋5层ibase原点','开放11','2','0',UTC_TIMESTAMP(), 999989);	
INSERT INTO `eh_addresses` (`id`, `uuid`, `community_id`, `city_id`, `city_name`, `area_id`, `area_name`, `address`, `building_name`, `apartment_name`, `status`, `operator_uid`, `create_time`, `namespace_id`) VALUES(239825274387100205,UUID(),240111044331052506, 14971, '深圳市',  14972, '南山区' ,'金谷创业园B栋5层ibase原点-开放12','金谷创业园B栋5层ibase原点','开放12','2','0',UTC_TIMESTAMP(), 999989);	
INSERT INTO `eh_addresses` (`id`, `uuid`, `community_id`, `city_id`, `city_name`, `area_id`, `area_name`, `address`, `building_name`, `apartment_name`, `status`, `operator_uid`, `create_time`, `namespace_id`) VALUES(239825274387100206,UUID(),240111044331052506, 14971, '深圳市',  14972, '南山区' ,'金谷创业园B栋5层ibase原点-开放15','金谷创业园B栋5层ibase原点','开放15','2','0',UTC_TIMESTAMP(), 999989);	
INSERT INTO `eh_addresses` (`id`, `uuid`, `community_id`, `city_id`, `city_name`, `area_id`, `area_name`, `address`, `building_name`, `apartment_name`, `status`, `operator_uid`, `create_time`, `namespace_id`) VALUES(239825274387100207,UUID(),240111044331052506, 14971, '深圳市',  14972, '南山区' ,'金谷创业园B栋5层ibase原点-开放16','金谷创业园B栋5层ibase原点','开放16','2','0',UTC_TIMESTAMP(), 999989);	
INSERT INTO `eh_addresses` (`id`, `uuid`, `community_id`, `city_id`, `city_name`, `area_id`, `area_name`, `address`, `building_name`, `apartment_name`, `status`, `operator_uid`, `create_time`, `namespace_id`) VALUES(239825274387100208,UUID(),240111044331052506, 14971, '深圳市',  14972, '南山区' ,'金谷创业园B栋5层ibase原点-开放17','金谷创业园B栋5层ibase原点','开放17','2','0',UTC_TIMESTAMP(), 999989);	
INSERT INTO `eh_addresses` (`id`, `uuid`, `community_id`, `city_id`, `city_name`, `area_id`, `area_name`, `address`, `building_name`, `apartment_name`, `status`, `operator_uid`, `create_time`, `namespace_id`) VALUES(239825274387100209,UUID(),240111044331052506, 14971, '深圳市',  14972, '南山区' ,'金谷创业园B栋5层ibase原点-开放18','金谷创业园B栋5层ibase原点','开放18','2','0',UTC_TIMESTAMP(), 999989);	
INSERT INTO `eh_addresses` (`id`, `uuid`, `community_id`, `city_id`, `city_name`, `area_id`, `area_name`, `address`, `building_name`, `apartment_name`, `status`, `operator_uid`, `create_time`, `namespace_id`) VALUES(239825274387100210,UUID(),240111044331052506, 14971, '深圳市',  14972, '南山区' ,'金谷创业园B栋5层ibase原点-开放19','金谷创业园B栋5层ibase原点','开放19','2','0',UTC_TIMESTAMP(), 999989);	
INSERT INTO `eh_addresses` (`id`, `uuid`, `community_id`, `city_id`, `city_name`, `area_id`, `area_name`, `address`, `building_name`, `apartment_name`, `status`, `operator_uid`, `create_time`, `namespace_id`) VALUES(239825274387100211,UUID(),240111044331052506, 14971, '深圳市',  14972, '南山区' ,'金谷创业园B栋5层ibase原点-开放20','金谷创业园B栋5层ibase原点','开放20','2','0',UTC_TIMESTAMP(), 999989);	
INSERT INTO `eh_addresses` (`id`, `uuid`, `community_id`, `city_id`, `city_name`, `area_id`, `area_name`, `address`, `building_name`, `apartment_name`, `status`, `operator_uid`, `create_time`, `namespace_id`) VALUES(239825274387100212,UUID(),240111044331052506, 14971, '深圳市',  14972, '南山区' ,'金谷创业园B栋5层ibase原点-开放21','金谷创业园B栋5层ibase原点','开放21','2','0',UTC_TIMESTAMP(), 999989);	
INSERT INTO `eh_addresses` (`id`, `uuid`, `community_id`, `city_id`, `city_name`, `area_id`, `area_name`, `address`, `building_name`, `apartment_name`, `status`, `operator_uid`, `create_time`, `namespace_id`) VALUES(239825274387100213,UUID(),240111044331052506, 14971, '深圳市',  14972, '南山区' ,'金谷创业园B栋5层ibase原点-开放22','金谷创业园B栋5层ibase原点','开放22','2','0',UTC_TIMESTAMP(), 999989);	
INSERT INTO `eh_addresses` (`id`, `uuid`, `community_id`, `city_id`, `city_name`, `area_id`, `area_name`, `address`, `building_name`, `apartment_name`, `status`, `operator_uid`, `create_time`, `namespace_id`) VALUES(239825274387100214,UUID(),240111044331052506, 14971, '深圳市',  14972, '南山区' ,'金谷创业园B栋5层ibase原点-开放23','金谷创业园B栋5层ibase原点','开放23','2','0',UTC_TIMESTAMP(), 999989);	
INSERT INTO `eh_addresses` (`id`, `uuid`, `community_id`, `city_id`, `city_name`, `area_id`, `area_name`, `address`, `building_name`, `apartment_name`, `status`, `operator_uid`, `create_time`, `namespace_id`) VALUES(239825274387100215,UUID(),240111044331052506, 14971, '深圳市',  14972, '南山区' ,'金谷创业园B栋5层ibase原点-开放25','金谷创业园B栋5层ibase原点','开放25','2','0',UTC_TIMESTAMP(), 999989);	
INSERT INTO `eh_addresses` (`id`, `uuid`, `community_id`, `city_id`, `city_name`, `area_id`, `area_name`, `address`, `building_name`, `apartment_name`, `status`, `operator_uid`, `create_time`, `namespace_id`) VALUES(239825274387100216,UUID(),240111044331052506, 14971, '深圳市',  14972, '南山区' ,'金谷创业园B栋5层ibase原点-开放26','金谷创业园B栋5层ibase原点','开放26','2','0',UTC_TIMESTAMP(), 999989);	
INSERT INTO `eh_addresses` (`id`, `uuid`, `community_id`, `city_id`, `city_name`, `area_id`, `area_name`, `address`, `building_name`, `apartment_name`, `status`, `operator_uid`, `create_time`, `namespace_id`) VALUES(239825274387100217,UUID(),240111044331052506, 14971, '深圳市',  14972, '南山区' ,'金谷创业园B栋5层ibase原点-开放27','金谷创业园B栋5层ibase原点','开放27','2','0',UTC_TIMESTAMP(), 999989);	
INSERT INTO `eh_addresses` (`id`, `uuid`, `community_id`, `city_id`, `city_name`, `area_id`, `area_name`, `address`, `building_name`, `apartment_name`, `status`, `operator_uid`, `create_time`, `namespace_id`) VALUES(239825274387100218,UUID(),240111044331052506, 14971, '深圳市',  14972, '南山区' ,'金谷创业园B栋5层ibase原点-开放28','金谷创业园B栋5层ibase原点','开放28','2','0',UTC_TIMESTAMP(), 999989);	
INSERT INTO `eh_addresses` (`id`, `uuid`, `community_id`, `city_id`, `city_name`, `area_id`, `area_name`, `address`, `building_name`, `apartment_name`, `status`, `operator_uid`, `create_time`, `namespace_id`) VALUES(239825274387100219,UUID(),240111044331052506, 14971, '深圳市',  14972, '南山区' ,'金谷创业园B栋5层ibase原点-开放29','金谷创业园B栋5层ibase原点','开放29','2','0',UTC_TIMESTAMP(), 999989);	
INSERT INTO `eh_addresses` (`id`, `uuid`, `community_id`, `city_id`, `city_name`, `area_id`, `area_name`, `address`, `building_name`, `apartment_name`, `status`, `operator_uid`, `create_time`, `namespace_id`) VALUES(239825274387100220,UUID(),240111044331052506, 14971, '深圳市',  14972, '南山区' ,'金谷创业园B栋5层ibase原点-开放30','金谷创业园B栋5层ibase原点','开放30','2','0',UTC_TIMESTAMP(), 999989);	
INSERT INTO `eh_addresses` (`id`, `uuid`, `community_id`, `city_id`, `city_name`, `area_id`, `area_name`, `address`, `building_name`, `apartment_name`, `status`, `operator_uid`, `create_time`, `namespace_id`) VALUES(239825274387100221,UUID(),240111044331052506, 14971, '深圳市',  14972, '南山区' ,'金谷创业园B栋5层ibase原点-开放31','金谷创业园B栋5层ibase原点','开放31','2','0',UTC_TIMESTAMP(), 999989);	
INSERT INTO `eh_addresses` (`id`, `uuid`, `community_id`, `city_id`, `city_name`, `area_id`, `area_name`, `address`, `building_name`, `apartment_name`, `status`, `operator_uid`, `create_time`, `namespace_id`) VALUES(239825274387100222,UUID(),240111044331052506, 14971, '深圳市',  14972, '南山区' ,'金谷创业园B栋5层ibase原点-开放32','金谷创业园B栋5层ibase原点','开放32','2','0',UTC_TIMESTAMP(), 999989);	
INSERT INTO `eh_addresses` (`id`, `uuid`, `community_id`, `city_id`, `city_name`, `area_id`, `area_name`, `address`, `building_name`, `apartment_name`, `status`, `operator_uid`, `create_time`, `namespace_id`) VALUES(239825274387100223,UUID(),240111044331052506, 14971, '深圳市',  14972, '南山区' ,'金谷创业园B栋5层ibase原点-开放33','金谷创业园B栋5层ibase原点','开放33','2','0',UTC_TIMESTAMP(), 999989);	
INSERT INTO `eh_addresses` (`id`, `uuid`, `community_id`, `city_id`, `city_name`, `area_id`, `area_name`, `address`, `building_name`, `apartment_name`, `status`, `operator_uid`, `create_time`, `namespace_id`) VALUES(239825274387100224,UUID(),240111044331052506, 14971, '深圳市',  14972, '南山区' ,'金谷创业园B栋5层ibase原点-502','金谷创业园B栋5层ibase原点','502','2','0',UTC_TIMESTAMP(), 999989);	
INSERT INTO `eh_addresses` (`id`, `uuid`, `community_id`, `city_id`, `city_name`, `area_id`, `area_name`, `address`, `building_name`, `apartment_name`, `status`, `operator_uid`, `create_time`, `namespace_id`) VALUES(239825274387100225,UUID(),240111044331052506, 14971, '深圳市',  14972, '南山区' ,'金谷创业园B栋5层ibase原点-503','金谷创业园B栋5层ibase原点','503','2','0',UTC_TIMESTAMP(), 999989);	
INSERT INTO `eh_addresses` (`id`, `uuid`, `community_id`, `city_id`, `city_name`, `area_id`, `area_name`, `address`, `building_name`, `apartment_name`, `status`, `operator_uid`, `create_time`, `namespace_id`) VALUES(239825274387100226,UUID(),240111044331052506, 14971, '深圳市',  14972, '南山区' ,'金谷创业园B栋5层ibase原点-505','金谷创业园B栋5层ibase原点','505','2','0',UTC_TIMESTAMP(), 999989);	
INSERT INTO `eh_addresses` (`id`, `uuid`, `community_id`, `city_id`, `city_name`, `area_id`, `area_name`, `address`, `building_name`, `apartment_name`, `status`, `operator_uid`, `create_time`, `namespace_id`) VALUES(239825274387100227,UUID(),240111044331052506, 14971, '深圳市',  14972, '南山区' ,'金谷创业园B栋5层ibase原点-506','金谷创业园B栋5层ibase原点','506','2','0',UTC_TIMESTAMP(), 999989);	
INSERT INTO `eh_addresses` (`id`, `uuid`, `community_id`, `city_id`, `city_name`, `area_id`, `area_name`, `address`, `building_name`, `apartment_name`, `status`, `operator_uid`, `create_time`, `namespace_id`) VALUES(239825274387100228,UUID(),240111044331052506, 14971, '深圳市',  14972, '南山区' ,'金谷创业园B栋5层ibase原点-507','金谷创业园B栋5层ibase原点','507','2','0',UTC_TIMESTAMP(), 999989);	
INSERT INTO `eh_addresses` (`id`, `uuid`, `community_id`, `city_id`, `city_name`, `area_id`, `area_name`, `address`, `building_name`, `apartment_name`, `status`, `operator_uid`, `create_time`, `namespace_id`) VALUES(239825274387100229,UUID(),240111044331052506, 14971, '深圳市',  14972, '南山区' ,'金谷创业园B栋5层ibase原点-508','金谷创业园B栋5层ibase原点','508','2','0',UTC_TIMESTAMP(), 999989);	

INSERT INTO `eh_addresses` (`id`, `uuid`, `community_id`, `city_id`, `city_name`, `area_id`, `area_name`, `address`, `building_name`, `apartment_name`, `status`, `operator_uid`, `create_time`, `namespace_id`) VALUES(239825274387100230,UUID(),240111044331052507, 14971, '深圳市',  14972, '南山区' ,'威新软件园7号楼-Unit 1001','威新软件园7号楼','Unit 1001','2','0',UTC_TIMESTAMP(), 999989);
INSERT INTO `eh_addresses` (`id`, `uuid`, `community_id`, `city_id`, `city_name`, `area_id`, `area_name`, `address`, `building_name`, `apartment_name`, `status`, `operator_uid`, `create_time`, `namespace_id`) VALUES(239825274387100231,UUID(),240111044331052507, 14971, '深圳市',  14972, '南山区' ,'威新软件园7号楼-Unit 1002','威新软件园7号楼','Unit 1002','2','0',UTC_TIMESTAMP(), 999989);
INSERT INTO `eh_addresses` (`id`, `uuid`, `community_id`, `city_id`, `city_name`, `area_id`, `area_name`, `address`, `building_name`, `apartment_name`, `status`, `operator_uid`, `create_time`, `namespace_id`) VALUES(239825274387100232,UUID(),240111044331052507, 14971, '深圳市',  14972, '南山区' ,'威新软件园7号楼-Unit 1003','威新软件园7号楼','Unit 1003','2','0',UTC_TIMESTAMP(), 999989);
INSERT INTO `eh_addresses` (`id`, `uuid`, `community_id`, `city_id`, `city_name`, `area_id`, `area_name`, `address`, `building_name`, `apartment_name`, `status`, `operator_uid`, `create_time`, `namespace_id`) VALUES(239825274387100233,UUID(),240111044331052507, 14971, '深圳市',  14972, '南山区' ,'威新软件园7号楼-Unit 1005','威新软件园7号楼','Unit 1005','2','0',UTC_TIMESTAMP(), 999989);
INSERT INTO `eh_addresses` (`id`, `uuid`, `community_id`, `city_id`, `city_name`, `area_id`, `area_name`, `address`, `building_name`, `apartment_name`, `status`, `operator_uid`, `create_time`, `namespace_id`) VALUES(239825274387100234,UUID(),240111044331052507, 14971, '深圳市',  14972, '南山区' ,'威新软件园7号楼-Unit 1006','威新软件园7号楼','Unit 1006','2','0',UTC_TIMESTAMP(), 999989);
INSERT INTO `eh_addresses` (`id`, `uuid`, `community_id`, `city_id`, `city_name`, `area_id`, `area_name`, `address`, `building_name`, `apartment_name`, `status`, `operator_uid`, `create_time`, `namespace_id`) VALUES(239825274387100235,UUID(),240111044331052507, 14971, '深圳市',  14972, '南山区' ,'威新软件园7号楼-Unit 1007','威新软件园7号楼','Unit 1007','2','0',UTC_TIMESTAMP(), 999989);
INSERT INTO `eh_addresses` (`id`, `uuid`, `community_id`, `city_id`, `city_name`, `area_id`, `area_name`, `address`, `building_name`, `apartment_name`, `status`, `operator_uid`, `create_time`, `namespace_id`) VALUES(239825274387100236,UUID(),240111044331052507, 14971, '深圳市',  14972, '南山区' ,'威新软件园7号楼-Unit 1008','威新软件园7号楼','Unit 1008','2','0',UTC_TIMESTAMP(), 999989);
INSERT INTO `eh_addresses` (`id`, `uuid`, `community_id`, `city_id`, `city_name`, `area_id`, `area_name`, `address`, `building_name`, `apartment_name`, `status`, `operator_uid`, `create_time`, `namespace_id`) VALUES(239825274387100237,UUID(),240111044331052507, 14971, '深圳市',  14972, '南山区' ,'威新软件园7号楼-Unit 2001','威新软件园7号楼','Unit 2001','2','0',UTC_TIMESTAMP(), 999989);
INSERT INTO `eh_addresses` (`id`, `uuid`, `community_id`, `city_id`, `city_name`, `area_id`, `area_name`, `address`, `building_name`, `apartment_name`, `status`, `operator_uid`, `create_time`, `namespace_id`) VALUES(239825274387100238,UUID(),240111044331052507, 14971, '深圳市',  14972, '南山区' ,'威新软件园7号楼-Unit 2005','威新软件园7号楼','Unit 2005','2','0',UTC_TIMESTAMP(), 999989);
INSERT INTO `eh_addresses` (`id`, `uuid`, `community_id`, `city_id`, `city_name`, `area_id`, `area_name`, `address`, `building_name`, `apartment_name`, `status`, `operator_uid`, `create_time`, `namespace_id`) VALUES(239825274387100239,UUID(),240111044331052507, 14971, '深圳市',  14972, '南山区' ,'威新软件园7号楼-Unit 2006','威新软件园7号楼','Unit 2006','2','0',UTC_TIMESTAMP(), 999989);
INSERT INTO `eh_addresses` (`id`, `uuid`, `community_id`, `city_id`, `city_name`, `area_id`, `area_name`, `address`, `building_name`, `apartment_name`, `status`, `operator_uid`, `create_time`, `namespace_id`) VALUES(239825274387100240,UUID(),240111044331052507, 14971, '深圳市',  14972, '南山区' ,'威新软件园7号楼-Unit 2007','威新软件园7号楼','Unit 2007','2','0',UTC_TIMESTAMP(), 999989);
INSERT INTO `eh_addresses` (`id`, `uuid`, `community_id`, `city_id`, `city_name`, `area_id`, `area_name`, `address`, `building_name`, `apartment_name`, `status`, `operator_uid`, `create_time`, `namespace_id`) VALUES(239825274387100241,UUID(),240111044331052507, 14971, '深圳市',  14972, '南山区' ,'威新软件园7号楼-Unit 2008','威新软件园7号楼','Unit 2008','2','0',UTC_TIMESTAMP(), 999989);
INSERT INTO `eh_addresses` (`id`, `uuid`, `community_id`, `city_id`, `city_name`, `area_id`, `area_name`, `address`, `building_name`, `apartment_name`, `status`, `operator_uid`, `create_time`, `namespace_id`) VALUES(239825274387100242,UUID(),240111044331052507, 14971, '深圳市',  14972, '南山区' ,'威新软件园7号楼-Unit 2010','威新软件园7号楼','Unit 2010','2','0',UTC_TIMESTAMP(), 999989);
INSERT INTO `eh_addresses` (`id`, `uuid`, `community_id`, `city_id`, `city_name`, `area_id`, `area_name`, `address`, `building_name`, `apartment_name`, `status`, `operator_uid`, `create_time`, `namespace_id`) VALUES(239825274387100243,UUID(),240111044331052507, 14971, '深圳市',  14972, '南山区' ,'威新软件园7号楼-Unit 2012','威新软件园7号楼','Unit 2012','2','0',UTC_TIMESTAMP(), 999989);
INSERT INTO `eh_addresses` (`id`, `uuid`, `community_id`, `city_id`, `city_name`, `area_id`, `area_name`, `address`, `building_name`, `apartment_name`, `status`, `operator_uid`, `create_time`, `namespace_id`) VALUES(239825274387100244,UUID(),240111044331052507, 14971, '深圳市',  14972, '南山区' ,'威新软件园7号楼-Unit 2015','威新软件园7号楼','Unit 2015','2','0',UTC_TIMESTAMP(), 999989);
INSERT INTO `eh_addresses` (`id`, `uuid`, `community_id`, `city_id`, `city_name`, `area_id`, `area_name`, `address`, `building_name`, `apartment_name`, `status`, `operator_uid`, `create_time`, `namespace_id`) VALUES(239825274387100245,UUID(),240111044331052507, 14971, '深圳市',  14972, '南山区' ,'威新软件园7号楼-Unit 2016','威新软件园7号楼','Unit 2016','2','0',UTC_TIMESTAMP(), 999989);
INSERT INTO `eh_addresses` (`id`, `uuid`, `community_id`, `city_id`, `city_name`, `area_id`, `area_name`, `address`, `building_name`, `apartment_name`, `status`, `operator_uid`, `create_time`, `namespace_id`) VALUES(239825274387100246,UUID(),240111044331052507, 14971, '深圳市',  14972, '南山区' ,'威新软件园7号楼-Unit 2017','威新软件园7号楼','Unit 2017','2','0',UTC_TIMESTAMP(), 999989);
INSERT INTO `eh_addresses` (`id`, `uuid`, `community_id`, `city_id`, `city_name`, `area_id`, `area_name`, `address`, `building_name`, `apartment_name`, `status`, `operator_uid`, `create_time`, `namespace_id`) VALUES(239825274387100247,UUID(),240111044331052507, 14971, '深圳市',  14972, '南山区' ,'威新软件园7号楼-Unit 2018','威新软件园7号楼','Unit 2018','2','0',UTC_TIMESTAMP(), 999989);
INSERT INTO `eh_addresses` (`id`, `uuid`, `community_id`, `city_id`, `city_name`, `area_id`, `area_name`, `address`, `building_name`, `apartment_name`, `status`, `operator_uid`, `create_time`, `namespace_id`) VALUES(239825274387100248,UUID(),240111044331052507, 14971, '深圳市',  14972, '南山区' ,'威新软件园7号楼-Unit 2020','威新软件园7号楼','Unit 2020','2','0',UTC_TIMESTAMP(), 999989);
INSERT INTO `eh_addresses` (`id`, `uuid`, `community_id`, `city_id`, `city_name`, `area_id`, `area_name`, `address`, `building_name`, `apartment_name`, `status`, `operator_uid`, `create_time`, `namespace_id`) VALUES(239825274387100249,UUID(),240111044331052507, 14971, '深圳市',  14972, '南山区' ,'威新软件园7号楼-Unit 2030','威新软件园7号楼','Unit 2030','2','0',UTC_TIMESTAMP(), 999989);
INSERT INTO `eh_addresses` (`id`, `uuid`, `community_id`, `city_id`, `city_name`, `area_id`, `area_name`, `address`, `building_name`, `apartment_name`, `status`, `operator_uid`, `create_time`, `namespace_id`) VALUES(239825274387100250,UUID(),240111044331052507, 14971, '深圳市',  14972, '南山区' ,'威新软件园7号楼-Unit 2031','威新软件园7号楼','Unit 2031','2','0',UTC_TIMESTAMP(), 999989);
INSERT INTO `eh_addresses` (`id`, `uuid`, `community_id`, `city_id`, `city_name`, `area_id`, `area_name`, `address`, `building_name`, `apartment_name`, `status`, `operator_uid`, `create_time`, `namespace_id`) VALUES(239825274387100251,UUID(),240111044331052507, 14971, '深圳市',  14972, '南山区' ,'威新软件园7号楼-Unit 2032','威新软件园7号楼','Unit 2032','2','0',UTC_TIMESTAMP(), 999989);
INSERT INTO `eh_addresses` (`id`, `uuid`, `community_id`, `city_id`, `city_name`, `area_id`, `area_name`, `address`, `building_name`, `apartment_name`, `status`, `operator_uid`, `create_time`, `namespace_id`) VALUES(239825274387100252,UUID(),240111044331052507, 14971, '深圳市',  14972, '南山区' ,'威新软件园7号楼-Unit 2033','威新软件园7号楼','Unit 2033','2','0',UTC_TIMESTAMP(), 999989);
INSERT INTO `eh_addresses` (`id`, `uuid`, `community_id`, `city_id`, `city_name`, `area_id`, `area_name`, `address`, `building_name`, `apartment_name`, `status`, `operator_uid`, `create_time`, `namespace_id`) VALUES(239825274387100253,UUID(),240111044331052507, 14971, '深圳市',  14972, '南山区' ,'威新软件园7号楼-Unit 2035','威新软件园7号楼','Unit 2035','2','0',UTC_TIMESTAMP(), 999989);
INSERT INTO `eh_addresses` (`id`, `uuid`, `community_id`, `city_id`, `city_name`, `area_id`, `area_name`, `address`, `building_name`, `apartment_name`, `status`, `operator_uid`, `create_time`, `namespace_id`) VALUES(239825274387100254,UUID(),240111044331052507, 14971, '深圳市',  14972, '南山区' ,'威新软件园7号楼-Unit 2036','威新软件园7号楼','Unit 2036','2','0',UTC_TIMESTAMP(), 999989);
INSERT INTO `eh_addresses` (`id`, `uuid`, `community_id`, `city_id`, `city_name`, `area_id`, `area_name`, `address`, `building_name`, `apartment_name`, `status`, `operator_uid`, `create_time`, `namespace_id`) VALUES(239825274387100255,UUID(),240111044331052507, 14971, '深圳市',  14972, '南山区' ,'威新软件园7号楼-Unit 2037','威新软件园7号楼','Unit 2037','2','0',UTC_TIMESTAMP(), 999989);
INSERT INTO `eh_addresses` (`id`, `uuid`, `community_id`, `city_id`, `city_name`, `area_id`, `area_name`, `address`, `building_name`, `apartment_name`, `status`, `operator_uid`, `create_time`, `namespace_id`) VALUES(239825274387100256,UUID(),240111044331052507, 14971, '深圳市',  14972, '南山区' ,'威新软件园7号楼-Unit 2038','威新软件园7号楼','Unit 2038','2','0',UTC_TIMESTAMP(), 999989);
INSERT INTO `eh_addresses` (`id`, `uuid`, `community_id`, `city_id`, `city_name`, `area_id`, `area_name`, `address`, `building_name`, `apartment_name`, `status`, `operator_uid`, `create_time`, `namespace_id`) VALUES(239825274387100257,UUID(),240111044331052507, 14971, '深圳市',  14972, '南山区' ,'威新软件园7号楼-Unit 2039','威新软件园7号楼','Unit 2039','2','0',UTC_TIMESTAMP(), 999989);
INSERT INTO `eh_addresses` (`id`, `uuid`, `community_id`, `city_id`, `city_name`, `area_id`, `area_name`, `address`, `building_name`, `apartment_name`, `status`, `operator_uid`, `create_time`, `namespace_id`) VALUES(239825274387100258,UUID(),240111044331052507, 14971, '深圳市',  14972, '南山区' ,'威新软件园7号楼-Unit 2050','威新软件园7号楼','Unit 2050','2','0',UTC_TIMESTAMP(), 999989);
INSERT INTO `eh_addresses` (`id`, `uuid`, `community_id`, `city_id`, `city_name`, `area_id`, `area_name`, `address`, `building_name`, `apartment_name`, `status`, `operator_uid`, `create_time`, `namespace_id`) VALUES(239825274387100259,UUID(),240111044331052507, 14971, '深圳市',  14972, '南山区' ,'威新软件园7号楼-Unit 2051','威新软件园7号楼','Unit 2051','2','0',UTC_TIMESTAMP(), 999989);
INSERT INTO `eh_addresses` (`id`, `uuid`, `community_id`, `city_id`, `city_name`, `area_id`, `area_name`, `address`, `building_name`, `apartment_name`, `status`, `operator_uid`, `create_time`, `namespace_id`) VALUES(239825274387100260,UUID(),240111044331052507, 14971, '深圳市',  14972, '南山区' ,'威新软件园7号楼-Unit 2052','威新软件园7号楼','Unit 2052','2','0',UTC_TIMESTAMP(), 999989);
INSERT INTO `eh_addresses` (`id`, `uuid`, `community_id`, `city_id`, `city_name`, `area_id`, `area_name`, `address`, `building_name`, `apartment_name`, `status`, `operator_uid`, `create_time`, `namespace_id`) VALUES(239825274387100261,UUID(),240111044331052507, 14971, '深圳市',  14972, '南山区' ,'威新软件园7号楼-Unit 2053','威新软件园7号楼','Unit 2053','2','0',UTC_TIMESTAMP(), 999989);
INSERT INTO `eh_addresses` (`id`, `uuid`, `community_id`, `city_id`, `city_name`, `area_id`, `area_name`, `address`, `building_name`, `apartment_name`, `status`, `operator_uid`, `create_time`, `namespace_id`) VALUES(239825274387100262,UUID(),240111044331052507, 14971, '深圳市',  14972, '南山区' ,'威新软件园7号楼-Unit 2055','威新软件园7号楼','Unit 2055','2','0',UTC_TIMESTAMP(), 999989);
INSERT INTO `eh_addresses` (`id`, `uuid`, `community_id`, `city_id`, `city_name`, `area_id`, `area_name`, `address`, `building_name`, `apartment_name`, `status`, `operator_uid`, `create_time`, `namespace_id`) VALUES(239825274387100263,UUID(),240111044331052507, 14971, '深圳市',  14972, '南山区' ,'威新软件园7号楼-Unit 2056','威新软件园7号楼','Unit 2056','2','0',UTC_TIMESTAMP(), 999989);
INSERT INTO `eh_addresses` (`id`, `uuid`, `community_id`, `city_id`, `city_name`, `area_id`, `area_name`, `address`, `building_name`, `apartment_name`, `status`, `operator_uid`, `create_time`, `namespace_id`) VALUES(239825274387100264,UUID(),240111044331052507, 14971, '深圳市',  14972, '南山区' ,'威新软件园7号楼-Unit 2060','威新软件园7号楼','Unit 2060','2','0',UTC_TIMESTAMP(), 999989);
INSERT INTO `eh_addresses` (`id`, `uuid`, `community_id`, `city_id`, `city_name`, `area_id`, `area_name`, `address`, `building_name`, `apartment_name`, `status`, `operator_uid`, `create_time`, `namespace_id`) VALUES(239825274387100265,UUID(),240111044331052507, 14971, '深圳市',  14972, '南山区' ,'威新软件园7号楼-Unit 2062','威新软件园7号楼','Unit 2062','2','0',UTC_TIMESTAMP(), 999989);
INSERT INTO `eh_addresses` (`id`, `uuid`, `community_id`, `city_id`, `city_name`, `area_id`, `area_name`, `address`, `building_name`, `apartment_name`, `status`, `operator_uid`, `create_time`, `namespace_id`) VALUES(239825274387100266,UUID(),240111044331052507, 14971, '深圳市',  14972, '南山区' ,'威新软件园7号楼-Unit 2063','威新软件园7号楼','Unit 2063','2','0',UTC_TIMESTAMP(), 999989);
INSERT INTO `eh_addresses` (`id`, `uuid`, `community_id`, `city_id`, `city_name`, `area_id`, `area_name`, `address`, `building_name`, `apartment_name`, `status`, `operator_uid`, `create_time`, `namespace_id`) VALUES(239825274387100267,UUID(),240111044331052507, 14971, '深圳市',  14972, '南山区' ,'威新软件园7号楼-Unit 2066','威新软件园7号楼','Unit 2066','2','0',UTC_TIMESTAMP(), 999989);
INSERT INTO `eh_addresses` (`id`, `uuid`, `community_id`, `city_id`, `city_name`, `area_id`, `area_name`, `address`, `building_name`, `apartment_name`, `status`, `operator_uid`, `create_time`, `namespace_id`) VALUES(239825274387100268,UUID(),240111044331052507, 14971, '深圳市',  14972, '南山区' ,'威新软件园7号楼-Unit 2073','威新软件园7号楼','Unit 2073','2','0',UTC_TIMESTAMP(), 999989);
INSERT INTO `eh_addresses` (`id`, `uuid`, `community_id`, `city_id`, `city_name`, `area_id`, `area_name`, `address`, `building_name`, `apartment_name`, `status`, `operator_uid`, `create_time`, `namespace_id`) VALUES(239825274387100269,UUID(),240111044331052507, 14971, '深圳市',  14972, '南山区' ,'威新软件园7号楼-Unit 2076','威新软件园7号楼','Unit 2076','2','0',UTC_TIMESTAMP(), 999989);
INSERT INTO `eh_addresses` (`id`, `uuid`, `community_id`, `city_id`, `city_name`, `area_id`, `area_name`, `address`, `building_name`, `apartment_name`, `status`, `operator_uid`, `create_time`, `namespace_id`) VALUES(239825274387100270,UUID(),240111044331052507, 14971, '深圳市',  14972, '南山区' ,'威新软件园7号楼-Unit 2081','威新软件园7号楼','Unit 2081','2','0',UTC_TIMESTAMP(), 999989);
INSERT INTO `eh_addresses` (`id`, `uuid`, `community_id`, `city_id`, `city_name`, `area_id`, `area_name`, `address`, `building_name`, `apartment_name`, `status`, `operator_uid`, `create_time`, `namespace_id`) VALUES(239825274387100271,UUID(),240111044331052507, 14971, '深圳市',  14972, '南山区' ,'威新软件园7号楼-Unit 2082','威新软件园7号楼','Unit 2082','2','0',UTC_TIMESTAMP(), 999989);
INSERT INTO `eh_addresses` (`id`, `uuid`, `community_id`, `city_id`, `city_name`, `area_id`, `area_name`, `address`, `building_name`, `apartment_name`, `status`, `operator_uid`, `create_time`, `namespace_id`) VALUES(239825274387100272,UUID(),240111044331052507, 14971, '深圳市',  14972, '南山区' ,'威新软件园7号楼-Unit 2083','威新软件园7号楼','Unit 2083','2','0',UTC_TIMESTAMP(), 999989);
INSERT INTO `eh_addresses` (`id`, `uuid`, `community_id`, `city_id`, `city_name`, `area_id`, `area_name`, `address`, `building_name`, `apartment_name`, `status`, `operator_uid`, `create_time`, `namespace_id`) VALUES(239825274387100273,UUID(),240111044331052507, 14971, '深圳市',  14972, '南山区' ,'威新软件园7号楼-Unit 2085','威新软件园7号楼','Unit 2085','2','0',UTC_TIMESTAMP(), 999989);
INSERT INTO `eh_addresses` (`id`, `uuid`, `community_id`, `city_id`, `city_name`, `area_id`, `area_name`, `address`, `building_name`, `apartment_name`, `status`, `operator_uid`, `create_time`, `namespace_id`) VALUES(239825274387100274,UUID(),240111044331052507, 14971, '深圳市',  14972, '南山区' ,'威新软件园7号楼-Unit 2086','威新软件园7号楼','Unit 2086','2','0',UTC_TIMESTAMP(), 999989);
INSERT INTO `eh_addresses` (`id`, `uuid`, `community_id`, `city_id`, `city_name`, `area_id`, `area_name`, `address`, `building_name`, `apartment_name`, `status`, `operator_uid`, `create_time`, `namespace_id`) VALUES(239825274387100275,UUID(),240111044331052507, 14971, '深圳市',  14972, '南山区' ,'威新软件园7号楼-Unit 2087','威新软件园7号楼','Unit 2087','2','0',UTC_TIMESTAMP(), 999989);
INSERT INTO `eh_addresses` (`id`, `uuid`, `community_id`, `city_id`, `city_name`, `area_id`, `area_name`, `address`, `building_name`, `apartment_name`, `status`, `operator_uid`, `create_time`, `namespace_id`) VALUES(239825274387100276,UUID(),240111044331052507, 14971, '深圳市',  14972, '南山区' ,'威新软件园7号楼-Unit 2088','威新软件园7号楼','Unit 2088','2','0',UTC_TIMESTAMP(), 999989);
INSERT INTO `eh_addresses` (`id`, `uuid`, `community_id`, `city_id`, `city_name`, `area_id`, `area_name`, `address`, `building_name`, `apartment_name`, `status`, `operator_uid`, `create_time`, `namespace_id`) VALUES(239825274387100277,UUID(),240111044331052507, 14971, '深圳市',  14972, '南山区' ,'威新软件园7号楼-Unit 2090','威新软件园7号楼','Unit 2090','2','0',UTC_TIMESTAMP(), 999989);
INSERT INTO `eh_addresses` (`id`, `uuid`, `community_id`, `city_id`, `city_name`, `area_id`, `area_name`, `address`, `building_name`, `apartment_name`, `status`, `operator_uid`, `create_time`, `namespace_id`) VALUES(239825274387100278,UUID(),240111044331052507, 14971, '深圳市',  14972, '南山区' ,'威新软件园7号楼-Unit 2092','威新软件园7号楼','Unit 2092','2','0',UTC_TIMESTAMP(), 999989);
INSERT INTO `eh_addresses` (`id`, `uuid`, `community_id`, `city_id`, `city_name`, `area_id`, `area_name`, `address`, `building_name`, `apartment_name`, `status`, `operator_uid`, `create_time`, `namespace_id`) VALUES(239825274387100279,UUID(),240111044331052507, 14971, '深圳市',  14972, '南山区' ,'威新软件园7号楼-Unit 2093','威新软件园7号楼','Unit 2093','2','0',UTC_TIMESTAMP(), 999989);
INSERT INTO `eh_addresses` (`id`, `uuid`, `community_id`, `city_id`, `city_name`, `area_id`, `area_name`, `address`, `building_name`, `apartment_name`, `status`, `operator_uid`, `create_time`, `namespace_id`) VALUES(239825274387100280,UUID(),240111044331052507, 14971, '深圳市',  14972, '南山区' ,'威新软件园7号楼-Unit 2095','威新软件园7号楼','Unit 2095','2','0',UTC_TIMESTAMP(), 999989);
INSERT INTO `eh_addresses` (`id`, `uuid`, `community_id`, `city_id`, `city_name`, `area_id`, `area_name`, `address`, `building_name`, `apartment_name`, `status`, `operator_uid`, `create_time`, `namespace_id`) VALUES(239825274387100281,UUID(),240111044331052507, 14971, '深圳市',  14972, '南山区' ,'威新软件园7号楼-Unit 2096','威新软件园7号楼','Unit 2096','2','0',UTC_TIMESTAMP(), 999989);
INSERT INTO `eh_addresses` (`id`, `uuid`, `community_id`, `city_id`, `city_name`, `area_id`, `area_name`, `address`, `building_name`, `apartment_name`, `status`, `operator_uid`, `create_time`, `namespace_id`) VALUES(239825274387100282,UUID(),240111044331052507, 14971, '深圳市',  14972, '南山区' ,'威新软件园7号楼-Unit 2097','威新软件园7号楼','Unit 2097','2','0',UTC_TIMESTAMP(), 999989);
INSERT INTO `eh_addresses` (`id`, `uuid`, `community_id`, `city_id`, `city_name`, `area_id`, `area_name`, `address`, `building_name`, `apartment_name`, `status`, `operator_uid`, `create_time`, `namespace_id`) VALUES(239825274387100283,UUID(),240111044331052507, 14971, '深圳市',  14972, '南山区' ,'威新软件园7号楼-Unit 2098','威新软件园7号楼','Unit 2098','2','0',UTC_TIMESTAMP(), 999989);
INSERT INTO `eh_addresses` (`id`, `uuid`, `community_id`, `city_id`, `city_name`, `area_id`, `area_name`, `address`, `building_name`, `apartment_name`, `status`, `operator_uid`, `create_time`, `namespace_id`) VALUES(239825274387100284,UUID(),240111044331052507, 14971, '深圳市',  14972, '南山区' ,'威新软件园7号楼-Unit 2099','威新软件园7号楼','Unit 2099','2','0',UTC_TIMESTAMP(), 999989);
INSERT INTO `eh_addresses` (`id`, `uuid`, `community_id`, `city_id`, `city_name`, `area_id`, `area_name`, `address`, `building_name`, `apartment_name`, `status`, `operator_uid`, `create_time`, `namespace_id`) VALUES(239825274387100285,UUID(),240111044331052507, 14971, '深圳市',  14972, '南山区' ,'威新软件园7号楼-Unit 2100','威新软件园7号楼','Unit 2100','2','0',UTC_TIMESTAMP(), 999989);
INSERT INTO `eh_addresses` (`id`, `uuid`, `community_id`, `city_id`, `city_name`, `area_id`, `area_name`, `address`, `building_name`, `apartment_name`, `status`, `operator_uid`, `create_time`, `namespace_id`) VALUES(239825274387100286,UUID(),240111044331052507, 14971, '深圳市',  14972, '南山区' ,'威新软件园7号楼-Unit 2101','威新软件园7号楼','Unit 2101','2','0',UTC_TIMESTAMP(), 999989);
INSERT INTO `eh_addresses` (`id`, `uuid`, `community_id`, `city_id`, `city_name`, `area_id`, `area_name`, `address`, `building_name`, `apartment_name`, `status`, `operator_uid`, `create_time`, `namespace_id`) VALUES(239825274387100287,UUID(),240111044331052507, 14971, '深圳市',  14972, '南山区' ,'威新软件园7号楼-Unit 2102','威新软件园7号楼','Unit 2102','2','0',UTC_TIMESTAMP(), 999989);
INSERT INTO `eh_addresses` (`id`, `uuid`, `community_id`, `city_id`, `city_name`, `area_id`, `area_name`, `address`, `building_name`, `apartment_name`, `status`, `operator_uid`, `create_time`, `namespace_id`) VALUES(239825274387100288,UUID(),240111044331052507, 14971, '深圳市',  14972, '南山区' ,'威新软件园7号楼-Unit 2103','威新软件园7号楼','Unit 2103','2','0',UTC_TIMESTAMP(), 999989);
INSERT INTO `eh_addresses` (`id`, `uuid`, `community_id`, `city_id`, `city_name`, `area_id`, `area_name`, `address`, `building_name`, `apartment_name`, `status`, `operator_uid`, `create_time`, `namespace_id`) VALUES(239825274387100289,UUID(),240111044331052507, 14971, '深圳市',  14972, '南山区' ,'威新软件园7号楼-Unit 2078','威新软件园7号楼','Unit 2078','2','0',UTC_TIMESTAMP(), 999989);
INSERT INTO `eh_addresses` (`id`, `uuid`, `community_id`, `city_id`, `city_name`, `area_id`, `area_name`, `address`, `building_name`, `apartment_name`, `status`, `operator_uid`, `create_time`, `namespace_id`) VALUES(239825274387100290,UUID(),240111044331052507, 14971, '深圳市',  14972, '南山区' ,'威新软件园7号楼-Unit 2116','威新软件园7号楼','Unit 2116','2','0',UTC_TIMESTAMP(), 999989);
INSERT INTO `eh_addresses` (`id`, `uuid`, `community_id`, `city_id`, `city_name`, `area_id`, `area_name`, `address`, `building_name`, `apartment_name`, `status`, `operator_uid`, `create_time`, `namespace_id`) VALUES(239825274387100291,UUID(),240111044331052507, 14971, '深圳市',  14972, '南山区' ,'威新软件园7号楼-Unit 2117','威新软件园7号楼','Unit 2117','2','0',UTC_TIMESTAMP(), 999989);
INSERT INTO `eh_addresses` (`id`, `uuid`, `community_id`, `city_id`, `city_name`, `area_id`, `area_name`, `address`, `building_name`, `apartment_name`, `status`, `operator_uid`, `create_time`, `namespace_id`) VALUES(239825274387100292,UUID(),240111044331052507, 14971, '深圳市',  14972, '南山区' ,'威新软件园7号楼-O-01','威新软件园7号楼','O-01','2','0',UTC_TIMESTAMP(), 999989);
INSERT INTO `eh_addresses` (`id`, `uuid`, `community_id`, `city_id`, `city_name`, `area_id`, `area_name`, `address`, `building_name`, `apartment_name`, `status`, `operator_uid`, `create_time`, `namespace_id`) VALUES(239825274387100293,UUID(),240111044331052507, 14971, '深圳市',  14972, '南山区' ,'威新软件园7号楼-O-02','威新软件园7号楼','O-02','2','0',UTC_TIMESTAMP(), 999989);
INSERT INTO `eh_addresses` (`id`, `uuid`, `community_id`, `city_id`, `city_name`, `area_id`, `area_name`, `address`, `building_name`, `apartment_name`, `status`, `operator_uid`, `create_time`, `namespace_id`) VALUES(239825274387100294,UUID(),240111044331052507, 14971, '深圳市',  14972, '南山区' ,'威新软件园7号楼-O-03','威新软件园7号楼','O-03','2','0',UTC_TIMESTAMP(), 999989);
INSERT INTO `eh_addresses` (`id`, `uuid`, `community_id`, `city_id`, `city_name`, `area_id`, `area_name`, `address`, `building_name`, `apartment_name`, `status`, `operator_uid`, `create_time`, `namespace_id`) VALUES(239825274387100295,UUID(),240111044331052507, 14971, '深圳市',  14972, '南山区' ,'威新软件园7号楼-O-05','威新软件园7号楼','O-05','2','0',UTC_TIMESTAMP(), 999989);
INSERT INTO `eh_addresses` (`id`, `uuid`, `community_id`, `city_id`, `city_name`, `area_id`, `area_name`, `address`, `building_name`, `apartment_name`, `status`, `operator_uid`, `create_time`, `namespace_id`) VALUES(239825274387100296,UUID(),240111044331052507, 14971, '深圳市',  14972, '南山区' ,'威新软件园7号楼-O-06','威新软件园7号楼','O-06','2','0',UTC_TIMESTAMP(), 999989);
INSERT INTO `eh_addresses` (`id`, `uuid`, `community_id`, `city_id`, `city_name`, `area_id`, `area_name`, `address`, `building_name`, `apartment_name`, `status`, `operator_uid`, `create_time`, `namespace_id`) VALUES(239825274387100297,UUID(),240111044331052507, 14971, '深圳市',  14972, '南山区' ,'威新软件园7号楼-O-07','威新软件园7号楼','O-07','2','0',UTC_TIMESTAMP(), 999989);
INSERT INTO `eh_addresses` (`id`, `uuid`, `community_id`, `city_id`, `city_name`, `area_id`, `area_name`, `address`, `building_name`, `apartment_name`, `status`, `operator_uid`, `create_time`, `namespace_id`) VALUES(239825274387100298,UUID(),240111044331052507, 14971, '深圳市',  14972, '南山区' ,'威新软件园7号楼-O-08','威新软件园7号楼','O-08','2','0',UTC_TIMESTAMP(), 999989);
INSERT INTO `eh_addresses` (`id`, `uuid`, `community_id`, `city_id`, `city_name`, `area_id`, `area_name`, `address`, `building_name`, `apartment_name`, `status`, `operator_uid`, `create_time`, `namespace_id`) VALUES(239825274387100299,UUID(),240111044331052507, 14971, '深圳市',  14972, '南山区' ,'威新软件园7号楼-O-09','威新软件园7号楼','O-09','2','0',UTC_TIMESTAMP(), 999989);
INSERT INTO `eh_addresses` (`id`, `uuid`, `community_id`, `city_id`, `city_name`, `area_id`, `area_name`, `address`, `building_name`, `apartment_name`, `status`, `operator_uid`, `create_time`, `namespace_id`) VALUES(239825274387100300,UUID(),240111044331052507, 14971, '深圳市',  14972, '南山区' ,'威新软件园7号楼-O-10','威新软件园7号楼','O-10','2','0',UTC_TIMESTAMP(), 999989);
INSERT INTO `eh_addresses` (`id`, `uuid`, `community_id`, `city_id`, `city_name`, `area_id`, `area_name`, `address`, `building_name`, `apartment_name`, `status`, `operator_uid`, `create_time`, `namespace_id`) VALUES(239825274387100301,UUID(),240111044331052507, 14971, '深圳市',  14972, '南山区' ,'威新软件园7号楼-O-11','威新软件园7号楼','O-11','2','0',UTC_TIMESTAMP(), 999989);
INSERT INTO `eh_addresses` (`id`, `uuid`, `community_id`, `city_id`, `city_name`, `area_id`, `area_name`, `address`, `building_name`, `apartment_name`, `status`, `operator_uid`, `create_time`, `namespace_id`) VALUES(239825274387100302,UUID(),240111044331052507, 14971, '深圳市',  14972, '南山区' ,'威新软件园7号楼-O-12','威新软件园7号楼','O-12','2','0',UTC_TIMESTAMP(), 999989);
INSERT INTO `eh_addresses` (`id`, `uuid`, `community_id`, `city_id`, `city_name`, `area_id`, `area_name`, `address`, `building_name`, `apartment_name`, `status`, `operator_uid`, `create_time`, `namespace_id`) VALUES(239825274387100303,UUID(),240111044331052507, 14971, '深圳市',  14972, '南山区' ,'威新软件园7号楼-O-15','威新软件园7号楼','O-15','2','0',UTC_TIMESTAMP(), 999989);
INSERT INTO `eh_addresses` (`id`, `uuid`, `community_id`, `city_id`, `city_name`, `area_id`, `area_name`, `address`, `building_name`, `apartment_name`, `status`, `operator_uid`, `create_time`, `namespace_id`) VALUES(239825274387100304,UUID(),240111044331052507, 14971, '深圳市',  14972, '南山区' ,'威新软件园7号楼-O-16','威新软件园7号楼','O-16','2','0',UTC_TIMESTAMP(), 999989);
INSERT INTO `eh_addresses` (`id`, `uuid`, `community_id`, `city_id`, `city_name`, `area_id`, `area_name`, `address`, `building_name`, `apartment_name`, `status`, `operator_uid`, `create_time`, `namespace_id`) VALUES(239825274387100305,UUID(),240111044331052507, 14971, '深圳市',  14972, '南山区' ,'威新软件园7号楼-O-17','威新软件园7号楼','O-17','2','0',UTC_TIMESTAMP(), 999989);
INSERT INTO `eh_addresses` (`id`, `uuid`, `community_id`, `city_id`, `city_name`, `area_id`, `area_name`, `address`, `building_name`, `apartment_name`, `status`, `operator_uid`, `create_time`, `namespace_id`) VALUES(239825274387100306,UUID(),240111044331052507, 14971, '深圳市',  14972, '南山区' ,'威新软件园7号楼-O-18','威新软件园7号楼','O-18','2','0',UTC_TIMESTAMP(), 999989);
    
INSERT INTO `eh_addresses` (`id`, `uuid`, `community_id`, `city_id`, `city_name`, `area_id`, `area_name`, `address`, `building_name`, `apartment_name`, `status`, `operator_uid`, `create_time`, `namespace_id`) VALUES(239825274387100307,UUID(),240111044331052508, 14971, '深圳市',  14973, '福田区' ,'竹盛花园三期裙楼-Unit 201','竹盛花园三期裙楼','Unit 201','2','0',UTC_TIMESTAMP(), 999989);	
INSERT INTO `eh_addresses` (`id`, `uuid`, `community_id`, `city_id`, `city_name`, `area_id`, `area_name`, `address`, `building_name`, `apartment_name`, `status`, `operator_uid`, `create_time`, `namespace_id`) VALUES(239825274387100308,UUID(),240111044331052508, 14971, '深圳市',  14973, '福田区' ,'竹盛花园三期裙楼-Unit 202','竹盛花园三期裙楼','Unit 202','2','0',UTC_TIMESTAMP(), 999989);	
INSERT INTO `eh_addresses` (`id`, `uuid`, `community_id`, `city_id`, `city_name`, `area_id`, `area_name`, `address`, `building_name`, `apartment_name`, `status`, `operator_uid`, `create_time`, `namespace_id`) VALUES(239825274387100309,UUID(),240111044331052508, 14971, '深圳市',  14973, '福田区' ,'竹盛花园三期裙楼-Unit 203','竹盛花园三期裙楼','Unit 203','2','0',UTC_TIMESTAMP(), 999989);	
INSERT INTO `eh_addresses` (`id`, `uuid`, `community_id`, `city_id`, `city_name`, `area_id`, `area_name`, `address`, `building_name`, `apartment_name`, `status`, `operator_uid`, `create_time`, `namespace_id`) VALUES(239825274387100310,UUID(),240111044331052508, 14971, '深圳市',  14973, '福田区' ,'竹盛花园三期裙楼-Unit 205','竹盛花园三期裙楼','Unit 205','2','0',UTC_TIMESTAMP(), 999989);	
INSERT INTO `eh_addresses` (`id`, `uuid`, `community_id`, `city_id`, `city_name`, `area_id`, `area_name`, `address`, `building_name`, `apartment_name`, `status`, `operator_uid`, `create_time`, `namespace_id`) VALUES(239825274387100311,UUID(),240111044331052508, 14971, '深圳市',  14973, '福田区' ,'竹盛花园三期裙楼-Unit 206','竹盛花园三期裙楼','Unit 206','2','0',UTC_TIMESTAMP(), 999989);	
INSERT INTO `eh_addresses` (`id`, `uuid`, `community_id`, `city_id`, `city_name`, `area_id`, `area_name`, `address`, `building_name`, `apartment_name`, `status`, `operator_uid`, `create_time`, `namespace_id`) VALUES(239825274387100312,UUID(),240111044331052508, 14971, '深圳市',  14973, '福田区' ,'竹盛花园三期裙楼-Unit 207','竹盛花园三期裙楼','Unit 207','2','0',UTC_TIMESTAMP(), 999989);	
INSERT INTO `eh_addresses` (`id`, `uuid`, `community_id`, `city_id`, `city_name`, `area_id`, `area_name`, `address`, `building_name`, `apartment_name`, `status`, `operator_uid`, `create_time`, `namespace_id`) VALUES(239825274387100313,UUID(),240111044331052508, 14971, '深圳市',  14973, '福田区' ,'竹盛花园三期裙楼-Unit 208','竹盛花园三期裙楼','Unit 208','2','0',UTC_TIMESTAMP(), 999989);	
INSERT INTO `eh_addresses` (`id`, `uuid`, `community_id`, `city_id`, `city_name`, `area_id`, `area_name`, `address`, `building_name`, `apartment_name`, `status`, `operator_uid`, `create_time`, `namespace_id`) VALUES(239825274387100314,UUID(),240111044331052508, 14971, '深圳市',  14973, '福田区' ,'竹盛花园三期裙楼-Unit 209','竹盛花园三期裙楼','Unit 209','2','0',UTC_TIMESTAMP(), 999989);	
INSERT INTO `eh_addresses` (`id`, `uuid`, `community_id`, `city_id`, `city_name`, `area_id`, `area_name`, `address`, `building_name`, `apartment_name`, `status`, `operator_uid`, `create_time`, `namespace_id`) VALUES(239825274387100315,UUID(),240111044331052508, 14971, '深圳市',  14973, '福田区' ,'竹盛花园三期裙楼-Unit 210','竹盛花园三期裙楼','Unit 210','2','0',UTC_TIMESTAMP(), 999989);	
INSERT INTO `eh_addresses` (`id`, `uuid`, `community_id`, `city_id`, `city_name`, `area_id`, `area_name`, `address`, `building_name`, `apartment_name`, `status`, `operator_uid`, `create_time`, `namespace_id`) VALUES(239825274387100316,UUID(),240111044331052508, 14971, '深圳市',  14973, '福田区' ,'竹盛花园三期裙楼-Unit 211','竹盛花园三期裙楼','Unit 211','2','0',UTC_TIMESTAMP(), 999989);	
INSERT INTO `eh_addresses` (`id`, `uuid`, `community_id`, `city_id`, `city_name`, `area_id`, `area_name`, `address`, `building_name`, `apartment_name`, `status`, `operator_uid`, `create_time`, `namespace_id`) VALUES(239825274387100317,UUID(),240111044331052508, 14971, '深圳市',  14973, '福田区' ,'竹盛花园三期裙楼-Unit 212','竹盛花园三期裙楼','Unit 212','2','0',UTC_TIMESTAMP(), 999989);	
INSERT INTO `eh_addresses` (`id`, `uuid`, `community_id`, `city_id`, `city_name`, `area_id`, `area_name`, `address`, `building_name`, `apartment_name`, `status`, `operator_uid`, `create_time`, `namespace_id`) VALUES(239825274387100318,UUID(),240111044331052508, 14971, '深圳市',  14973, '福田区' ,'竹盛花园三期裙楼-Unit 215','竹盛花园三期裙楼','Unit 215','2','0',UTC_TIMESTAMP(), 999989);	
INSERT INTO `eh_addresses` (`id`, `uuid`, `community_id`, `city_id`, `city_name`, `area_id`, `area_name`, `address`, `building_name`, `apartment_name`, `status`, `operator_uid`, `create_time`, `namespace_id`) VALUES(239825274387100319,UUID(),240111044331052508, 14971, '深圳市',  14973, '福田区' ,'竹盛花园三期裙楼-Unit 216','竹盛花园三期裙楼','Unit 216','2','0',UTC_TIMESTAMP(), 999989);	
INSERT INTO `eh_addresses` (`id`, `uuid`, `community_id`, `city_id`, `city_name`, `area_id`, `area_name`, `address`, `building_name`, `apartment_name`, `status`, `operator_uid`, `create_time`, `namespace_id`) VALUES(239825274387100320,UUID(),240111044331052508, 14971, '深圳市',  14973, '福田区' ,'竹盛花园三期裙楼-Unit 217','竹盛花园三期裙楼','Unit 217','2','0',UTC_TIMESTAMP(), 999989);	
INSERT INTO `eh_addresses` (`id`, `uuid`, `community_id`, `city_id`, `city_name`, `area_id`, `area_name`, `address`, `building_name`, `apartment_name`, `status`, `operator_uid`, `create_time`, `namespace_id`) VALUES(239825274387100321,UUID(),240111044331052508, 14971, '深圳市',  14973, '福田区' ,'竹盛花园三期裙楼-Unit 218','竹盛花园三期裙楼','Unit 218','2','0',UTC_TIMESTAMP(), 999989);	
INSERT INTO `eh_addresses` (`id`, `uuid`, `community_id`, `city_id`, `city_name`, `area_id`, `area_name`, `address`, `building_name`, `apartment_name`, `status`, `operator_uid`, `create_time`, `namespace_id`) VALUES(239825274387100322,UUID(),240111044331052508, 14971, '深圳市',  14973, '福田区' ,'竹盛花园三期裙楼-Unit 302','竹盛花园三期裙楼','Unit 302','2','0',UTC_TIMESTAMP(), 999989);	
INSERT INTO `eh_addresses` (`id`, `uuid`, `community_id`, `city_id`, `city_name`, `area_id`, `area_name`, `address`, `building_name`, `apartment_name`, `status`, `operator_uid`, `create_time`, `namespace_id`) VALUES(239825274387100323,UUID(),240111044331052508, 14971, '深圳市',  14973, '福田区' ,'竹盛花园三期裙楼-Unit 303','竹盛花园三期裙楼','Unit 303','2','0',UTC_TIMESTAMP(), 999989);	
INSERT INTO `eh_addresses` (`id`, `uuid`, `community_id`, `city_id`, `city_name`, `area_id`, `area_name`, `address`, `building_name`, `apartment_name`, `status`, `operator_uid`, `create_time`, `namespace_id`) VALUES(239825274387100324,UUID(),240111044331052508, 14971, '深圳市',  14973, '福田区' ,'竹盛花园三期裙楼-Unit 305','竹盛花园三期裙楼','Unit 305','2','0',UTC_TIMESTAMP(), 999989);	
INSERT INTO `eh_addresses` (`id`, `uuid`, `community_id`, `city_id`, `city_name`, `area_id`, `area_name`, `address`, `building_name`, `apartment_name`, `status`, `operator_uid`, `create_time`, `namespace_id`) VALUES(239825274387100325,UUID(),240111044331052508, 14971, '深圳市',  14973, '福田区' ,'竹盛花园三期裙楼-Unit 306','竹盛花园三期裙楼','Unit 306','2','0',UTC_TIMESTAMP(), 999989);	
INSERT INTO `eh_addresses` (`id`, `uuid`, `community_id`, `city_id`, `city_name`, `area_id`, `area_name`, `address`, `building_name`, `apartment_name`, `status`, `operator_uid`, `create_time`, `namespace_id`) VALUES(239825274387100326,UUID(),240111044331052508, 14971, '深圳市',  14973, '福田区' ,'竹盛花园三期裙楼-Unit 307','竹盛花园三期裙楼','Unit 307','2','0',UTC_TIMESTAMP(), 999989);	
INSERT INTO `eh_addresses` (`id`, `uuid`, `community_id`, `city_id`, `city_name`, `area_id`, `area_name`, `address`, `building_name`, `apartment_name`, `status`, `operator_uid`, `create_time`, `namespace_id`) VALUES(239825274387100327,UUID(),240111044331052508, 14971, '深圳市',  14973, '福田区' ,'竹盛花园三期裙楼-Unit 308','竹盛花园三期裙楼','Unit 308','2','0',UTC_TIMESTAMP(), 999989);	
INSERT INTO `eh_addresses` (`id`, `uuid`, `community_id`, `city_id`, `city_name`, `area_id`, `area_name`, `address`, `building_name`, `apartment_name`, `status`, `operator_uid`, `create_time`, `namespace_id`) VALUES(239825274387100328,UUID(),240111044331052508, 14971, '深圳市',  14973, '福田区' ,'竹盛花园三期裙楼-Unit 309','竹盛花园三期裙楼','Unit 309','2','0',UTC_TIMESTAMP(), 999989);	
INSERT INTO `eh_addresses` (`id`, `uuid`, `community_id`, `city_id`, `city_name`, `area_id`, `area_name`, `address`, `building_name`, `apartment_name`, `status`, `operator_uid`, `create_time`, `namespace_id`) VALUES(239825274387100329,UUID(),240111044331052508, 14971, '深圳市',  14973, '福田区' ,'竹盛花园三期裙楼-Unit 310','竹盛花园三期裙楼','Unit 310','2','0',UTC_TIMESTAMP(), 999989);	
INSERT INTO `eh_addresses` (`id`, `uuid`, `community_id`, `city_id`, `city_name`, `area_id`, `area_name`, `address`, `building_name`, `apartment_name`, `status`, `operator_uid`, `create_time`, `namespace_id`) VALUES(239825274387100330,UUID(),240111044331052508, 14971, '深圳市',  14973, '福田区' ,'竹盛花园三期裙楼-Unit 311','竹盛花园三期裙楼','Unit 311','2','0',UTC_TIMESTAMP(), 999989);	
INSERT INTO `eh_addresses` (`id`, `uuid`, `community_id`, `city_id`, `city_name`, `area_id`, `area_name`, `address`, `building_name`, `apartment_name`, `status`, `operator_uid`, `create_time`, `namespace_id`) VALUES(239825274387100331,UUID(),240111044331052508, 14971, '深圳市',  14973, '福田区' ,'竹盛花园三期裙楼-Unit 312','竹盛花园三期裙楼','Unit 312','2','0',UTC_TIMESTAMP(), 999989);	
INSERT INTO `eh_addresses` (`id`, `uuid`, `community_id`, `city_id`, `city_name`, `area_id`, `area_name`, `address`, `building_name`, `apartment_name`, `status`, `operator_uid`, `create_time`, `namespace_id`) VALUES(239825274387100332,UUID(),240111044331052508, 14971, '深圳市',  14973, '福田区' ,'竹盛花园三期裙楼-Unit 315','竹盛花园三期裙楼','Unit 315','2','0',UTC_TIMESTAMP(), 999989);	
INSERT INTO `eh_addresses` (`id`, `uuid`, `community_id`, `city_id`, `city_name`, `area_id`, `area_name`, `address`, `building_name`, `apartment_name`, `status`, `operator_uid`, `create_time`, `namespace_id`) VALUES(239825274387100333,UUID(),240111044331052508, 14971, '深圳市',  14973, '福田区' ,'竹盛花园三期裙楼-Unit 316','竹盛花园三期裙楼','Unit 316','2','0',UTC_TIMESTAMP(), 999989);	
INSERT INTO `eh_addresses` (`id`, `uuid`, `community_id`, `city_id`, `city_name`, `area_id`, `area_name`, `address`, `building_name`, `apartment_name`, `status`, `operator_uid`, `create_time`, `namespace_id`) VALUES(239825274387100334,UUID(),240111044331052508, 14971, '深圳市',  14973, '福田区' ,'竹盛花园三期裙楼-Unit 318','竹盛花园三期裙楼','Unit 318','2','0',UTC_TIMESTAMP(), 999989);	
INSERT INTO `eh_addresses` (`id`, `uuid`, `community_id`, `city_id`, `city_name`, `area_id`, `area_name`, `address`, `building_name`, `apartment_name`, `status`, `operator_uid`, `create_time`, `namespace_id`) VALUES(239825274387100335,UUID(),240111044331052508, 14971, '深圳市',  14973, '福田区' ,'竹盛花园三期裙楼-Unit 319','竹盛花园三期裙楼','Unit 319','2','0',UTC_TIMESTAMP(), 999989);	
INSERT INTO `eh_addresses` (`id`, `uuid`, `community_id`, `city_id`, `city_name`, `area_id`, `area_name`, `address`, `building_name`, `apartment_name`, `status`, `operator_uid`, `create_time`, `namespace_id`) VALUES(239825274387100336,UUID(),240111044331052508, 14971, '深圳市',  14973, '福田区' ,'竹盛花园三期裙楼-Unit 320','竹盛花园三期裙楼','Unit 320','2','0',UTC_TIMESTAMP(), 999989);	
INSERT INTO `eh_addresses` (`id`, `uuid`, `community_id`, `city_id`, `city_name`, `area_id`, `area_name`, `address`, `building_name`, `apartment_name`, `status`, `operator_uid`, `create_time`, `namespace_id`) VALUES(239825274387100337,UUID(),240111044331052508, 14971, '深圳市',  14973, '福田区' ,'竹盛花园三期裙楼-Unit 321','竹盛花园三期裙楼','Unit 321','2','0',UTC_TIMESTAMP(), 999989);	
INSERT INTO `eh_addresses` (`id`, `uuid`, `community_id`, `city_id`, `city_name`, `area_id`, `area_name`, `address`, `building_name`, `apartment_name`, `status`, `operator_uid`, `create_time`, `namespace_id`) VALUES(239825274387100338,UUID(),240111044331052508, 14971, '深圳市',  14973, '福田区' ,'竹盛花园三期裙楼-Unit 322','竹盛花园三期裙楼','Unit 322','2','0',UTC_TIMESTAMP(), 999989);	
INSERT INTO `eh_addresses` (`id`, `uuid`, `community_id`, `city_id`, `city_name`, `area_id`, `area_name`, `address`, `building_name`, `apartment_name`, `status`, `operator_uid`, `create_time`, `namespace_id`) VALUES(239825274387100339,UUID(),240111044331052508, 14971, '深圳市',  14973, '福田区' ,'竹盛花园三期裙楼-Unit 323','竹盛花园三期裙楼','Unit 323','2','0',UTC_TIMESTAMP(), 999989);	
INSERT INTO `eh_addresses` (`id`, `uuid`, `community_id`, `city_id`, `city_name`, `area_id`, `area_name`, `address`, `building_name`, `apartment_name`, `status`, `operator_uid`, `create_time`, `namespace_id`) VALUES(239825274387100340,UUID(),240111044331052508, 14971, '深圳市',  14973, '福田区' ,'竹盛花园三期裙楼-Unit 325','竹盛花园三期裙楼','Unit 325','2','0',UTC_TIMESTAMP(), 999989);	
INSERT INTO `eh_addresses` (`id`, `uuid`, `community_id`, `city_id`, `city_name`, `area_id`, `area_name`, `address`, `building_name`, `apartment_name`, `status`, `operator_uid`, `create_time`, `namespace_id`) VALUES(239825274387100341,UUID(),240111044331052508, 14971, '深圳市',  14973, '福田区' ,'竹盛花园三期裙楼-Unit 326','竹盛花园三期裙楼','Unit 326','2','0',UTC_TIMESTAMP(), 999989);	
INSERT INTO `eh_addresses` (`id`, `uuid`, `community_id`, `city_id`, `city_name`, `area_id`, `area_name`, `address`, `building_name`, `apartment_name`, `status`, `operator_uid`, `create_time`, `namespace_id`) VALUES(239825274387100342,UUID(),240111044331052508, 14971, '深圳市',  14973, '福田区' ,'竹盛花园三期裙楼-Unit 327','竹盛花园三期裙楼','Unit 327','2','0',UTC_TIMESTAMP(), 999989);	
INSERT INTO `eh_addresses` (`id`, `uuid`, `community_id`, `city_id`, `city_name`, `area_id`, `area_name`, `address`, `building_name`, `apartment_name`, `status`, `operator_uid`, `create_time`, `namespace_id`) VALUES(239825274387100343,UUID(),240111044331052508, 14971, '深圳市',  14973, '福田区' ,'竹盛花园三期裙楼-Unit 328','竹盛花园三期裙楼','Unit 328','2','0',UTC_TIMESTAMP(), 999989);	
INSERT INTO `eh_addresses` (`id`, `uuid`, `community_id`, `city_id`, `city_name`, `area_id`, `area_name`, `address`, `building_name`, `apartment_name`, `status`, `operator_uid`, `create_time`, `namespace_id`) VALUES(239825274387100344,UUID(),240111044331052508, 14971, '深圳市',  14973, '福田区' ,'竹盛花园三期裙楼-Unit 329','竹盛花园三期裙楼','Unit 329','2','0',UTC_TIMESTAMP(), 999989);	
INSERT INTO `eh_addresses` (`id`, `uuid`, `community_id`, `city_id`, `city_name`, `area_id`, `area_name`, `address`, `building_name`, `apartment_name`, `status`, `operator_uid`, `create_time`, `namespace_id`) VALUES(239825274387100345,UUID(),240111044331052508, 14971, '深圳市',  14973, '福田区' ,'竹盛花园三期裙楼-Unit 330','竹盛花园三期裙楼','Unit 330','2','0',UTC_TIMESTAMP(), 999989);	
    
INSERT INTO `eh_organization_address_mappings` (`id`, `organization_id`, `community_id`, `address_id`, `organization_address`, `living_status`) VALUES (18000, 1001600, 240111044331052505, 239825274387100185, '金地商置Ibase原点-金地中心B座18F', '0');     
INSERT INTO `eh_organization_address_mappings` (`id`, `organization_id`, `community_id`, `address_id`, `organization_address`, `living_status`) VALUES (18001, 1001600, 240111044331052506, 239825274387100186, '金谷创业园B栋5层ibase原点-101房', '0');
INSERT INTO `eh_organization_address_mappings` (`id`, `organization_id`, `community_id`, `address_id`, `organization_address`, `living_status`) VALUES (18002, 1001600, 240111044331052506, 239825274387100187, '金谷创业园B栋5层ibase原点-102房', '0');
INSERT INTO `eh_organization_address_mappings` (`id`, `organization_id`, `community_id`, `address_id`, `organization_address`, `living_status`) VALUES (18003, 1001600, 240111044331052506, 239825274387100188, '金谷创业园B栋5层ibase原点-103房', '0');
INSERT INTO `eh_organization_address_mappings` (`id`, `organization_id`, `community_id`, `address_id`, `organization_address`, `living_status`) VALUES (18004, 1001600, 240111044331052506, 239825274387100189, '金谷创业园B栋5层ibase原点-104房', '0');
INSERT INTO `eh_organization_address_mappings` (`id`, `organization_id`, `community_id`, `address_id`, `organization_address`, `living_status`) VALUES (18005, 1001600, 240111044331052506, 239825274387100190, '金谷创业园B栋5层ibase原点-105房', '0');
INSERT INTO `eh_organization_address_mappings` (`id`, `organization_id`, `community_id`, `address_id`, `organization_address`, `living_status`) VALUES (18006, 1001600, 240111044331052506, 239825274387100191, '金谷创业园B栋5层ibase原点-106房', '0');
INSERT INTO `eh_organization_address_mappings` (`id`, `organization_id`, `community_id`, `address_id`, `organization_address`, `living_status`) VALUES (18007, 1001600, 240111044331052506, 239825274387100192, '金谷创业园B栋5层ibase原点-107房', '0');
INSERT INTO `eh_organization_address_mappings` (`id`, `organization_id`, `community_id`, `address_id`, `organization_address`, `living_status`) VALUES (18008, 1001600, 240111044331052506, 239825274387100193, '金谷创业园B栋5层ibase原点-108房', '0');
INSERT INTO `eh_organization_address_mappings` (`id`, `organization_id`, `community_id`, `address_id`, `organization_address`, `living_status`) VALUES (18009, 1001600, 240111044331052506, 239825274387100194, '金谷创业园B栋5层ibase原点-109房', '0');
INSERT INTO `eh_organization_address_mappings` (`id`, `organization_id`, `community_id`, `address_id`, `organization_address`, `living_status`) VALUES (18010, 1001600, 240111044331052506, 239825274387100195, '金谷创业园B栋5层ibase原点-开放01', '0');
INSERT INTO `eh_organization_address_mappings` (`id`, `organization_id`, `community_id`, `address_id`, `organization_address`, `living_status`) VALUES (18011, 1001600, 240111044331052506, 239825274387100196, '金谷创业园B栋5层ibase原点-开放02', '0');
INSERT INTO `eh_organization_address_mappings` (`id`, `organization_id`, `community_id`, `address_id`, `organization_address`, `living_status`) VALUES (18012, 1001600, 240111044331052506, 239825274387100197, '金谷创业园B栋5层ibase原点-开放03', '0');
INSERT INTO `eh_organization_address_mappings` (`id`, `organization_id`, `community_id`, `address_id`, `organization_address`, `living_status`) VALUES (18013, 1001600, 240111044331052506, 239825274387100198, '金谷创业园B栋5层ibase原点-开放05', '0');
INSERT INTO `eh_organization_address_mappings` (`id`, `organization_id`, `community_id`, `address_id`, `organization_address`, `living_status`) VALUES (18014, 1001600, 240111044331052506, 239825274387100199, '金谷创业园B栋5层ibase原点-开放06', '0');
INSERT INTO `eh_organization_address_mappings` (`id`, `organization_id`, `community_id`, `address_id`, `organization_address`, `living_status`) VALUES (18015, 1001600, 240111044331052506, 239825274387100200, '金谷创业园B栋5层ibase原点-开放07', '0');
INSERT INTO `eh_organization_address_mappings` (`id`, `organization_id`, `community_id`, `address_id`, `organization_address`, `living_status`) VALUES (18016, 1001600, 240111044331052506, 239825274387100201, '金谷创业园B栋5层ibase原点-开放08', '0');
INSERT INTO `eh_organization_address_mappings` (`id`, `organization_id`, `community_id`, `address_id`, `organization_address`, `living_status`) VALUES (18017, 1001600, 240111044331052506, 239825274387100202, '金谷创业园B栋5层ibase原点-开放09', '0');
INSERT INTO `eh_organization_address_mappings` (`id`, `organization_id`, `community_id`, `address_id`, `organization_address`, `living_status`) VALUES (18018, 1001600, 240111044331052506, 239825274387100203, '金谷创业园B栋5层ibase原点-开放10', '0');
INSERT INTO `eh_organization_address_mappings` (`id`, `organization_id`, `community_id`, `address_id`, `organization_address`, `living_status`) VALUES (18019, 1001600, 240111044331052506, 239825274387100204, '金谷创业园B栋5层ibase原点-开放11', '0');
INSERT INTO `eh_organization_address_mappings` (`id`, `organization_id`, `community_id`, `address_id`, `organization_address`, `living_status`) VALUES (18020, 1001600, 240111044331052506, 239825274387100205, '金谷创业园B栋5层ibase原点-开放12', '0');
INSERT INTO `eh_organization_address_mappings` (`id`, `organization_id`, `community_id`, `address_id`, `organization_address`, `living_status`) VALUES (18021, 1001600, 240111044331052506, 239825274387100206, '金谷创业园B栋5层ibase原点-开放15', '0');
INSERT INTO `eh_organization_address_mappings` (`id`, `organization_id`, `community_id`, `address_id`, `organization_address`, `living_status`) VALUES (18022, 1001600, 240111044331052506, 239825274387100207, '金谷创业园B栋5层ibase原点-开放16', '0');
INSERT INTO `eh_organization_address_mappings` (`id`, `organization_id`, `community_id`, `address_id`, `organization_address`, `living_status`) VALUES (18023, 1001600, 240111044331052506, 239825274387100208, '金谷创业园B栋5层ibase原点-开放17', '0');
INSERT INTO `eh_organization_address_mappings` (`id`, `organization_id`, `community_id`, `address_id`, `organization_address`, `living_status`) VALUES (18024, 1001600, 240111044331052506, 239825274387100209, '金谷创业园B栋5层ibase原点-开放18', '0');
INSERT INTO `eh_organization_address_mappings` (`id`, `organization_id`, `community_id`, `address_id`, `organization_address`, `living_status`) VALUES (18025, 1001600, 240111044331052506, 239825274387100210, '金谷创业园B栋5层ibase原点-开放19', '0');
INSERT INTO `eh_organization_address_mappings` (`id`, `organization_id`, `community_id`, `address_id`, `organization_address`, `living_status`) VALUES (18026, 1001600, 240111044331052506, 239825274387100211, '金谷创业园B栋5层ibase原点-开放20', '0');
INSERT INTO `eh_organization_address_mappings` (`id`, `organization_id`, `community_id`, `address_id`, `organization_address`, `living_status`) VALUES (18027, 1001600, 240111044331052506, 239825274387100212, '金谷创业园B栋5层ibase原点-开放21', '0');
INSERT INTO `eh_organization_address_mappings` (`id`, `organization_id`, `community_id`, `address_id`, `organization_address`, `living_status`) VALUES (18028, 1001600, 240111044331052506, 239825274387100213, '金谷创业园B栋5层ibase原点-开放22', '0');
INSERT INTO `eh_organization_address_mappings` (`id`, `organization_id`, `community_id`, `address_id`, `organization_address`, `living_status`) VALUES (18029, 1001600, 240111044331052506, 239825274387100214, '金谷创业园B栋5层ibase原点-开放23', '0');
INSERT INTO `eh_organization_address_mappings` (`id`, `organization_id`, `community_id`, `address_id`, `organization_address`, `living_status`) VALUES (18030, 1001600, 240111044331052506, 239825274387100215, '金谷创业园B栋5层ibase原点-开放25', '0');
INSERT INTO `eh_organization_address_mappings` (`id`, `organization_id`, `community_id`, `address_id`, `organization_address`, `living_status`) VALUES (18031, 1001600, 240111044331052506, 239825274387100216, '金谷创业园B栋5层ibase原点-开放26', '0');
INSERT INTO `eh_organization_address_mappings` (`id`, `organization_id`, `community_id`, `address_id`, `organization_address`, `living_status`) VALUES (18032, 1001600, 240111044331052506, 239825274387100217, '金谷创业园B栋5层ibase原点-开放27', '0');
INSERT INTO `eh_organization_address_mappings` (`id`, `organization_id`, `community_id`, `address_id`, `organization_address`, `living_status`) VALUES (18033, 1001600, 240111044331052506, 239825274387100218, '金谷创业园B栋5层ibase原点-开放28', '0');
INSERT INTO `eh_organization_address_mappings` (`id`, `organization_id`, `community_id`, `address_id`, `organization_address`, `living_status`) VALUES (18034, 1001600, 240111044331052506, 239825274387100219, '金谷创业园B栋5层ibase原点-开放29', '0');
INSERT INTO `eh_organization_address_mappings` (`id`, `organization_id`, `community_id`, `address_id`, `organization_address`, `living_status`) VALUES (18035, 1001600, 240111044331052506, 239825274387100220, '金谷创业园B栋5层ibase原点-开放30', '0');
INSERT INTO `eh_organization_address_mappings` (`id`, `organization_id`, `community_id`, `address_id`, `organization_address`, `living_status`) VALUES (18036, 1001600, 240111044331052506, 239825274387100221, '金谷创业园B栋5层ibase原点-开放31', '0');
INSERT INTO `eh_organization_address_mappings` (`id`, `organization_id`, `community_id`, `address_id`, `organization_address`, `living_status`) VALUES (18037, 1001600, 240111044331052506, 239825274387100222, '金谷创业园B栋5层ibase原点-开放32', '0');
INSERT INTO `eh_organization_address_mappings` (`id`, `organization_id`, `community_id`, `address_id`, `organization_address`, `living_status`) VALUES (18038, 1001600, 240111044331052506, 239825274387100223, '金谷创业园B栋5层ibase原点-开放33', '0');
INSERT INTO `eh_organization_address_mappings` (`id`, `organization_id`, `community_id`, `address_id`, `organization_address`, `living_status`) VALUES (18039, 1001600, 240111044331052506, 239825274387100224, '金谷创业园B栋5层ibase原点-502', '0');
INSERT INTO `eh_organization_address_mappings` (`id`, `organization_id`, `community_id`, `address_id`, `organization_address`, `living_status`) VALUES (18040, 1001600, 240111044331052506, 239825274387100225, '金谷创业园B栋5层ibase原点-503', '0');
INSERT INTO `eh_organization_address_mappings` (`id`, `organization_id`, `community_id`, `address_id`, `organization_address`, `living_status`) VALUES (18041, 1001600, 240111044331052506, 239825274387100226, '金谷创业园B栋5层ibase原点-505', '0');
INSERT INTO `eh_organization_address_mappings` (`id`, `organization_id`, `community_id`, `address_id`, `organization_address`, `living_status`) VALUES (18042, 1001600, 240111044331052506, 239825274387100227, '金谷创业园B栋5层ibase原点-506', '0');
INSERT INTO `eh_organization_address_mappings` (`id`, `organization_id`, `community_id`, `address_id`, `organization_address`, `living_status`) VALUES (18043, 1001600, 240111044331052506, 239825274387100228, '金谷创业园B栋5层ibase原点-507', '0');
INSERT INTO `eh_organization_address_mappings` (`id`, `organization_id`, `community_id`, `address_id`, `organization_address`, `living_status`) VALUES (18044, 1001600, 240111044331052506, 239825274387100229, '金谷创业园B栋5层ibase原点-508', '0');
INSERT INTO `eh_organization_address_mappings` (`id`, `organization_id`, `community_id`, `address_id`, `organization_address`, `living_status`) VALUES (18045, 1001600, 240111044331052507, 239825274387100230, '威新软件园7号楼-Unit 1001', '0');
INSERT INTO `eh_organization_address_mappings` (`id`, `organization_id`, `community_id`, `address_id`, `organization_address`, `living_status`) VALUES (18046, 1001600, 240111044331052507, 239825274387100231, '威新软件园7号楼-Unit 1002', '0');
INSERT INTO `eh_organization_address_mappings` (`id`, `organization_id`, `community_id`, `address_id`, `organization_address`, `living_status`) VALUES (18047, 1001600, 240111044331052507, 239825274387100232, '威新软件园7号楼-Unit 1003', '0');
INSERT INTO `eh_organization_address_mappings` (`id`, `organization_id`, `community_id`, `address_id`, `organization_address`, `living_status`) VALUES (18048, 1001600, 240111044331052507, 239825274387100233, '威新软件园7号楼-Unit 1005', '0');
INSERT INTO `eh_organization_address_mappings` (`id`, `organization_id`, `community_id`, `address_id`, `organization_address`, `living_status`) VALUES (18049, 1001600, 240111044331052507, 239825274387100234, '威新软件园7号楼-Unit 1006', '0');
INSERT INTO `eh_organization_address_mappings` (`id`, `organization_id`, `community_id`, `address_id`, `organization_address`, `living_status`) VALUES (18050, 1001600, 240111044331052507, 239825274387100235, '威新软件园7号楼-Unit 1007', '0');
INSERT INTO `eh_organization_address_mappings` (`id`, `organization_id`, `community_id`, `address_id`, `organization_address`, `living_status`) VALUES (18051, 1001600, 240111044331052507, 239825274387100236, '威新软件园7号楼-Unit 1008', '0');
INSERT INTO `eh_organization_address_mappings` (`id`, `organization_id`, `community_id`, `address_id`, `organization_address`, `living_status`) VALUES (18052, 1001600, 240111044331052507, 239825274387100237, '威新软件园7号楼-Unit 2001', '0');
INSERT INTO `eh_organization_address_mappings` (`id`, `organization_id`, `community_id`, `address_id`, `organization_address`, `living_status`) VALUES (18053, 1001600, 240111044331052507, 239825274387100238, '威新软件园7号楼-Unit 2005', '0');
INSERT INTO `eh_organization_address_mappings` (`id`, `organization_id`, `community_id`, `address_id`, `organization_address`, `living_status`) VALUES (18054, 1001600, 240111044331052507, 239825274387100239, '威新软件园7号楼-Unit 2006', '0');
INSERT INTO `eh_organization_address_mappings` (`id`, `organization_id`, `community_id`, `address_id`, `organization_address`, `living_status`) VALUES (18055, 1001600, 240111044331052507, 239825274387100240, '威新软件园7号楼-Unit 2007', '0');
INSERT INTO `eh_organization_address_mappings` (`id`, `organization_id`, `community_id`, `address_id`, `organization_address`, `living_status`) VALUES (18056, 1001600, 240111044331052507, 239825274387100241, '威新软件园7号楼-Unit 2008', '0');
INSERT INTO `eh_organization_address_mappings` (`id`, `organization_id`, `community_id`, `address_id`, `organization_address`, `living_status`) VALUES (18057, 1001600, 240111044331052507, 239825274387100242, '威新软件园7号楼-Unit 2010', '0');
INSERT INTO `eh_organization_address_mappings` (`id`, `organization_id`, `community_id`, `address_id`, `organization_address`, `living_status`) VALUES (18058, 1001600, 240111044331052507, 239825274387100243, '威新软件园7号楼-Unit 2012', '0');
INSERT INTO `eh_organization_address_mappings` (`id`, `organization_id`, `community_id`, `address_id`, `organization_address`, `living_status`) VALUES (18059, 1001600, 240111044331052507, 239825274387100244, '威新软件园7号楼-Unit 2015', '0');
INSERT INTO `eh_organization_address_mappings` (`id`, `organization_id`, `community_id`, `address_id`, `organization_address`, `living_status`) VALUES (18060, 1001600, 240111044331052507, 239825274387100245, '威新软件园7号楼-Unit 2016', '0');
INSERT INTO `eh_organization_address_mappings` (`id`, `organization_id`, `community_id`, `address_id`, `organization_address`, `living_status`) VALUES (18061, 1001600, 240111044331052507, 239825274387100246, '威新软件园7号楼-Unit 2017', '0');
INSERT INTO `eh_organization_address_mappings` (`id`, `organization_id`, `community_id`, `address_id`, `organization_address`, `living_status`) VALUES (18062, 1001600, 240111044331052507, 239825274387100247, '威新软件园7号楼-Unit 2018', '0');
INSERT INTO `eh_organization_address_mappings` (`id`, `organization_id`, `community_id`, `address_id`, `organization_address`, `living_status`) VALUES (18063, 1001600, 240111044331052507, 239825274387100248, '威新软件园7号楼-Unit 2020', '0');
INSERT INTO `eh_organization_address_mappings` (`id`, `organization_id`, `community_id`, `address_id`, `organization_address`, `living_status`) VALUES (18064, 1001600, 240111044331052507, 239825274387100249, '威新软件园7号楼-Unit 2030', '0');
INSERT INTO `eh_organization_address_mappings` (`id`, `organization_id`, `community_id`, `address_id`, `organization_address`, `living_status`) VALUES (18065, 1001600, 240111044331052507, 239825274387100250, '威新软件园7号楼-Unit 2031', '0');
INSERT INTO `eh_organization_address_mappings` (`id`, `organization_id`, `community_id`, `address_id`, `organization_address`, `living_status`) VALUES (18066, 1001600, 240111044331052507, 239825274387100251, '威新软件园7号楼-Unit 2032', '0');
INSERT INTO `eh_organization_address_mappings` (`id`, `organization_id`, `community_id`, `address_id`, `organization_address`, `living_status`) VALUES (18067, 1001600, 240111044331052507, 239825274387100252, '威新软件园7号楼-Unit 2033', '0');
INSERT INTO `eh_organization_address_mappings` (`id`, `organization_id`, `community_id`, `address_id`, `organization_address`, `living_status`) VALUES (18068, 1001600, 240111044331052507, 239825274387100253, '威新软件园7号楼-Unit 2035', '0');
INSERT INTO `eh_organization_address_mappings` (`id`, `organization_id`, `community_id`, `address_id`, `organization_address`, `living_status`) VALUES (18069, 1001600, 240111044331052507, 239825274387100254, '威新软件园7号楼-Unit 2036', '0');
INSERT INTO `eh_organization_address_mappings` (`id`, `organization_id`, `community_id`, `address_id`, `organization_address`, `living_status`) VALUES (18070, 1001600, 240111044331052507, 239825274387100255, '威新软件园7号楼-Unit 2037', '0');
INSERT INTO `eh_organization_address_mappings` (`id`, `organization_id`, `community_id`, `address_id`, `organization_address`, `living_status`) VALUES (18071, 1001600, 240111044331052507, 239825274387100256, '威新软件园7号楼-Unit 2038', '0');
INSERT INTO `eh_organization_address_mappings` (`id`, `organization_id`, `community_id`, `address_id`, `organization_address`, `living_status`) VALUES (18072, 1001600, 240111044331052507, 239825274387100257, '威新软件园7号楼-Unit 2039', '0');
INSERT INTO `eh_organization_address_mappings` (`id`, `organization_id`, `community_id`, `address_id`, `organization_address`, `living_status`) VALUES (18073, 1001600, 240111044331052507, 239825274387100258, '威新软件园7号楼-Unit 2050', '0');
INSERT INTO `eh_organization_address_mappings` (`id`, `organization_id`, `community_id`, `address_id`, `organization_address`, `living_status`) VALUES (18074, 1001600, 240111044331052507, 239825274387100259, '威新软件园7号楼-Unit 2051', '0');
INSERT INTO `eh_organization_address_mappings` (`id`, `organization_id`, `community_id`, `address_id`, `organization_address`, `living_status`) VALUES (18075, 1001600, 240111044331052507, 239825274387100260, '威新软件园7号楼-Unit 2052', '0');
INSERT INTO `eh_organization_address_mappings` (`id`, `organization_id`, `community_id`, `address_id`, `organization_address`, `living_status`) VALUES (18076, 1001600, 240111044331052507, 239825274387100261, '威新软件园7号楼-Unit 2053', '0');
INSERT INTO `eh_organization_address_mappings` (`id`, `organization_id`, `community_id`, `address_id`, `organization_address`, `living_status`) VALUES (18077, 1001600, 240111044331052507, 239825274387100262, '威新软件园7号楼-Unit 2055', '0');
INSERT INTO `eh_organization_address_mappings` (`id`, `organization_id`, `community_id`, `address_id`, `organization_address`, `living_status`) VALUES (18078, 1001600, 240111044331052507, 239825274387100263, '威新软件园7号楼-Unit 2056', '0');
INSERT INTO `eh_organization_address_mappings` (`id`, `organization_id`, `community_id`, `address_id`, `organization_address`, `living_status`) VALUES (18079, 1001600, 240111044331052507, 239825274387100264, '威新软件园7号楼-Unit 2060', '0');
INSERT INTO `eh_organization_address_mappings` (`id`, `organization_id`, `community_id`, `address_id`, `organization_address`, `living_status`) VALUES (18080, 1001600, 240111044331052507, 239825274387100265, '威新软件园7号楼-Unit 2062', '0');
INSERT INTO `eh_organization_address_mappings` (`id`, `organization_id`, `community_id`, `address_id`, `organization_address`, `living_status`) VALUES (18081, 1001600, 240111044331052507, 239825274387100266, '威新软件园7号楼-Unit 2063', '0');
INSERT INTO `eh_organization_address_mappings` (`id`, `organization_id`, `community_id`, `address_id`, `organization_address`, `living_status`) VALUES (18082, 1001600, 240111044331052507, 239825274387100267, '威新软件园7号楼-Unit 2066', '0');
INSERT INTO `eh_organization_address_mappings` (`id`, `organization_id`, `community_id`, `address_id`, `organization_address`, `living_status`) VALUES (18083, 1001600, 240111044331052507, 239825274387100268, '威新软件园7号楼-Unit 2073', '0');
INSERT INTO `eh_organization_address_mappings` (`id`, `organization_id`, `community_id`, `address_id`, `organization_address`, `living_status`) VALUES (18084, 1001600, 240111044331052507, 239825274387100269, '威新软件园7号楼-Unit 2076', '0');
INSERT INTO `eh_organization_address_mappings` (`id`, `organization_id`, `community_id`, `address_id`, `organization_address`, `living_status`) VALUES (18085, 1001600, 240111044331052507, 239825274387100270, '威新软件园7号楼-Unit 2081', '0');
INSERT INTO `eh_organization_address_mappings` (`id`, `organization_id`, `community_id`, `address_id`, `organization_address`, `living_status`) VALUES (18086, 1001600, 240111044331052507, 239825274387100271, '威新软件园7号楼-Unit 2082', '0');
INSERT INTO `eh_organization_address_mappings` (`id`, `organization_id`, `community_id`, `address_id`, `organization_address`, `living_status`) VALUES (18087, 1001600, 240111044331052507, 239825274387100272, '威新软件园7号楼-Unit 2083', '0');
INSERT INTO `eh_organization_address_mappings` (`id`, `organization_id`, `community_id`, `address_id`, `organization_address`, `living_status`) VALUES (18088, 1001600, 240111044331052507, 239825274387100273, '威新软件园7号楼-Unit 2085', '0');
INSERT INTO `eh_organization_address_mappings` (`id`, `organization_id`, `community_id`, `address_id`, `organization_address`, `living_status`) VALUES (18089, 1001600, 240111044331052507, 239825274387100274, '威新软件园7号楼-Unit 2086', '0');
INSERT INTO `eh_organization_address_mappings` (`id`, `organization_id`, `community_id`, `address_id`, `organization_address`, `living_status`) VALUES (18090, 1001600, 240111044331052507, 239825274387100275, '威新软件园7号楼-Unit 2087', '0');
INSERT INTO `eh_organization_address_mappings` (`id`, `organization_id`, `community_id`, `address_id`, `organization_address`, `living_status`) VALUES (18091, 1001600, 240111044331052507, 239825274387100276, '威新软件园7号楼-Unit 2088', '0');
INSERT INTO `eh_organization_address_mappings` (`id`, `organization_id`, `community_id`, `address_id`, `organization_address`, `living_status`) VALUES (18092, 1001600, 240111044331052507, 239825274387100277, '威新软件园7号楼-Unit 2090', '0');
INSERT INTO `eh_organization_address_mappings` (`id`, `organization_id`, `community_id`, `address_id`, `organization_address`, `living_status`) VALUES (18093, 1001600, 240111044331052507, 239825274387100278, '威新软件园7号楼-Unit 2092', '0');
INSERT INTO `eh_organization_address_mappings` (`id`, `organization_id`, `community_id`, `address_id`, `organization_address`, `living_status`) VALUES (18094, 1001600, 240111044331052507, 239825274387100279, '威新软件园7号楼-Unit 2093', '0');
INSERT INTO `eh_organization_address_mappings` (`id`, `organization_id`, `community_id`, `address_id`, `organization_address`, `living_status`) VALUES (18095, 1001600, 240111044331052507, 239825274387100280, '威新软件园7号楼-Unit 2095', '0');
INSERT INTO `eh_organization_address_mappings` (`id`, `organization_id`, `community_id`, `address_id`, `organization_address`, `living_status`) VALUES (18096, 1001600, 240111044331052507, 239825274387100281, '威新软件园7号楼-Unit 2096', '0');
INSERT INTO `eh_organization_address_mappings` (`id`, `organization_id`, `community_id`, `address_id`, `organization_address`, `living_status`) VALUES (18097, 1001600, 240111044331052507, 239825274387100282, '威新软件园7号楼-Unit 2097', '0');
INSERT INTO `eh_organization_address_mappings` (`id`, `organization_id`, `community_id`, `address_id`, `organization_address`, `living_status`) VALUES (18098, 1001600, 240111044331052507, 239825274387100283, '威新软件园7号楼-Unit 2098', '0');
INSERT INTO `eh_organization_address_mappings` (`id`, `organization_id`, `community_id`, `address_id`, `organization_address`, `living_status`) VALUES (18099, 1001600, 240111044331052507, 239825274387100284, '威新软件园7号楼-Unit 2099', '0');
INSERT INTO `eh_organization_address_mappings` (`id`, `organization_id`, `community_id`, `address_id`, `organization_address`, `living_status`) VALUES (18100, 1001600, 240111044331052507, 239825274387100285, '威新软件园7号楼-Unit 2100', '0');
INSERT INTO `eh_organization_address_mappings` (`id`, `organization_id`, `community_id`, `address_id`, `organization_address`, `living_status`) VALUES (18101, 1001600, 240111044331052507, 239825274387100286, '威新软件园7号楼-Unit 2101', '0');
INSERT INTO `eh_organization_address_mappings` (`id`, `organization_id`, `community_id`, `address_id`, `organization_address`, `living_status`) VALUES (18102, 1001600, 240111044331052507, 239825274387100287, '威新软件园7号楼-Unit 2102', '0');
INSERT INTO `eh_organization_address_mappings` (`id`, `organization_id`, `community_id`, `address_id`, `organization_address`, `living_status`) VALUES (18103, 1001600, 240111044331052507, 239825274387100288, '威新软件园7号楼-Unit 2103', '0');
INSERT INTO `eh_organization_address_mappings` (`id`, `organization_id`, `community_id`, `address_id`, `organization_address`, `living_status`) VALUES (18104, 1001600, 240111044331052507, 239825274387100289, '威新软件园7号楼-Unit 2078', '0');
INSERT INTO `eh_organization_address_mappings` (`id`, `organization_id`, `community_id`, `address_id`, `organization_address`, `living_status`) VALUES (18105, 1001600, 240111044331052507, 239825274387100290, '威新软件园7号楼-Unit 2116', '0');
INSERT INTO `eh_organization_address_mappings` (`id`, `organization_id`, `community_id`, `address_id`, `organization_address`, `living_status`) VALUES (18106, 1001600, 240111044331052507, 239825274387100291, '威新软件园7号楼-Unit 2117', '0');
INSERT INTO `eh_organization_address_mappings` (`id`, `organization_id`, `community_id`, `address_id`, `organization_address`, `living_status`) VALUES (18107, 1001600, 240111044331052507, 239825274387100292, '威新软件园7号楼-O-01', '0');
INSERT INTO `eh_organization_address_mappings` (`id`, `organization_id`, `community_id`, `address_id`, `organization_address`, `living_status`) VALUES (18108, 1001600, 240111044331052507, 239825274387100293, '威新软件园7号楼-O-02', '0');
INSERT INTO `eh_organization_address_mappings` (`id`, `organization_id`, `community_id`, `address_id`, `organization_address`, `living_status`) VALUES (18109, 1001600, 240111044331052507, 239825274387100294, '威新软件园7号楼-O-03', '0');
INSERT INTO `eh_organization_address_mappings` (`id`, `organization_id`, `community_id`, `address_id`, `organization_address`, `living_status`) VALUES (18110, 1001600, 240111044331052507, 239825274387100295, '威新软件园7号楼-O-05', '0');
INSERT INTO `eh_organization_address_mappings` (`id`, `organization_id`, `community_id`, `address_id`, `organization_address`, `living_status`) VALUES (18111, 1001600, 240111044331052507, 239825274387100296, '威新软件园7号楼-O-06', '0');
INSERT INTO `eh_organization_address_mappings` (`id`, `organization_id`, `community_id`, `address_id`, `organization_address`, `living_status`) VALUES (18112, 1001600, 240111044331052507, 239825274387100297, '威新软件园7号楼-O-07', '0');
INSERT INTO `eh_organization_address_mappings` (`id`, `organization_id`, `community_id`, `address_id`, `organization_address`, `living_status`) VALUES (18113, 1001600, 240111044331052507, 239825274387100298, '威新软件园7号楼-O-08', '0');
INSERT INTO `eh_organization_address_mappings` (`id`, `organization_id`, `community_id`, `address_id`, `organization_address`, `living_status`) VALUES (18114, 1001600, 240111044331052507, 239825274387100299, '威新软件园7号楼-O-09', '0');
INSERT INTO `eh_organization_address_mappings` (`id`, `organization_id`, `community_id`, `address_id`, `organization_address`, `living_status`) VALUES (18115, 1001600, 240111044331052507, 239825274387100300, '威新软件园7号楼-O-10', '0');
INSERT INTO `eh_organization_address_mappings` (`id`, `organization_id`, `community_id`, `address_id`, `organization_address`, `living_status`) VALUES (18116, 1001600, 240111044331052507, 239825274387100301, '威新软件园7号楼-O-11', '0');
INSERT INTO `eh_organization_address_mappings` (`id`, `organization_id`, `community_id`, `address_id`, `organization_address`, `living_status`) VALUES (18117, 1001600, 240111044331052507, 239825274387100302, '威新软件园7号楼-O-12', '0');
INSERT INTO `eh_organization_address_mappings` (`id`, `organization_id`, `community_id`, `address_id`, `organization_address`, `living_status`) VALUES (18118, 1001600, 240111044331052507, 239825274387100303, '威新软件园7号楼-O-15', '0');
INSERT INTO `eh_organization_address_mappings` (`id`, `organization_id`, `community_id`, `address_id`, `organization_address`, `living_status`) VALUES (18119, 1001600, 240111044331052507, 239825274387100304, '威新软件园7号楼-O-16', '0');
INSERT INTO `eh_organization_address_mappings` (`id`, `organization_id`, `community_id`, `address_id`, `organization_address`, `living_status`) VALUES (18120, 1001600, 240111044331052507, 239825274387100305, '威新软件园7号楼-O-17', '0');
INSERT INTO `eh_organization_address_mappings` (`id`, `organization_id`, `community_id`, `address_id`, `organization_address`, `living_status`) VALUES (18121, 1001600, 240111044331052507, 239825274387100306, '威新软件园7号楼-O-18', '0');
INSERT INTO `eh_organization_address_mappings` (`id`, `organization_id`, `community_id`, `address_id`, `organization_address`, `living_status`) VALUES (18122, 1001600, 240111044331052508, 239825274387100307, '竹盛花园三期裙楼-Unit 201', '0');
INSERT INTO `eh_organization_address_mappings` (`id`, `organization_id`, `community_id`, `address_id`, `organization_address`, `living_status`) VALUES (18123, 1001600, 240111044331052508, 239825274387100308, '竹盛花园三期裙楼-Unit 202', '0');
INSERT INTO `eh_organization_address_mappings` (`id`, `organization_id`, `community_id`, `address_id`, `organization_address`, `living_status`) VALUES (18124, 1001600, 240111044331052508, 239825274387100309, '竹盛花园三期裙楼-Unit 203', '0');
INSERT INTO `eh_organization_address_mappings` (`id`, `organization_id`, `community_id`, `address_id`, `organization_address`, `living_status`) VALUES (18125, 1001600, 240111044331052508, 239825274387100310, '竹盛花园三期裙楼-Unit 205', '0');
INSERT INTO `eh_organization_address_mappings` (`id`, `organization_id`, `community_id`, `address_id`, `organization_address`, `living_status`) VALUES (18126, 1001600, 240111044331052508, 239825274387100311, '竹盛花园三期裙楼-Unit 206', '0');
INSERT INTO `eh_organization_address_mappings` (`id`, `organization_id`, `community_id`, `address_id`, `organization_address`, `living_status`) VALUES (18127, 1001600, 240111044331052508, 239825274387100312, '竹盛花园三期裙楼-Unit 207', '0');
INSERT INTO `eh_organization_address_mappings` (`id`, `organization_id`, `community_id`, `address_id`, `organization_address`, `living_status`) VALUES (18128, 1001600, 240111044331052508, 239825274387100313, '竹盛花园三期裙楼-Unit 208', '0');
INSERT INTO `eh_organization_address_mappings` (`id`, `organization_id`, `community_id`, `address_id`, `organization_address`, `living_status`) VALUES (18129, 1001600, 240111044331052508, 239825274387100314, '竹盛花园三期裙楼-Unit 209', '0');
INSERT INTO `eh_organization_address_mappings` (`id`, `organization_id`, `community_id`, `address_id`, `organization_address`, `living_status`) VALUES (18130, 1001600, 240111044331052508, 239825274387100315, '竹盛花园三期裙楼-Unit 210', '0');
INSERT INTO `eh_organization_address_mappings` (`id`, `organization_id`, `community_id`, `address_id`, `organization_address`, `living_status`) VALUES (18131, 1001600, 240111044331052508, 239825274387100316, '竹盛花园三期裙楼-Unit 211', '0');
INSERT INTO `eh_organization_address_mappings` (`id`, `organization_id`, `community_id`, `address_id`, `organization_address`, `living_status`) VALUES (18132, 1001600, 240111044331052508, 239825274387100317, '竹盛花园三期裙楼-Unit 212', '0');
INSERT INTO `eh_organization_address_mappings` (`id`, `organization_id`, `community_id`, `address_id`, `organization_address`, `living_status`) VALUES (18133, 1001600, 240111044331052508, 239825274387100318, '竹盛花园三期裙楼-Unit 215', '0');
INSERT INTO `eh_organization_address_mappings` (`id`, `organization_id`, `community_id`, `address_id`, `organization_address`, `living_status`) VALUES (18134, 1001600, 240111044331052508, 239825274387100319, '竹盛花园三期裙楼-Unit 216', '0');
INSERT INTO `eh_organization_address_mappings` (`id`, `organization_id`, `community_id`, `address_id`, `organization_address`, `living_status`) VALUES (18135, 1001600, 240111044331052508, 239825274387100320, '竹盛花园三期裙楼-Unit 217', '0');
INSERT INTO `eh_organization_address_mappings` (`id`, `organization_id`, `community_id`, `address_id`, `organization_address`, `living_status`) VALUES (18136, 1001600, 240111044331052508, 239825274387100321, '竹盛花园三期裙楼-Unit 218', '0');
INSERT INTO `eh_organization_address_mappings` (`id`, `organization_id`, `community_id`, `address_id`, `organization_address`, `living_status`) VALUES (18137, 1001600, 240111044331052508, 239825274387100322, '竹盛花园三期裙楼-Unit 302', '0');
INSERT INTO `eh_organization_address_mappings` (`id`, `organization_id`, `community_id`, `address_id`, `organization_address`, `living_status`) VALUES (18138, 1001600, 240111044331052508, 239825274387100323, '竹盛花园三期裙楼-Unit 303', '0');
INSERT INTO `eh_organization_address_mappings` (`id`, `organization_id`, `community_id`, `address_id`, `organization_address`, `living_status`) VALUES (18139, 1001600, 240111044331052508, 239825274387100324, '竹盛花园三期裙楼-Unit 305', '0');
INSERT INTO `eh_organization_address_mappings` (`id`, `organization_id`, `community_id`, `address_id`, `organization_address`, `living_status`) VALUES (18140, 1001600, 240111044331052508, 239825274387100325, '竹盛花园三期裙楼-Unit 306', '0');
INSERT INTO `eh_organization_address_mappings` (`id`, `organization_id`, `community_id`, `address_id`, `organization_address`, `living_status`) VALUES (18141, 1001600, 240111044331052508, 239825274387100326, '竹盛花园三期裙楼-Unit 307', '0');
INSERT INTO `eh_organization_address_mappings` (`id`, `organization_id`, `community_id`, `address_id`, `organization_address`, `living_status`) VALUES (18142, 1001600, 240111044331052508, 239825274387100327, '竹盛花园三期裙楼-Unit 308', '0');
INSERT INTO `eh_organization_address_mappings` (`id`, `organization_id`, `community_id`, `address_id`, `organization_address`, `living_status`) VALUES (18143, 1001600, 240111044331052508, 239825274387100328, '竹盛花园三期裙楼-Unit 309', '0');
INSERT INTO `eh_organization_address_mappings` (`id`, `organization_id`, `community_id`, `address_id`, `organization_address`, `living_status`) VALUES (18144, 1001600, 240111044331052508, 239825274387100329, '竹盛花园三期裙楼-Unit 310', '0');
INSERT INTO `eh_organization_address_mappings` (`id`, `organization_id`, `community_id`, `address_id`, `organization_address`, `living_status`) VALUES (18145, 1001600, 240111044331052508, 239825274387100330, '竹盛花园三期裙楼-Unit 311', '0');
INSERT INTO `eh_organization_address_mappings` (`id`, `organization_id`, `community_id`, `address_id`, `organization_address`, `living_status`) VALUES (18146, 1001600, 240111044331052508, 239825274387100331, '竹盛花园三期裙楼-Unit 312', '0');
INSERT INTO `eh_organization_address_mappings` (`id`, `organization_id`, `community_id`, `address_id`, `organization_address`, `living_status`) VALUES (18147, 1001600, 240111044331052508, 239825274387100332, '竹盛花园三期裙楼-Unit 315', '0');
INSERT INTO `eh_organization_address_mappings` (`id`, `organization_id`, `community_id`, `address_id`, `organization_address`, `living_status`) VALUES (18148, 1001600, 240111044331052508, 239825274387100333, '竹盛花园三期裙楼-Unit 316', '0');
INSERT INTO `eh_organization_address_mappings` (`id`, `organization_id`, `community_id`, `address_id`, `organization_address`, `living_status`) VALUES (18149, 1001600, 240111044331052508, 239825274387100334, '竹盛花园三期裙楼-Unit 318', '0');
INSERT INTO `eh_organization_address_mappings` (`id`, `organization_id`, `community_id`, `address_id`, `organization_address`, `living_status`) VALUES (18150, 1001600, 240111044331052508, 239825274387100335, '竹盛花园三期裙楼-Unit 319', '0');
INSERT INTO `eh_organization_address_mappings` (`id`, `organization_id`, `community_id`, `address_id`, `organization_address`, `living_status`) VALUES (18151, 1001600, 240111044331052508, 239825274387100336, '竹盛花园三期裙楼-Unit 320', '0');
INSERT INTO `eh_organization_address_mappings` (`id`, `organization_id`, `community_id`, `address_id`, `organization_address`, `living_status`) VALUES (18152, 1001600, 240111044331052508, 239825274387100337, '竹盛花园三期裙楼-Unit 321', '0');
INSERT INTO `eh_organization_address_mappings` (`id`, `organization_id`, `community_id`, `address_id`, `organization_address`, `living_status`) VALUES (18153, 1001600, 240111044331052508, 239825274387100338, '竹盛花园三期裙楼-Unit 322', '0');
INSERT INTO `eh_organization_address_mappings` (`id`, `organization_id`, `community_id`, `address_id`, `organization_address`, `living_status`) VALUES (18154, 1001600, 240111044331052508, 239825274387100339, '竹盛花园三期裙楼-Unit 323', '0');
INSERT INTO `eh_organization_address_mappings` (`id`, `organization_id`, `community_id`, `address_id`, `organization_address`, `living_status`) VALUES (18155, 1001600, 240111044331052508, 239825274387100340, '竹盛花园三期裙楼-Unit 325', '0');
INSERT INTO `eh_organization_address_mappings` (`id`, `organization_id`, `community_id`, `address_id`, `organization_address`, `living_status`) VALUES (18156, 1001600, 240111044331052508, 239825274387100341, '竹盛花园三期裙楼-Unit 326', '0');
INSERT INTO `eh_organization_address_mappings` (`id`, `organization_id`, `community_id`, `address_id`, `organization_address`, `living_status`) VALUES (18157, 1001600, 240111044331052508, 239825274387100342, '竹盛花园三期裙楼-Unit 327', '0');
INSERT INTO `eh_organization_address_mappings` (`id`, `organization_id`, `community_id`, `address_id`, `organization_address`, `living_status`) VALUES (18158, 1001600, 240111044331052508, 239825274387100343, '竹盛花园三期裙楼-Unit 328', '0');
INSERT INTO `eh_organization_address_mappings` (`id`, `organization_id`, `community_id`, `address_id`, `organization_address`, `living_status`) VALUES (18159, 1001600, 240111044331052508, 239825274387100344, '竹盛花园三期裙楼-Unit 329', '0');
INSERT INTO `eh_organization_address_mappings` (`id`, `organization_id`, `community_id`, `address_id`, `organization_address`, `living_status`) VALUES (18160, 1001600, 240111044331052508, 239825274387100345, '竹盛花园三期裙楼-Unit 330', '0');
   
    
-- 活动类型 by lqs 20160712
INSERT INTO `eh_categories` (`id`, `parent_id`, `link_id`, `name`, `path`, `default_order`, `status`, `create_time`, `delete_time`, `logo_uri`, `description`, `namespace_id`) 
	VALUES(200881, 4, 0, '科技大讲堂', '活动/科技大讲堂', 0, 2, '2016-07-12 20:37:24', NULL, NULL, NULL, 999989);
INSERT INTO `eh_categories` (`id`, `parent_id`, `link_id`, `name`, `path`, `default_order`, `status`, `create_time`, `delete_time`, `logo_uri`, `description`, `namespace_id`) 
	VALUES(200882, 4, 0, '项目对接会', '活动/项目对接会', 0, 2, '2016-07-12 20:37:24', NULL, NULL, NULL, 999989);
INSERT INTO `eh_categories` (`id`, `parent_id`, `link_id`, `name`, `path`, `default_order`, `status`, `create_time`, `delete_time`, `logo_uri`, `description`, `namespace_id`) 
	VALUES(200883, 4, 0, '总裁沙龙', '活动/总裁沙龙', 0, 2, '2016-07-12 20:37:24', NULL, NULL, NULL, 999989);
INSERT INTO `eh_categories` (`id`, `parent_id`, `link_id`, `name`, `path`, `default_order`, `status`, `create_time`, `delete_time`, `logo_uri`, `description`, `namespace_id`) 
	VALUES(200884, 4, 0, '创客', '活动/创客', 0, 2, '2016-07-12 20:37:24', NULL, NULL, NULL, 999989);
INSERT INTO `eh_categories` (`id`, `parent_id`, `link_id`, `name`, `path`, `default_order`, `status`, `create_time`, `delete_time`, `logo_uri`, `description`, `namespace_id`) 
	VALUES(200885, 4, 0, '联谊', '活动/联谊', 0, 2, '2016-07-12 20:37:24', NULL, NULL, NULL, 999989);
INSERT INTO `eh_categories` (`id`, `parent_id`, `link_id`, `name`, `path`, `default_order`, `status`, `create_time`, `delete_time`, `logo_uri`, `description`, `namespace_id`) 
	VALUES(200886, 4, 0, '其他', '活动/其他', 0, 2, '2016-07-12 20:37:24', NULL, NULL, NULL, 999989);    
  




  
    
    
    
-- 去掉菜单 by sfyan 20160711 
set @menu_scope_id = (SELECT MAX(id) FROM `eh_web_menu_scopes`);
INSERT INTO `eh_web_menu_scopes`(`id`, `menu_id`,`menu_name`, `owner_type`, `owner_id`, `apply_policy`) VALUES( (@menu_scope_id := @menu_scope_id + 1), 41000,'', 'EhNamespaces', 999989 , 0);
INSERT INTO `eh_web_menu_scopes`(`id`, `menu_id`,`menu_name`, `owner_type`, `owner_id`, `apply_policy`) VALUES( (@menu_scope_id := @menu_scope_id + 1), 43600,'', 'EhNamespaces', 999989 , 0);
INSERT INTO `eh_web_menu_scopes`(`id`, `menu_id`,`menu_name`, `owner_type`, `owner_id`, `apply_policy`) VALUES( (@menu_scope_id := @menu_scope_id + 1), 45000,'', 'EhNamespaces', 999989 , 0);
INSERT INTO `eh_web_menu_scopes`(`id`, `menu_id`,`menu_name`, `owner_type`, `owner_id`, `apply_policy`) VALUES( (@menu_scope_id := @menu_scope_id + 1), 43500,'', 'EhNamespaces', 999989 , 0);
INSERT INTO `eh_web_menu_scopes`(`id`, `menu_id`,`menu_name`, `owner_type`, `owner_id`, `apply_policy`) VALUES( (@menu_scope_id := @menu_scope_id + 1), 48000,'', 'EhNamespaces', 999989 , 0);
INSERT INTO `eh_web_menu_scopes`(`id`, `menu_id`,`menu_name`, `owner_type`, `owner_id`, `apply_policy`) VALUES( (@menu_scope_id := @menu_scope_id + 1), 46100,'', 'EhNamespaces', 999989 , 0);



-- 添加物业服务 item layout add by sw 20170303
SET @id = (SELECT max(id) FROM `eh_launch_pad_layouts`);    
INSERT INTO `eh_launch_pad_layouts` (`id`, `namespace_id`, `name`, `layout_json`, `version_code`, `min_version_code`, `status`, `create_time`, `scene_type`, `scope_code`, `scope_id`, `apply_policy`) 
	VALUES ((@id := @id + 1), '999989', 'PmLayout', '{\"versionCode\":\"2017030301\",\"versionName\":\"3.0.0\",\"displayName\":\"物业\",\"layoutName\":\"PmLayout\",\"groups\":[{\"groupName\":\"\",\"widget\":\"Navigator\",\"instanceConfig\":{\"itemGroup\":\"GaActions\"},\"style\":\"Default\",\"defaultOrder\":2,\"separatorFlag\":1,\"separatorHeight\":21,\"columnCount\":4},{\"groupName\":\"\",\"widget\":\"Posts\",\"instanceConfig\":{\"itemGroup\":\"GaPosts\"},\"style\":\"Default\",\"defaultOrder\":3,\"separatorFlag\":0,\"separatorHeight\":0},{\"groupName\":\"CallPhone\",\"widget\":\"CallPhones\",\"instanceConfig\":{\"itemGroup\":\"CallPhones\",\"position\":\"bottom\"},\"style\":\"Default\",\"defaultOrder\":3,\"separatorFlag\":0,\"separatorHeight\":0}]}', '2017030301', '2015061701', '2', '2015-06-27 14:04:57', 'park_tourist', '0', '0', '0');
INSERT INTO `eh_launch_pad_layouts` (`id`, `namespace_id`, `name`, `layout_json`, `version_code`, `min_version_code`, `status`, `create_time`, `scene_type`, `scope_code`, `scope_id`, `apply_policy`) 
	VALUES ((@id := @id + 1), '999989', 'PmLayout', '{\"versionCode\":\"2017030301\",\"versionName\":\"3.0.0\",\"displayName\":\"物业\",\"layoutName\":\"PmLayout\",\"groups\":[{\"groupName\":\"\",\"widget\":\"Navigator\",\"instanceConfig\":{\"itemGroup\":\"GaActions\"},\"style\":\"Default\",\"defaultOrder\":2,\"separatorFlag\":1,\"separatorHeight\":21,\"columnCount\":4},{\"groupName\":\"\",\"widget\":\"Posts\",\"instanceConfig\":{\"itemGroup\":\"GaPosts\"},\"style\":\"Default\",\"defaultOrder\":3,\"separatorFlag\":0,\"separatorHeight\":0},{\"groupName\":\"CallPhone\",\"widget\":\"CallPhones\",\"instanceConfig\":{\"itemGroup\":\"CallPhones\",\"position\":\"bottom\"},\"style\":\"Default\",\"defaultOrder\":3,\"separatorFlag\":0,\"separatorHeight\":0}]}', '2017030301', '2015061701', '2', '2015-06-27 14:04:57', 'pm_admin', '0', '0', '0');


SET @sa_id = (SELECT max(id) FROM `eh_launch_pad_items`);    
INSERT INTO `eh_launch_pad_items` (`id`, `namespace_id`, `app_id`, `scope_code`, `scope_id`, `item_location`, `item_group`, `item_name`, `item_label`, `icon_uri`, `item_width`, `item_height`, `action_type`, `action_data`, `default_order`, `apply_policy`, `min_version`, `display_flag`, `display_layout`, `bgcolor`, `tag`, `target_type`, `target_id`, `delete_flag`, `scene_type`, `scale_type`, `service_categry_id`, `selected_icon_uri`) VALUES ((@sa_id := @sa_id + 1), '999989', '0', '0', '0', '/home/Pm', 'GaActions', 'ADVISE', '投诉建议', 'cs://1/image/aW1hZ2UvTVRvMVl6aGlOekkxT0dGbVlXSTBZbVZtTURjMU5EQmtOMkU0WmpCbU1tSXpOdw', '1', '1', '19', '{\"contentCategory\":1006,\"actionCategory\":0,\"forumId\":180051,\"targetEntityTag\":\"PM\",\"embedAppId\":27,\"visibleRegionType\":0}', '0', '0', '1', '1', '', '0', NULL, NULL, NULL, '0', 'pm_admin', '1', NULL, NULL);
INSERT INTO `eh_launch_pad_items` (`id`, `namespace_id`, `app_id`, `scope_code`, `scope_id`, `item_location`, `item_group`, `item_name`, `item_label`, `icon_uri`, `item_width`, `item_height`, `action_type`, `action_data`, `default_order`, `apply_policy`, `min_version`, `display_flag`, `display_layout`, `bgcolor`, `tag`, `target_type`, `target_id`, `delete_flag`, `scene_type`, `scale_type`, `service_categry_id`, `selected_icon_uri`) VALUES ((@sa_id := @sa_id + 1), '999989', '0', '0', '0', '/home/Pm', 'GaPosts', 'ADVISE', '投诉建议', NULL, '1', '1', '15', '{\"contentCategory\":1006,\"actionCategory\":0,\"forumId\":180051,\"embedAppId\":27,\"entityTag\":\"PM\"}', '0', '0', '1', '1', '', '0', NULL, NULL, NULL, '0', 'pm_admin', '1', NULL, NULL);
INSERT INTO `eh_launch_pad_items` (`id`, `namespace_id`, `app_id`, `scope_code`, `scope_id`, `item_location`, `item_group`, `item_name`, `item_label`, `icon_uri`, `item_width`, `item_height`, `action_type`, `action_data`, `default_order`, `apply_policy`, `min_version`, `display_flag`, `display_layout`, `bgcolor`, `tag`, `target_type`, `target_id`, `delete_flag`, `scene_type`, `scale_type`, `service_categry_id`, `selected_icon_uri`) VALUES ((@sa_id := @sa_id + 1), '999989', '0', '0', '0', '/home/Pm', 'GaActions', 'ADVISE', '投诉建议', 'cs://1/image/aW1hZ2UvTVRvMVl6aGlOekkxT0dGbVlXSTBZbVZtTURjMU5EQmtOMkU0WmpCbU1tSXpOdw', '1', '1', '19', '{\"contentCategory\":1006,\"actionCategory\":0,\"forumId\":180051,\"targetEntityTag\":\"PM\",\"embedAppId\":27,\"visibleRegionType\":0}', '0', '0', '1', '1', '', '0', NULL, NULL, NULL, '0', 'park_tourist', '1', NULL, NULL);
INSERT INTO `eh_launch_pad_items` (`id`, `namespace_id`, `app_id`, `scope_code`, `scope_id`, `item_location`, `item_group`, `item_name`, `item_label`, `icon_uri`, `item_width`, `item_height`, `action_type`, `action_data`, `default_order`, `apply_policy`, `min_version`, `display_flag`, `display_layout`, `bgcolor`, `tag`, `target_type`, `target_id`, `delete_flag`, `scene_type`, `scale_type`, `service_categry_id`, `selected_icon_uri`) VALUES ((@sa_id := @sa_id + 1), '999989', '0', '0', '0', '/home/Pm', 'GaPosts', 'ADVISE', '投诉建议', NULL, '1', '1', '15', '{\"contentCategory\":1006,\"actionCategory\":0,\"forumId\":180051,\"embedAppId\":27,\"entityTag\":\"PM\"}', '0', '0', '1', '1', '', '0', NULL, NULL, NULL, '0', 'park_tourist', '1', NULL, NULL);
INSERT INTO `eh_launch_pad_items` (`id`, `namespace_id`, `app_id`, `scope_code`, `scope_id`, `item_location`, `item_group`, `item_name`, `item_label`, `icon_uri`, `item_width`, `item_height`, `action_type`, `action_data`, `default_order`, `apply_policy`, `min_version`, `display_flag`, `display_layout`, `bgcolor`, `tag`, `target_type`, `target_id`, `delete_flag`, `scene_type`, `scale_type`, `service_categry_id`, `selected_icon_uri`) VALUES ((@sa_id := @sa_id + 1), '999989', '0', '0', '0', '/home/Pm', 'GaActions', 'HELP', '咨询求助', 'cs://1/image/aW1hZ2UvTVRvMFlqazJOalppWkRjME4yTXpOVEE1TlRnNFlqRTFNemMwWXpjeVlqTTNZUQ', '1', '1', '19', '{\"contentCategory\":1005,\"actionCategory\":0,\"forumId\":180051,\"targetEntityTag\":\"PM\",\"embedAppId\":27,\"visibleRegionType\":0}', '0', '0', '1', '1', '', '0', NULL, NULL, NULL, '0', 'pm_admin', '1', NULL, NULL);
INSERT INTO `eh_launch_pad_items` (`id`, `namespace_id`, `app_id`, `scope_code`, `scope_id`, `item_location`, `item_group`, `item_name`, `item_label`, `icon_uri`, `item_width`, `item_height`, `action_type`, `action_data`, `default_order`, `apply_policy`, `min_version`, `display_flag`, `display_layout`, `bgcolor`, `tag`, `target_type`, `target_id`, `delete_flag`, `scene_type`, `scale_type`, `service_categry_id`, `selected_icon_uri`) VALUES ((@sa_id := @sa_id + 1), '999989', '0', '0', '0', '/home/Pm', 'GaPosts', 'HELP', '咨询求助', NULL, '1', '1', '15', '{\"contentCategory\":1005,\"actionCategory\":0,\"forumId\":180051,\"embedAppId\":27,\"entityTag\":\"PM\"}', '0', '0', '1', '1', '', '0', NULL, NULL, NULL, '0', 'pm_admin', '1', NULL, NULL);
INSERT INTO `eh_launch_pad_items` (`id`, `namespace_id`, `app_id`, `scope_code`, `scope_id`, `item_location`, `item_group`, `item_name`, `item_label`, `icon_uri`, `item_width`, `item_height`, `action_type`, `action_data`, `default_order`, `apply_policy`, `min_version`, `display_flag`, `display_layout`, `bgcolor`, `tag`, `target_type`, `target_id`, `delete_flag`, `scene_type`, `scale_type`, `service_categry_id`, `selected_icon_uri`) VALUES ((@sa_id := @sa_id + 1), '999989', '0', '0', '0', '/home/Pm', 'GaActions', 'HELP', '咨询求助', 'cs://1/image/aW1hZ2UvTVRvMFlqazJOalppWkRjME4yTXpOVEE1TlRnNFlqRTFNemMwWXpjeVlqTTNZUQ', '1', '1', '19', '{\"contentCategory\":1005,\"actionCategory\":0,\"forumId\":180051,\"targetEntityTag\":\"PM\",\"embedAppId\":27,\"visibleRegionType\":0}', '0', '0', '1', '1', '', '0', NULL, NULL, NULL, '0', 'park_tourist', '1', NULL, NULL);
INSERT INTO `eh_launch_pad_items` (`id`, `namespace_id`, `app_id`, `scope_code`, `scope_id`, `item_location`, `item_group`, `item_name`, `item_label`, `icon_uri`, `item_width`, `item_height`, `action_type`, `action_data`, `default_order`, `apply_policy`, `min_version`, `display_flag`, `display_layout`, `bgcolor`, `tag`, `target_type`, `target_id`, `delete_flag`, `scene_type`, `scale_type`, `service_categry_id`, `selected_icon_uri`) VALUES ((@sa_id := @sa_id + 1), '999989', '0', '0', '0', '/home/Pm', 'GaPosts', 'HELP', '咨询求助', NULL, '1', '1', '15', '{\"contentCategory\":1005,\"actionCategory\":0,\"forumId\":180051,\"embedAppId\":27,\"entityTag\":\"PM\"}', '0', '0', '1', '1', '', '0', NULL, NULL, NULL, '0', 'park_tourist', '1', NULL, NULL);
INSERT INTO `eh_launch_pad_items` (`id`, `namespace_id`, `app_id`, `scope_code`, `scope_id`, `item_location`, `item_group`, `item_name`, `item_label`, `icon_uri`, `item_width`, `item_height`, `action_type`, `action_data`, `default_order`, `apply_policy`, `min_version`, `display_flag`, `display_layout`, `bgcolor`, `tag`, `target_type`, `target_id`, `delete_flag`, `scene_type`, `scale_type`, `service_categry_id`, `selected_icon_uri`) VALUES ((@sa_id := @sa_id + 1), '999989', '0', '0', '0', '/home/Pm', 'GaActions', 'PAYMENT', '缴费', 'cs://1/image/aW1hZ2UvTVRvM1lqZGpObUUyTlRSaE5tUmxOamhsT1RJNVpEQTBaR0ZpTlRrMU16VTNaUQ', '1', '1', '2', '{\"itemLocation\":\"/home/Pm/Payment\",\"layoutName\":\"PaymentLayout\",\"title\":\"缴费\"}', '0', '0', '1', '1', '', '0', NULL, NULL, NULL, '0', 'pm_admin', '1', NULL, NULL);
INSERT INTO `eh_launch_pad_items` (`id`, `namespace_id`, `app_id`, `scope_code`, `scope_id`, `item_location`, `item_group`, `item_name`, `item_label`, `icon_uri`, `item_width`, `item_height`, `action_type`, `action_data`, `default_order`, `apply_policy`, `min_version`, `display_flag`, `display_layout`, `bgcolor`, `tag`, `target_type`, `target_id`, `delete_flag`, `scene_type`, `scale_type`, `service_categry_id`, `selected_icon_uri`) VALUES ((@sa_id := @sa_id + 1), '999989', '0', '0', '0', '/home/Pm', 'GaActions', 'PAYMENT', '缴费', 'cs://1/image/aW1hZ2UvTVRvM1lqZGpObUUyTlRSaE5tUmxOamhsT1RJNVpEQTBaR0ZpTlRrMU16VTNaUQ', '1', '1', '2', '{\"itemLocation\":\"/home/Pm/Payment\",\"layoutName\":\"PaymentLayout\",\"title\":\"缴费\"}', '0', '0', '1', '1', '', '0', NULL, NULL, NULL, '0', 'park_tourist', '1', NULL, NULL);
INSERT INTO `eh_launch_pad_items` (`id`, `namespace_id`, `app_id`, `scope_code`, `scope_id`, `item_location`, `item_group`, `item_name`, `item_label`, `icon_uri`, `item_width`, `item_height`, `action_type`, `action_data`, `default_order`, `apply_policy`, `min_version`, `display_flag`, `display_layout`, `bgcolor`, `tag`, `target_type`, `target_id`, `delete_flag`, `scene_type`, `scale_type`, `service_categry_id`, `selected_icon_uri`) VALUES ((@sa_id := @sa_id + 1), '999989', '0', '0', '0', '/home/Pm', 'GaActions', 'REPAIR', '报修', 'cs://1/image/aW1hZ2UvTVRwaFpqUmxNRGd6WkRJME1URmtNMlJtWm1Sak1USmtNamN6WTJJelltSTJZUQ', '1', '1', '19', '{\"contentCategory\":1004,\"actionCategory\":0,\"forumId\":180051,\"targetEntityTag\":\"PM\",\"embedAppId\":27,\"visibleRegionType\":0}', '0', '0', '1', '1', '', '0', NULL, NULL, NULL, '0', 'pm_admin', '1', NULL, NULL);
INSERT INTO `eh_launch_pad_items` (`id`, `namespace_id`, `app_id`, `scope_code`, `scope_id`, `item_location`, `item_group`, `item_name`, `item_label`, `icon_uri`, `item_width`, `item_height`, `action_type`, `action_data`, `default_order`, `apply_policy`, `min_version`, `display_flag`, `display_layout`, `bgcolor`, `tag`, `target_type`, `target_id`, `delete_flag`, `scene_type`, `scale_type`, `service_categry_id`, `selected_icon_uri`) VALUES ((@sa_id := @sa_id + 1), '999989', '0', '0', '0', '/home/Pm', 'GaPosts', 'REPAIR', '报修', NULL, '1', '1', '15', '{\"contentCategory\":1004,\"actionCategory\":0,\"forumId\":180051,\"embedAppId\":27,\"entityTag\":\"PM\"}', '0', '0', '1', '1', '', '0', NULL, NULL, NULL, '0', 'pm_admin', '1', NULL, NULL);
INSERT INTO `eh_launch_pad_items` (`id`, `namespace_id`, `app_id`, `scope_code`, `scope_id`, `item_location`, `item_group`, `item_name`, `item_label`, `icon_uri`, `item_width`, `item_height`, `action_type`, `action_data`, `default_order`, `apply_policy`, `min_version`, `display_flag`, `display_layout`, `bgcolor`, `tag`, `target_type`, `target_id`, `delete_flag`, `scene_type`, `scale_type`, `service_categry_id`, `selected_icon_uri`) VALUES ((@sa_id := @sa_id + 1), '999989', '0', '0', '0', '/home/Pm', 'GaActions', 'REPAIR', '报修', 'cs://1/image/aW1hZ2UvTVRwaFpqUmxNRGd6WkRJME1URmtNMlJtWm1Sak1USmtNamN6WTJJelltSTJZUQ', '1', '1', '19', '{\"contentCategory\":1004,\"actionCategory\":0,\"forumId\":180051,\"targetEntityTag\":\"PM\",\"embedAppId\":27,\"visibleRegionType\":0}', '0', '0', '1', '1', '', '0', NULL, NULL, NULL, '0', 'park_tourist', '1', NULL, NULL);
INSERT INTO `eh_launch_pad_items` (`id`, `namespace_id`, `app_id`, `scope_code`, `scope_id`, `item_location`, `item_group`, `item_name`, `item_label`, `icon_uri`, `item_width`, `item_height`, `action_type`, `action_data`, `default_order`, `apply_policy`, `min_version`, `display_flag`, `display_layout`, `bgcolor`, `tag`, `target_type`, `target_id`, `delete_flag`, `scene_type`, `scale_type`, `service_categry_id`, `selected_icon_uri`) VALUES ((@sa_id := @sa_id + 1), '999989', '0', '0', '0', '/home/Pm', 'GaPosts', 'REPAIR', '报修', NULL, '1', '1', '15', '{\"contentCategory\":1004,\"actionCategory\":0,\"forumId\":180051,\"embedAppId\":27,\"entityTag\":\"PM\"}', '0', '0', '1', '1', '', '0', NULL, NULL, NULL, '0', 'park_tourist', '1', NULL, NULL);
